image_id,recipe,max_GT_patch_score,max_outside_GT_patch_score,top_1_mean,top_3_mean,top_5_mean,top_10_mean,patch_p90,patch_p95,patch_p99,top_1_percent_mean
0174183097ea8fa63bbe3153,d1,2.3243112564086914,1.6818604469299316,2.3243112564086914,2.2777469158172607,2.2483716011047363,2.1771512031555176,1.3382511138916016,1.449798345565796,2.0165507793426514,2.162656307220459
0333ff525de4a8a11f200628,d1,2.8191542625427246,2.537163496017456,2.8191542625427246,2.741832733154297,2.6380672454833984,2.4845569133758545,1.3199630975723267,1.4660969972610474,2.1226322650909424,2.453099012374878
0cfaf8dea93dc0646a1d60dd,d1,1.8827722072601318,1.7312268018722534,1.8827722072601318,1.870766282081604,1.8495490550994873,1.7512985467910767,1.2842367887496948,1.3380460739135742,1.5621998310089111,1.7343026399612427
156203b86fd0a31b58234f24,d1,1.5225231647491455,1.4842116832733154,1.5225231647491455,1.5042997598648071,1.4794642925262451,1.4438539743423462,1.2826000452041626,1.3199642896652222,1.388856291770935,1.4389716386795044
19c7eaaf7a7c2b71d5da1dc8,d1,1.4896454811096191,1.5352749824523926,1.5352749824523926,1.5102921724319458,1.4978392124176025,1.4767926931381226,1.3181285858154297,1.364812970161438,1.4464285373687744,1.4740508794784546
2744e38a1b628fcbf2067bd4,d1,2.015409469604492,1.8865013122558594,2.015409469604492,1.9673093557357788,1.9236046075820923,1.8556537628173828,1.3112865686416626,1.3797385692596436,1.7257426977157593,1.844208836555481
31656a11b9780d9f8a2fa83f,d1,2.0933644771575928,1.677417278289795,2.0933644771575928,2.055832624435425,2.0268397331237793,1.9522182941436768,1.4021947383880615,1.4840960502624512,1.7312885522842407,1.9322001934051514
454fde2976c690adb252f174,d1,1.4292091131210327,1.7183071374893188,1.7183071374893188,1.6899162530899048,1.6659616231918335,1.618586778640747,1.3420928716659546,1.401422142982483,1.5395280122756958,1.611464262008667
596996fa0816db1d904389d5,d1,2.2558209896087646,2.1100127696990967,2.2558209896087646,2.22424054145813,2.1941781044006348,2.1101279258728027,1.3117715120315552,1.3953763246536255,1.9174505472183228,2.093946695327759
5b26e8174612cbac5bf361c6,d1,1.6517398357391357,1.4974501132965088,1.6517398357391357,1.6211344003677368,1.5887234210968018,1.5331703424453735,1.2969874143600464,1.3327827453613281,1.4630740880966187,1.5269145965576172
68b9e3462b7bb3850fb406a7,d1,1.4964488744735718,1.4439517259597778,1.4964488744735718,1.4628100395202637,1.4481991529464722,1.4220385551452637,1.2723499536514282,1.314347267150879,1.388444423675537,1.4189894199371338
696b15fa7935c77bc6332efd,d1,1.540749192237854,1.6241285800933838,1.6241285800933838,1.5931776762008667,1.569665551185608,1.5224955081939697,1.3007749319076538,1.3516578674316406,1.4263765811920166,1.5138144493103027
733208e2c25e1af5454d93f2,d1,1.3704044818878174,1.4153515100479126,1.4153515100479126,1.4046926498413086,1.396996259689331,1.3802852630615234,1.2519025802612305,1.2876718044281006,1.3493008613586426,1.3775780200958252
7b21e295e4c564254de297cd,d1,1.6019558906555176,1.522675633430481,1.6019558906555176,1.5464462041854858,1.5226227045059204,1.4932653903961182,1.3022338151931763,1.343218445777893,1.4285814762115479,1.4876445531845093
846cfdd3fbe431251239629c,d1,2.5636558532714844,1.9454185962677002,2.5636558532714844,2.546276330947876,2.4979217052459717,2.3909518718719482,1.5091785192489624,1.7984619140625,2.2084357738494873,2.3743889331817627
86317f47cc684a4a33717793,d1,1.257200837135315,1.5484927892684937,1.5484927892684937,1.513944149017334,1.4984514713287354,1.4766703844070435,1.316954493522644,1.3611834049224854,1.4300929307937622,1.4725539684295654
8a393ef07e4999ab89669d93,d1,1.490553855895996,1.6091670989990234,1.6091670989990234,1.545644760131836,1.5234715938568115,1.4986015558242798,1.3260856866836548,1.3836805820465088,1.4655557870864868,1.4956153631210327
904d32fddf6e1ee052a5e000,d1,1.6548665761947632,1.5061362981796265,1.6548665761947632,1.6126335859298706,1.5862390995025635,1.5424268245697021,1.292211651802063,1.340018391609192,1.4637882709503174,1.5354866981506348
989748a316d5781c15aa24a6,d1,1.4594602584838867,1.6921627521514893,1.6921627521514893,1.659493327140808,1.632555603981018,1.5991865396499634,1.3519364595413208,1.4056328535079956,1.5370402336120605,1.5937343835830688
a7e7261362d3ab9b5fa975d0,d1,1.487587571144104,1.5530529022216797,1.5530529022216797,1.5216420888900757,1.50730299949646,1.480600118637085,1.312276005744934,1.3511524200439453,1.4365684986114502,1.4766806364059448
ab48d54a454beacaf51a6fff,d1,1.6837637424468994,1.6723557710647583,1.6837637424468994,1.6754316091537476,1.6514227390289307,1.5979713201522827,1.3372541666030884,1.3902686834335327,1.527428388595581,1.5916026830673218
b55803eaf5bb3067295b2cf5,d1,1.7874116897583008,1.572674036026001,1.7874116897583008,1.6900094747543335,1.6491237878799438,1.586066484451294,1.3213329315185547,1.3732048273086548,1.5010545253753662,1.578437089920044
b5d4c77df9634ecb828a64ca,d1,1.5798511505126953,2.114386558532715,2.114386558532715,1.9989203214645386,1.9113878011703491,1.8228721618652344,1.337127685546875,1.4239226579666138,1.6846376657485962,1.8103852272033691
bf35ab64688b9cebf87efb76,d1,1.456279993057251,1.503604769706726,1.503604769706726,1.4887021780014038,1.4758886098861694,1.4588565826416016,1.2866036891937256,1.335253357887268,1.4112669229507446,1.454545497894287
bfebbd19caf4dad38fd66eab,d1,1.4495092630386353,1.5801284313201904,1.5801284313201904,1.5177680253982544,1.502826452255249,1.475772738456726,1.3050024509429932,1.3500189781188965,1.4283678531646729,1.4714863300323486
c4de673e229af6580007c4be,d1,1.711202621459961,1.7499278783798218,1.7499278783798218,1.7300100326538086,1.7093254327774048,1.6541446447372437,1.3157408237457275,1.3761765956878662,1.51923406124115,1.641899585723877
cdafe117a8af8b75d42e22e2,d1,1.4881761074066162,1.4962741136550903,1.4962741136550903,1.486098289489746,1.475185751914978,1.447832465171814,1.3144328594207764,1.3512781858444214,1.396798014640808,1.4432121515274048
d086b78f683af0d19bb68594,d1,1.2522389888763428,1.5809197425842285,1.5809197425842285,1.5149435997009277,1.4904038906097412,1.4596689939498901,1.2859928607940674,1.3257544040679932,1.4016761779785156,1.454416036605835
e29dae89a422801349d5d030,d1,1.706817865371704,1.7156702280044556,1.7156702280044556,1.7062469720840454,1.6620594263076782,1.6063814163208008,1.3120540380477905,1.3619394302368164,1.516099452972412,1.5985145568847656
e5628e506633f6123990ae36,d1,2.5995469093322754,2.175766944885254,2.5995469093322754,2.4796125888824463,2.3772716522216797,2.237009286880493,1.3236407041549683,1.3884694576263428,1.9738659858703613,2.213683605194092
e5628f4b63d7b4897d073d44,d1,1.5042592287063599,1.4946645498275757,1.5042592287063599,1.4977489709854126,1.4928038120269775,1.4711391925811768,1.2876019477844238,1.3331283330917358,1.4379373788833618,1.468131184577942
e68d2653f5376170791a8674,d1,1.4713624715805054,1.608853816986084,1.608853816986084,1.5863714218139648,1.554915189743042,1.510815978050232,1.300646424293518,1.3388056755065918,1.4548091888427734,1.5060213804244995
ead24842cb7981c9674e9d4e,d1,1.4461615085601807,1.5452675819396973,1.5452675819396973,1.5230785608291626,1.50848388671875,1.4821953773498535,1.3224927186965942,1.369887113571167,1.4356904029846191,1.4781181812286377
f210dd5f4d74b3edf87a8edc,d1,1.5661263465881348,1.5606424808502197,1.5661263465881348,1.5628570318222046,1.5503839254379272,1.5058144330978394,1.288352370262146,1.3211162090301514,1.4363552331924438,1.4995086193084717
f29f971c989e3457da844b2b,d1,1.5672743320465088,1.8083481788635254,1.8083481788635254,1.7780622243881226,1.7349236011505127,1.6616971492767334,1.2842278480529785,1.3452785015106201,1.5580631494522095,1.6523246765136719
fea34ce33cdd25b0ede4efe4,d1,1.8522746562957764,1.8336676359176636,1.8522746562957764,1.815138339996338,1.7652794122695923,1.6625864505767822,1.2926955223083496,1.3322083950042725,1.5147299766540527,1.6493449211120605
0174183097ea8fa63bbe3153,d2,3.0314815044403076,2.076789140701294,3.0314815044403076,2.970808744430542,2.918206214904785,2.8358047008514404,1.654949426651001,1.7393341064453125,2.379591464996338,2.600895404815674
0333ff525de4a8a11f200628,d2,3.2378733158111572,2.857649803161621,3.2378733158111572,3.1409332752227783,3.09269118309021,2.979625701904297,1.6304347515106201,1.6864829063415527,2.139737129211426,2.5646281242370605
0cfaf8dea93dc0646a1d60dd,d2,2.7032439708709717,2.320798635482788,2.7032439708709717,2.6522672176361084,2.6157913208007812,2.523653268814087,1.6076576709747314,1.672527551651001,1.8505972623825073,2.18027663230896
156203b86fd0a31b58234f24,d2,1.9285587072372437,1.9138871431350708,1.9285587072372437,1.91502046585083,1.895390272140503,1.8699108362197876,1.60435152053833,1.6704460382461548,1.7599639892578125,1.810733675956726
19c7eaaf7a7c2b71d5da1dc8,d2,2.015836715698242,1.970293402671814,2.015836715698242,1.9846991300582886,1.972861647605896,1.9378814697265625,1.628436803817749,1.6702632904052734,1.790141224861145,1.8617839813232422
2744e38a1b628fcbf2067bd4,d2,2.233750820159912,2.2414488792419434,2.2414488792419434,2.2349307537078857,2.2220242023468018,2.1791343688964844,1.6208388805389404,1.6744247674942017,1.818751335144043,1.9759714603424072
31656a11b9780d9f8a2fa83f,d2,2.624722480773926,2.1693131923675537,2.624722480773926,2.5771117210388184,2.5373291969299316,2.479895830154419,1.708860993385315,1.7911052703857422,2.152127981185913,2.324925422668457
454fde2976c690adb252f174,d2,2.157647132873535,2.3255727291107178,2.3255727291107178,2.2490289211273193,2.2098164558410645,2.1626696586608887,1.6633440256118774,1.728205919265747,1.8860454559326172,2.014362335205078
596996fa0816db1d904389d5,d2,3.3815691471099854,3.1035828590393066,3.3815691471099854,3.2235615253448486,3.141594171524048,2.927908182144165,1.6402549743652344,1.7094268798828125,2.0398643016815186,2.373872995376587
5b26e8174612cbac5bf361c6,d2,2.467670440673828,2.095184326171875,2.467670440673828,2.412264585494995,2.3705811500549316,2.2487075328826904,1.6202893257141113,1.669623851776123,1.7969143390655518,1.9736305475234985
68b9e3462b7bb3850fb406a7,d2,2.2541635036468506,1.9012181758880615,2.2541635036468506,2.177112579345703,2.1363863945007324,2.0630993843078613,1.6050922870635986,1.6721515655517578,1.7709330320358276,1.8764923810958862
696b15fa7935c77bc6332efd,d2,2.146731376647949,1.9795252084732056,2.146731376647949,2.058542013168335,2.035748243331909,2.0052642822265625,1.6339619159698486,1.6826775074005127,1.8184733390808105,1.8938519954681396
733208e2c25e1af5454d93f2,d2,1.813978672027588,1.890070915222168,1.890070915222168,1.8867295980453491,1.8801122903823853,1.859417200088501,1.6050758361816406,1.6579277515411377,1.7362927198410034,1.7859582901000977
7b21e295e4c564254de297cd,d2,2.379352331161499,2.0803558826446533,2.379352331161499,2.3495442867279053,2.3046793937683105,2.2094130516052246,1.6258597373962402,1.6712238788604736,1.8093639612197876,1.9571878910064697
846cfdd3fbe431251239629c,d2,3.127152919769287,2.3723487854003906,3.127152919769287,2.9777963161468506,2.922924041748047,2.8405039310455322,1.7204406261444092,2.0635502338409424,2.4846343994140625,2.6285507678985596
86317f47cc684a4a33717793,d2,1.9188321828842163,1.8783007860183716,1.9188321828842163,1.908657431602478,1.8961191177368164,1.8690141439437866,1.6239197254180908,1.6735142469406128,1.7635993957519531,1.8099236488342285
8a393ef07e4999ab89669d93,d2,2.2154061794281006,2.1437766551971436,2.2154061794281006,2.1894819736480713,2.168370008468628,2.114910840988159,1.6529650688171387,1.717774748802185,1.9103392362594604,2.005500555038452
904d32fddf6e1ee052a5e000,d2,2.600764036178589,2.1747820377349854,2.600764036178589,2.5347166061401367,2.5009963512420654,2.428281545639038,1.6358883380889893,1.6810160875320435,1.825994849205017,2.0566155910491943
989748a316d5781c15aa24a6,d2,2.001406192779541,1.9919390678405762,2.001406192779541,1.9963674545288086,1.9918724298477173,1.977603554725647,1.6632728576660156,1.7078957557678223,1.829163670539856,1.8877989053726196
a7e7261362d3ab9b5fa975d0,d2,1.916840672492981,1.9212415218353271,1.9212415218353271,1.9101568460464478,1.897802710533142,1.8773117065429688,1.6268537044525146,1.6787338256835938,1.7683429718017578,1.8226238489151
ab48d54a454beacaf51a6fff,d2,2.2488973140716553,2.146730422973633,2.2488973140716553,2.2348825931549072,2.2176718711853027,2.1802313327789307,1.6471843719482422,1.6977849006652832,1.862592339515686,1.9991528987884521
b55803eaf5bb3067295b2cf5,d2,2.3077950477600098,1.9993747472763062,2.3077950477600098,2.2936036586761475,2.221113681793213,2.1098172664642334,1.6288024187088013,1.678442120552063,1.8022427558898926,1.9191807508468628
b5d4c77df9634ecb828a64ca,d2,2.1505184173583984,2.195472478866577,2.195472478866577,2.1699390411376953,2.1608223915100098,2.1140966415405273,1.639906644821167,1.685983419418335,1.8077046871185303,1.9381133317947388
bf35ab64688b9cebf87efb76,d2,2.1166787147521973,1.918588638305664,2.1166787147521973,2.0691704750061035,2.037320137023926,1.9676151275634766,1.6333904266357422,1.6716828346252441,1.7889366149902344,1.8652894496917725
bfebbd19caf4dad38fd66eab,d2,2.0922768115997314,2.02108097076416,2.0922768115997314,2.0462963581085205,2.0336556434631348,2.0038819313049316,1.6570093631744385,1.7037484645843506,1.8295520544052124,1.9062726497650146
c4de673e229af6580007c4be,d2,2.254640817642212,2.030670642852783,2.254640817642212,2.2305731773376465,2.192978620529175,2.1330084800720215,1.6165002584457397,1.6708146333694458,1.8226271867752075,1.9452916383743286
cdafe117a8af8b75d42e22e2,d2,2.1393322944641113,1.9826663732528687,2.1393322944641113,2.0897679328918457,2.0696985721588135,2.029564380645752,1.6425011157989502,1.6879701614379883,1.8061834573745728,1.8972458839416504
d086b78f683af0d19bb68594,d2,2.0472028255462646,1.868989109992981,2.0472028255462646,1.9944887161254883,1.9466440677642822,1.894952416419983,1.6078896522521973,1.6638646125793457,1.7593756914138794,1.81410551071167
e29dae89a422801349d5d030,d2,2.2299249172210693,2.159475564956665,2.2299249172210693,2.1821210384368896,2.1647191047668457,2.1215898990631104,1.634748935699463,1.6799836158752441,1.8375755548477173,1.9809556007385254
e5628e506633f6123990ae36,d2,2.8157927989959717,2.575777292251587,2.8157927989959717,2.776609182357788,2.7618095874786377,2.7092442512512207,1.6398398876190186,1.6969598531723022,2.056382179260254,2.415678024291992
e5628f4b63d7b4897d073d44,d2,2.1973586082458496,2.07855486869812,2.1973586082458496,2.1654469966888428,2.1283888816833496,2.0838491916656494,1.6274049282073975,1.6795519590377808,1.8427505493164062,1.955457329750061
e68d2653f5376170791a8674,d2,2.008967638015747,1.9569504261016846,2.008967638015747,1.9832321405410767,1.9459348917007446,1.9043359756469727,1.6171181201934814,1.6706101894378662,1.7491296529769897,1.815224051475525
ead24842cb7981c9674e9d4e,d2,1.9935671091079712,1.8414448499679565,1.9935671091079712,1.9700355529785156,1.951795220375061,1.913743257522583,1.6314584016799927,1.671889305114746,1.7631503343582153,1.8198497295379639
f210dd5f4d74b3edf87a8edc,d2,2.2034554481506348,2.0435984134674072,2.2034554481506348,2.1940393447875977,2.162938117980957,2.1074514389038086,1.6182026863098145,1.6647109985351562,1.7425565719604492,1.8915103673934937
f29f971c989e3457da844b2b,d2,2.2058119773864746,2.0565028190612793,2.2058119773864746,2.1551010608673096,2.111013889312744,2.038214683532715,1.5994925498962402,1.6619431972503662,1.7779966592788696,1.876289963722229
fea34ce33cdd25b0ede4efe4,d2,2.250951051712036,2.2108988761901855,2.250951051712036,2.2202847003936768,2.2086915969848633,2.171464443206787,1.6156861782073975,1.6725044250488281,1.7680778503417969,1.9364627599716187
