image_id,source_labels,pose_label,size_band,groups,mask_area,failure_category,diagnostic_notes,d1_detected,d1_score_ratio,d1_gt_max_ratio,d1_outside_gt_ratio,d1_pixel_ap,d1_top_patch_inside_gt,d2_detected,d2_score_ratio,d2_gt_max_ratio,d2_outside_gt_ratio,d2_pixel_ap,d2_top_patch_inside_gt
0174183097ea8fa63bbe3153,"[""missing""]",canonical,R4,canonical_missing_hit,1238,F5,"Descriptive flags; F3 is localization competition, not a cause of max-score misses. Union GT retains all source labels; F5 includes hits with no failure flag.",True,1.4285287456654687,1.4285287456654687,1.0336765302033737,0.87795211204367,True,True,1.4714707260191664,1.4714707260191664,1.0080663267053844,0.888382218709332,True
0333ff525de4a8a11f200628,"[""bent""]",canonical,R2,small_hit,119,F5,"Descriptive flags; F3 is localization competition, not a cause of max-score misses. Union GT retains all source labels; F5 includes hits with no failure flag.",True,1.7326607576345594,1.7326607576345594,1.5593483775121122,0.33029357007405563,True,True,1.5716526034534957,1.5716526034534957,1.3870934143611422,0.4318665830285199,True
0cfaf8dea93dc0646a1d60dd,"[""melt""]",canonical,R2,small_hit,111,F5,"Descriptive flags; F3 is localization competition, not a cause of max-score misses. Union GT retains all source labels; F5 includes hits with no failure flag.",True,1.1571575072810307,1.1571575072810307,1.0640172416332163,0.516864660596919,True,True,1.3121453528903653,1.3121453528903653,1.1265076986602451,0.5853461217320984,True
156203b86fd0a31b58234f24,"[""melt""]",canonical,R1,small_miss,77,F5,"Descriptive flags; F3 is localization competition, not a cause of max-score misses. Union GT retains all source labels; F5 includes hits with no failure flag.",False,0.9357473534531145,0.9357473534531145,0.9122010007749386,0.40964592813754414,True,False,0.9361157826469764,0.9361157826469764,0.9289942557467992,0.25181219466929444,True
19c7eaaf7a7c2b71d5da1dc8,"[""melt""]",canonical,R2,small_miss,107,F4,"Descriptive flags; F3 is localization competition, not a cause of max-score misses. Union GT retains all source labels; F5 includes hits with no failure flag.",False,0.9435846592779465,0.9155406294007915,0.9435846592779465,0.030354630349143815,False,False,0.978480228640627,0.978480228640627,0.9563736606849406,0.20595631158438255,True
2744e38a1b628fcbf2067bd4,"[""missing""]",canonical,R4,canonical_missing_hit,238,F3,"Descriptive flags; F3 is localization competition, not a cause of max-score misses. Union GT retains all source labels; F5 includes hits with no failure flag.",True,1.2386767708834674,1.2386767708834674,1.159449426518316,0.14740155257808674,True,True,1.0879915991049167,1.0842549876264092,1.0879915991049167,0.11333890390453966,False
31656a11b9780d9f8a2fa83f,"[""scratch"", ""missing""]",canonical,R4,canonical_missing_hit,585,F5,"Descriptive flags; F3 is localization competition, not a cause of max-score misses. Union GT retains all source labels; F5 includes hits with no failure flag.",True,1.2865881548907183,1.2865881548907183,1.030945745285143,0.5649607448935079,True,True,1.2740312908807607,1.2740312908807607,1.0529771840799613,0.8435448199395326,True
454fde2976c690adb252f174,"[""melt""]",canonical,R1,small_hit,92,F3,"Descriptive flags; F3 is localization competition, not a cause of max-score misses. Union GT retains all source labels; F5 includes hits with no failure flag.",True,1.0560767767301253,0.8783962543876493,1.0560767767301253,0.009382539693823867,False,True,1.12882502733485,1.047314518809432,1.12882502733485,0.10568440287032721,False
596996fa0816db1d904389d5,"[""bent"", ""melt""]",canonical,R2,small_hit,119,F5,"Descriptive flags; F3 is localization competition, not a cause of max-score misses. Union GT retains all source labels; F5 includes hits with no failure flag.",True,1.386434420022884,1.386434420022884,1.2968202459655311,0.20350756885196147,True,True,1.6414020671719796,1.6414020671719796,1.506468476275387,0.2807905831420435,True
5b26e8174612cbac5bf361c6,"[""melt""]",canonical,R2,small_hit,103,F5,"Descriptive flags; F3 is localization competition, not a cause of max-score misses. Union GT retains all source labels; F5 includes hits with no failure flag.",True,1.0151643112376796,1.0151643112376796,0.9203373800070527,0.8875988595801989,True,True,1.1977987692142469,1.1977987692142469,1.0169952866479095,0.8540001699638222,True
68b9e3462b7bb3850fb406a7,"[""melt""]",canonical,R2,small_hit,108,F5,"Descriptive flags; F3 is localization competition, not a cause of max-score misses. Union GT retains all source labels; F5 includes hits with no failure flag.",False,0.9197220155906484,0.9197220155906484,0.8874571089389905,0.31376956610637136,True,True,1.0941632341872176,1.0941632341872176,0.9228447824923643,0.8860456632211049,True
696b15fa7935c77bc6332efd,"[""melt""]",canonical,R1,small_hit,60,F5,"Descriptive flags; F3 is localization competition, not a cause of max-score misses. Union GT retains all source labels; F5 includes hits with no failure flag.",False,0.9981943497985137,0.9469491252102837,0.9981943497985137,0.11377805274726964,False,True,1.0420160481722915,1.0420160481722915,0.9608547475611574,0.8424086636377215,True
733208e2c25e1af5454d93f2,"[""missing""]",canonical,R2,canonical_missing_miss|small_miss,103,F5,"Descriptive flags; F3 is localization competition, not a cause of max-score misses. Union GT retains all source labels; F5 includes hits with no failure flag.",False,0.8698793295216738,0.8422547497319,0.8698793295216738,0.009774488092472465,False,False,0.9174339403938255,0.8804990264997598,0.9174339403938255,0.04634717627549059,False
7b21e295e4c564254de297cd,"[""melt""]",canonical,R1,small_hit,94,F5,"Descriptive flags; F3 is localization competition, not a cause of max-score misses. Union GT retains all source labels; F5 includes hits with no failure flag.",False,0.9845669476408332,0.9845669476408332,0.9358410611669592,0.7592189212786459,True,True,1.154929461737228,1.154929461737228,1.0097976110128197,0.8271856719764327,True
846cfdd3fbe431251239629c,"[""missing""]",canonical,R4,canonical_missing_hit,2375,F5,"Descriptive flags; F3 is localization competition, not a cause of max-score misses. Union GT retains all source labels; F5 includes hits with no failure flag.",True,1.5756306606071453,1.5756306606071453,1.1956601679133798,0.8430512954543684,True,True,1.5179093029219821,1.5179093029219821,1.1515299646429156,0.8557555419512997,True
86317f47cc684a4a33717793,"[""missing""]",canonical,R1,canonical_missing_miss|small_miss,52,F5,"Descriptive flags; F3 is localization competition, not a cause of max-score misses. Union GT retains all source labels; F5 includes hits with no failure flag.",False,0.9517083634244506,0.772679446425527,0.9517083634244506,0.0009686728079432718,False,False,0.9313945610823953,0.9313945610823953,0.9117207600430691,0.15118074864853456,True
8a393ef07e4999ab89669d93,"[""missing""]",canonical,R4,canonical_missing_hit,406,F5,"Descriptive flags; F3 is localization competition, not a cause of max-score misses. Union GT retains all source labels; F5 includes hits with no failure flag.",False,0.9889989781536473,0.9160989192987556,0.9889989781536473,0.036855654875382664,False,True,1.0753505619267436,1.0753505619267436,1.0405818365130637,0.31631387438716957,True
904d32fddf6e1ee052a5e000,"[""melt""]",canonical,R2,small_hit,102,F2,"Descriptive flags; F3 is localization competition, not a cause of max-score misses. Union GT retains all source labels; F5 includes hits with no failure flag.",True,1.0170860154022072,1.0170860154022072,0.9256759355733458,0.4470552400583971,True,True,1.2624019440378549,1.2624019440378549,1.0556317428663218,0.9061464767966245,True
989748a316d5781c15aa24a6,"[""melt""]",canonical,R1,small_miss,36,F4,"Descriptive flags; F3 is localization competition, not a cause of max-score misses. Union GT retains all source labels; F5 includes hits with no failure flag.",True,1.0400083582298636,0.8969887000512792,1.0400083582298636,0.00529938258122854,False,False,0.9714757023042746,0.9714757023042746,0.9668803923256888,0.13215935854836264,True
a7e7261362d3ab9b5fa975d0,"[""missing""]",canonical,R1,canonical_missing_miss|small_miss,69,F5,"Descriptive flags; F3 is localization competition, not a cause of max-score misses. Union GT retains all source labels; F5 includes hits with no failure flag.",False,0.9545110226720649,0.9142758316962569,0.9545110226720649,0.06846099454349971,False,False,0.932564045946619,0.9304278887682236,0.932564045946619,0.20870860692761947,False
ab48d54a454beacaf51a6fff,"[""melt""]",canonical,R2,small_hit,111,F5,"Descriptive flags; F3 is localization competition, not a cause of max-score misses. Union GT retains all source labels; F5 includes hits with no failure flag.",True,1.034846301399029,1.034846301399029,1.0278349275977863,0.22318968520396515,True,True,1.091607043827416,1.091607043827416,1.042015585262049,0.8554762252392599,True
b55803eaf5bb3067295b2cf5,"[""melt""]",canonical,R1,small_hit,87,F5,"Descriptive flags; F3 is localization competition, not a cause of max-score misses. Union GT retains all source labels; F5 includes hits with no failure flag.",True,1.0985486440845484,1.0985486440845484,0.9665702310008709,0.6043885712296269,True,True,1.1201958017744276,1.1201958017744276,0.9704896456236929,0.6670189501497529,True
b5d4c77df9634ecb828a64ca,"[""melt""]",canonical,R2,small_hit,122,F3,"Descriptive flags; F3 is localization competition, not a cause of max-score misses. Union GT retains all source labels; F5 includes hits with no failure flag.",True,1.2995083898443112,0.9709813073259137,1.2995083898443112,0.03468210946475188,False,True,1.065674812035296,1.0438542647457743,1.065674812035296,0.29446644318585646,False
bf35ab64688b9cebf87efb76,"[""melt""]",canonical,R2,small_hit,117,F5,"Descriptive flags; F3 is localization competition, not a cause of max-score misses. Union GT retains all source labels; F5 includes hits with no failure flag.",False,0.9241200504981272,0.8950340992772784,0.9241200504981272,0.03087802552193931,False,True,1.0274285891514208,1.0274285891514208,0.9312763453791837,0.7795489919240864,True
bfebbd19caf4dad38fd66eab,"[""missing""]",reversed_180,R1,small_hit|marginal_reversed_rescue,50,F5,"Descriptive flags; F3 is localization competition, not a cause of max-score misses. Union GT retains all source labels; F5 includes hits with no failure flag.",False,0.9711517249509354,0.8908727880785032,0.9711517249509354,0.025757215191295157,False,True,1.015583989045692,1.015583989045692,0.9810257720648482,0.31407896384944073,True
c4de673e229af6580007c4be,"[""melt""]",canonical,R1,small_hit,97,F5,"Descriptive flags; F3 is localization competition, not a cause of max-score misses. Union GT retains all source labels; F5 includes hits with no failure flag.",True,1.075510979957759,1.0517103196370852,1.075510979957759,0.20549654602587636,False,True,1.0943949207636539,1.0943949207636539,0.9856805660096118,0.8979758476696348,True
cdafe117a8af8b75d42e22e2,"[""melt""]",canonical,R2,small_hit,127,F5,"Descriptive flags; F3 is localization competition, not a cause of max-score misses. Union GT retains all source labels; F5 includes hits with no failure flag.",False,0.9196146070617225,0.9146375478676806,0.9196146070617225,0.12144348419495954,False,True,1.0384245590548484,1.0384245590548484,0.9623794581728192,0.6033049670358561,True
d086b78f683af0d19bb68594,"[""missing""]",canonical,R1,canonical_missing_miss|small_miss,53,F2|F4,"Descriptive flags; F3 is localization competition, not a cause of max-score misses. Union GT retains all source labels; F5 includes hits with no failure flag.",False,0.9716380672531251,0.7696298794408866,0.9716380672531251,0.0020728761058001243,False,False,0.9937052307931596,0.9937052307931596,0.907200904434032,0.4817877948531487,True
e29dae89a422801349d5d030,"[""melt""]",canonical,R1,small_hit,56,F5,"Descriptive flags; F3 is localization competition, not a cause of max-score misses. Union GT retains all source labels; F5 includes hits with no failure flag.",True,1.0544561241654318,1.049015435250351,1.0544561241654318,0.219735226572761,False,True,1.0823979074605392,1.0823979074605392,1.0482020334721138,0.3180654908406676,True
e5628e506633f6123990ae36,"[""melt""]",canonical,R2,small_hit,119,F5,"Descriptive flags; F3 is localization competition, not a cause of max-score misses. Union GT retains all source labels; F5 includes hits with no failure flag.",True,1.5976894124863368,1.5976894124863368,1.3372329614062692,0.4006249871501242,True,True,1.3667761680845607,1.3667761680845607,1.2502734642258335,0.6371103564308558,True
e5628f4b63d7b4897d073d44,"[""bent"", ""melt""]",canonical,R2,small_hit,108,F5,"Descriptive flags; F3 is localization competition, not a cause of max-score misses. Union GT retains all source labels; F5 includes hits with no failure flag.",False,0.9245222829836682,0.9245222829836682,0.9186253642530202,0.28899171372131766,True,True,1.066590332767657,1.066590332767657,1.0089234050196134,0.26317655910352283,True
e68d2653f5376170791a8674,"[""missing""]",canonical,R2,canonical_missing_miss|small_miss,113,F4,"Descriptive flags; F3 is localization competition, not a cause of max-score misses. Union GT retains all source labels; F5 includes hits with no failure flag.",False,0.9888064340786015,0.9043038363088158,0.9888064340786015,0.026805333984222,False,False,0.9751460018905255,0.9751460018905255,0.949897025616527,0.15584284107501742,True
ead24842cb7981c9674e9d4e,"[""missing""]",canonical,R3,canonical_missing_miss,150,F4,"Descriptive flags; F3 is localization competition, not a cause of max-score misses. Union GT retains all source labels; F5 includes hits with no failure flag.",False,0.9497261412211149,0.8888152480254158,0.9497261412211149,0.02635961517967492,False,False,0.9676706379736382,0.9676706379736382,0.8938310150788382,0.2981981732060079,True
f210dd5f4d74b3edf87a8edc,"[""melt""]",canonical,R1,small_hit,90,F5,"Descriptive flags; F3 is localization competition, not a cause of max-score misses. Union GT retains all source labels; F5 includes hits with no failure flag.",False,0.9625460012192992,0.9625460012192992,0.9591756007093066,0.1746836066578063,True,True,1.0695497179487892,1.0695497179487892,0.9919556615311405,0.501196231827516,True
f29f971c989e3457da844b2b,"[""missing""]",canonical,R4,canonical_missing_hit,262,F5,"Descriptive flags; F3 is localization competition, not a cause of max-score misses. Union GT retains all source labels; F5 includes hits with no failure flag.",True,1.1114162737695403,0.9632515565627894,1.1114162737695403,0.07467730323029653,False,True,1.0706935691583273,1.0706935691583273,0.9982194157517246,0.13282451040839313,True
fea34ce33cdd25b0ede4efe4,"[""bent""]",canonical,R1,small_hit,81,F5,"Descriptive flags; F3 is localization competition, not a cause of max-score misses. Union GT retains all source labels; F5 includes hits with no failure flag.",True,1.138413619987599,1.138413619987599,1.1269776888454044,0.10453364602550923,True,True,1.0926039210349192,1.0926039210349192,1.0731627323925146,0.3665154852867571,True
