image_id,recipe,first_gt_patch_rank,top_5_gt_fraction,top_10_gt_fraction,top_20_gt_fraction,GT_overlap_patch_count,native_patch_count
0174183097ea8fa63bbe3153,d1,1,1.0,1.0,1.0,43,1024
0333ff525de4a8a11f200628,d1,1,0.6,0.6,0.35,9,1024
0cfaf8dea93dc0646a1d60dd,d1,1,1.0,0.5,0.4,10,1024
156203b86fd0a31b58234f24,d1,1,0.4,0.3,0.2,6,1024
19c7eaaf7a7c2b71d5da1dc8,d1,3,0.2,0.1,0.1,8,1024
2744e38a1b628fcbf2067bd4,d1,1,0.6,0.4,0.35,12,1024
31656a11b9780d9f8a2fa83f,d1,1,1.0,1.0,0.75,30,1024
454fde2976c690adb252f174,d1,33,0.0,0.0,0.0,6,1024
596996fa0816db1d904389d5,d1,1,1.0,0.6,0.35,10,1024
5b26e8174612cbac5bf361c6,d1,1,0.8,0.5,0.3,6,1024
68b9e3462b7bb3850fb406a7,d1,1,0.4,0.3,0.15,5,1024
696b15fa7935c77bc6332efd,d1,4,0.4,0.2,0.15,5,1024
733208e2c25e1af5454d93f2,d1,7,0.0,0.1,0.05,7,1024
7b21e295e4c564254de297cd,d1,1,0.6,0.5,0.3,7,1024
846cfdd3fbe431251239629c,d1,1,1.0,1.0,1.0,72,1024
86317f47cc684a4a33717793,d1,226,0.0,0.0,0.0,3,1024
8a393ef07e4999ab89669d93,d1,4,0.2,0.1,0.1,32,1024
904d32fddf6e1ee052a5e000,d1,1,1.0,0.6,0.3,7,1024
989748a316d5781c15aa24a6,d1,26,0.0,0.0,0.0,4,1024
a7e7261362d3ab9b5fa975d0,d1,4,0.2,0.1,0.05,4,1024
ab48d54a454beacaf51a6fff,d1,1,0.4,0.4,0.3,7,1024
b55803eaf5bb3067295b2cf5,d1,1,0.8,0.4,0.25,5,1024
b5d4c77df9634ecb828a64ca,d1,17,0.0,0.0,0.1,8,1024
bf35ab64688b9cebf87efb76,d1,5,0.2,0.1,0.15,6,1024
bfebbd19caf4dad38fd66eab,d1,8,0.0,0.1,0.1,6,1024
c4de673e229af6580007c4be,d1,3,0.6,0.6,0.3,6,1024
cdafe117a8af8b75d42e22e2,d1,2,0.4,0.2,0.15,8,1024
d086b78f683af0d19bb68594,d1,182,0.0,0.0,0.0,2,1024
e29dae89a422801349d5d030,d1,2,0.6,0.4,0.2,4,1024
e5628e506633f6123990ae36,d1,1,1.0,0.6,0.35,7,1024
e5628f4b63d7b4897d073d44,d1,1,0.6,0.4,0.2,8,1024
e68d2653f5376170791a8674,d1,6,0.0,0.2,0.2,12,1024
ead24842cb7981c9674e9d4e,d1,9,0.0,0.1,0.15,12,1024
f210dd5f4d74b3edf87a8edc,d1,1,0.6,0.4,0.3,6,1024
f29f971c989e3457da844b2b,d1,9,0.0,0.1,0.05,10,1024
fea34ce33cdd25b0ede4efe4,d1,1,0.6,0.4,0.25,7,1024
0174183097ea8fa63bbe3153,d2,1,1.0,1.0,1.0,131,4096
0333ff525de4a8a11f200628,d2,1,1.0,0.8,0.7,24,4096
0cfaf8dea93dc0646a1d60dd,d2,1,1.0,1.0,0.75,29,4096
156203b86fd0a31b58234f24,d2,1,0.2,0.2,0.2,10,4096
19c7eaaf7a7c2b71d5da1dc8,d2,1,0.6,0.4,0.45,21,4096
2744e38a1b628fcbf2067bd4,d2,2,0.6,0.7,0.6,40,4096
31656a11b9780d9f8a2fa83f,d2,1,1.0,1.0,1.0,75,4096
454fde2976c690adb252f174,d2,4,0.2,0.1,0.1,14,4096
596996fa0816db1d904389d5,d2,1,0.8,0.7,0.55,23,4096
5b26e8174612cbac5bf361c6,d2,1,1.0,0.9,0.65,15,4096
68b9e3462b7bb3850fb406a7,d2,1,1.0,1.0,0.65,17,4096
696b15fa7935c77bc6332efd,d2,1,1.0,0.7,0.4,10,4096
733208e2c25e1af5454d93f2,d2,12,0.0,0.0,0.1,17,4096
7b21e295e4c564254de297cd,d2,1,1.0,0.9,0.65,13,4096
846cfdd3fbe431251239629c,d2,1,1.0,1.0,1.0,251,4096
86317f47cc684a4a33717793,d2,1,0.8,0.5,0.25,9,4096
8a393ef07e4999ab89669d93,d2,1,0.6,0.6,0.75,74,4096
904d32fddf6e1ee052a5e000,d2,1,1.0,1.0,0.6,16,4096
989748a316d5781c15aa24a6,d2,1,0.4,0.2,0.1,8,4096
a7e7261362d3ab9b5fa975d0,d2,2,0.2,0.4,0.25,14,4096
ab48d54a454beacaf51a6fff,d2,1,1.0,0.9,0.75,18,4096
b55803eaf5bb3067295b2cf5,d2,1,1.0,0.8,0.55,16,4096
b5d4c77df9634ecb828a64ca,d2,3,0.6,0.6,0.5,23,4096
bf35ab64688b9cebf87efb76,d2,1,1.0,0.6,0.45,16,4096
bfebbd19caf4dad38fd66eab,d2,1,0.6,0.5,0.35,12,4096
c4de673e229af6580007c4be,d2,1,1.0,1.0,0.55,11,4096
cdafe117a8af8b75d42e22e2,d2,1,1.0,0.8,0.6,17,4096
d086b78f683af0d19bb68594,d2,1,0.8,0.4,0.25,11,4096
e29dae89a422801349d5d030,d2,1,0.6,0.6,0.45,10,4096
e5628e506633f6123990ae36,d2,1,1.0,0.9,0.75,21,4096
e5628f4b63d7b4897d073d44,d2,1,0.6,0.7,0.75,29,4096
e68d2653f5376170791a8674,d2,1,0.6,0.4,0.3,22,4096
ead24842cb7981c9674e9d4e,d2,1,1.0,0.8,0.45,24,4096
f210dd5f4d74b3edf87a8edc,d2,1,1.0,0.9,0.5,17,4096
f29f971c989e3457da844b2b,d2,1,0.6,0.5,0.45,31,4096
fea34ce33cdd25b0ede4efe4,d2,1,0.8,0.8,0.65,17,4096
