image_id,recipe,source_labels,pose_label,size_band,groups,mask_area,source_mask_area,image_score,image_threshold,score_minus_threshold,score_divided_by_threshold,detected,max_native_patch_score,max_GT_patch_score,max_outside_GT_patch_score,gt_max_ratio,outside_gt_ratio,GT_to_image_max_ratio,outside_to_image_max_ratio,top_score_patch_row,top_score_patch_column,top_score_patch_inside_GT,first_gt_patch_rank,GT_overlap_patch_count,native_patch_count,top_1_mean,top_3_mean,top_5_mean,top_10_mean,top_5_gt_fraction,top_10_gt_fraction,top_20_gt_fraction,patch_p90,patch_p95,patch_p99,top_1_percent_mean,common_pixel_ap,peak_inside,any_overlap,GT_max_common,outside_GT_max_common,FP_pixels,predicted_positive_pixels,GT_intersection_pixels,IoU,top_score_patch_source_x,top_score_patch_source_y,top_patch_padding_center,map_reproduction_error
0174183097ea8fa63bbe3153,d1,"[""missing""]",canonical,R4,canonical_missing_hit,1238,28290,2.3243112564086914,1.6270664930343628,0.6972447633743286,1.4285287456654687,True,2.3243112564086914,2.3243112564086914,1.6818604469299316,1.4285287456654687,1.0336765302033737,1.0,0.7235951907441972,15,4,True,1,43,1024,2.3243112564086914,2.2777469158172607,2.2483716011047363,2.1771512031555176,1.0,1.0,1.0,1.3382511138916016,1.449798345565796,2.0165507793426514,2.162656307220459,0.87795211204367,True,True,2.310121774673462,2.180650234222412,2725,3963,1238,0.31238960383547815,236.203125,526.1111111111111,False,0.0
0333ff525de4a8a11f200628,d1,"[""bent""]",canonical,R2,small_hit,119,2760,2.8191542625427246,1.6270664930343628,1.1920877695083618,1.7326607576345594,True,2.8191542625427246,2.8191542625427246,2.537163496017456,1.7326607576345594,1.5593483775121122,1.0,0.8999732755770065,8,20,True,1,9,1024,2.8191542625427246,2.741832733154297,2.6380672454833984,2.4845569133758545,0.6,0.6,0.35,1.3199630975723267,1.4660969972610474,2.1226322650909424,2.453099012374878,0.33029357007405563,False,True,2.7867307662963867,2.7905614376068115,3829,3948,119,0.030141843971631204,856.90625,276.7368421052631,False,0.0
0cfaf8dea93dc0646a1d60dd,d1,"[""melt""]",canonical,R2,small_hit,111,2633,1.8827722072601318,1.6270664930343628,0.25570571422576904,1.1571575072810307,True,1.8827722072601318,1.8827722072601318,1.7312268018722534,1.1571575072810307,1.0640172416332163,1.0,0.9195094314630807,20,13,True,1,10,1024,1.8827722072601318,1.870766282081604,1.8495490550994873,1.7512985467910767,1.0,0.5,0.4,1.2842367887496948,1.3380460739135742,1.5621998310089111,1.7343026399612427,0.516864660596919,False,True,1.8684200048446655,1.8706365823745728,1925,2031,106,0.05206286836935167,538.609375,693.984126984127,False,0.0
156203b86fd0a31b58234f24,d1,"[""melt""]",canonical,R1,small_miss,77,1790,1.5225231647491455,1.6270664930343628,-0.10454332828521729,0.9357473534531145,False,1.5225231647491455,1.5225231647491455,1.4842116832733154,0.9357473534531145,0.9122010007749386,1.0,0.9748368482248069,10,13,True,1,6,1024,1.5225231647491455,1.5042997598648071,1.4794642925262451,1.4438539743423462,0.4,0.3,0.2,1.2826000452041626,1.3199642896652222,1.388856291770935,1.4389716386795044,0.40964592813754414,True,True,1.5070973634719849,1.5035642385482788,660,737,77,0.1044776119402985,579.8125,318.76881720430106,False,0.0
19c7eaaf7a7c2b71d5da1dc8,d1,"[""melt""]",canonical,R2,small_miss,107,2550,1.5352749824523926,1.6270664930343628,-0.09179151058197021,0.9435846592779465,False,1.5352749824523926,1.4896454811096191,1.5352749824523926,0.9155406294007915,0.9435846592779465,0.9702792647152456,1.0,13,24,False,3,8,1024,1.5352749824523926,1.5102921724319458,1.4978392124176025,1.4767926931381226,0.2,0.1,0.1,1.3181285858154297,1.364812970161438,1.4464285373687744,1.4740508794784546,0.030354630349143815,False,True,1.4702081680297852,1.4982526302337646,2178,2243,65,0.028446389496717725,954.5,456.180412371134,False,0.0
2744e38a1b628fcbf2067bd4,d1,"[""missing""]",canonical,R4,canonical_missing_hit,238,5128,2.015409469604492,1.6270664930343628,0.3883429765701294,1.2386767708834674,True,2.015409469604492,2.015409469604492,1.8865013122558594,1.2386767708834674,1.159449426518316,1.0,0.9360387259796243,9,17,True,1,12,1024,2.015409469604492,1.9673093557357788,1.9236046075820923,1.8556537628173828,0.6,0.4,0.35,1.3112865686416626,1.3797385692596436,1.7257426977157593,1.844208836555481,0.14740155257808674,False,True,1.9797521829605103,1.9982829093933105,2647,2867,220,0.07625649913344887,687.5,317.2096774193549,False,0.0
31656a11b9780d9f8a2fa83f,d1,"[""scratch"", ""missing""]",canonical,R4,canonical_missing_hit,585,13575,2.0933644771575928,1.6270664930343628,0.46629798412323,1.2865881548907183,True,2.0933644771575928,2.0933644771575928,1.677417278289795,1.2865881548907183,1.030945745285143,1.0,0.8013020649740946,11,15,True,1,30,1024,2.0933644771575928,2.055832624435425,2.0268397331237793,1.9522182941436768,1.0,1.0,0.75,1.4021947383880615,1.4840960502624512,1.7312885522842407,1.9322001934051514,0.5649607448935079,True,True,2.0745766162872314,2.0699219703674316,7398,7979,581,0.07277965677063761,664.015625,393.6178010471204,False,0.0
454fde2976c690adb252f174,d1,"[""melt""]",canonical,R1,small_hit,92,2064,1.7183071374893188,1.6270664930343628,0.09124064445495605,1.0560767767301253,True,1.7183071374893188,1.4292091131210327,1.7183071374893188,0.8783962543876493,1.0560767767301253,0.8317541619534341,1.0,20,20,False,33,6,1024,1.7183071374893188,1.6899162530899048,1.6659616231918335,1.618586778640747,0.0,0.0,0.0,1.3420928716659546,1.401422142982483,1.5395280122756958,1.611464262008667,0.009382539693823867,False,True,1.4039204120635986,1.709298014640808,3777,3815,38,0.009821659343499612,864.296875,699.5052631578948,False,0.0
596996fa0816db1d904389d5,d1,"[""bent"", ""melt""]",canonical,R2,small_hit,119,2744,2.2558209896087646,1.6270664930343628,0.6287544965744019,1.386434420022884,True,2.2558209896087646,2.2558209896087646,2.1100127696990967,1.386434420022884,1.2968202459655311,1.0,0.9353635680396094,7,18,True,1,10,1024,2.2558209896087646,2.22424054145813,2.1941781044006348,2.1101279258728027,1.0,0.6,0.35,1.3117715120315552,1.3953763246536255,1.9174505472183228,2.093946695327759,0.20350756885196147,False,True,2.2426037788391113,2.245570421218872,3251,3355,104,0.03086053412462908,797.28125,241.98395721925135,False,0.0
5b26e8174612cbac5bf361c6,d1,"[""melt""]",canonical,R2,small_hit,103,2342,1.6517398357391357,1.6270664930343628,0.02467334270477295,1.0151643112376796,True,1.6517398357391357,1.6517398357391357,1.4974501132965088,1.0151643112376796,0.9203373800070527,1.0,0.9065895735489216,20,13,True,1,6,1024,1.6517398357391357,1.6211344003677368,1.5887234210968018,1.5331703424453735,0.8,0.5,0.3,1.2969874143600464,1.3327827453613281,1.4630740880966187,1.5269145965576172,0.8875988595801989,True,True,1.6395446062088013,1.610256552696228,885,988,103,0.10425101214574899,573.34375,699.404255319149,False,0.0
68b9e3462b7bb3850fb406a7,d1,"[""melt""]",canonical,R2,small_hit,108,2411,1.4964488744735718,1.6270664930343628,-0.13061761856079102,0.9197220155906484,False,1.4964488744735718,1.4964488744735718,1.4439517259597778,0.9197220155906484,0.8874571089389905,1.0,0.9649188492775861,10,13,True,1,5,1024,1.4964488744735718,1.4628100395202637,1.4481991529464722,1.4220385551452637,0.4,0.3,0.15,1.2723499536514282,1.314347267150879,1.388444423675537,1.4189894199371338,0.31376956610637136,True,True,1.4794920682907104,1.4718044996261597,606,705,99,0.13865546218487396,568.390625,341.8191489361702,False,0.0
696b15fa7935c77bc6332efd,d1,"[""melt""]",canonical,R1,small_hit,60,1411,1.6241285800933838,1.6270664930343628,-0.002937912940979004,0.9981943497985137,False,1.6241285800933838,1.540749192237854,1.6241285800933838,0.9469491252102837,0.9981943497985137,0.9486620770809072,1.0,12,23,False,4,5,1024,1.6241285800933838,1.5931776762008667,1.569665551185608,1.5224955081939697,0.4,0.2,0.15,1.3007749319076538,1.3516578674316406,1.4263765811920166,1.5138144493103027,0.11377805274726964,False,True,1.528765082359314,1.5958255529403687,1478,1538,60,0.03901170351105332,904.96875,419.5744680851064,False,0.0
733208e2c25e1af5454d93f2,d1,"[""missing""]",canonical,R2,canonical_missing_miss|small_miss,103,2328,1.4153515100479126,1.6270664930343628,-0.2117149829864502,0.8698793295216738,False,1.4153515100479126,1.3704044818878174,1.4153515100479126,0.8422547497319,0.8698793295216738,0.9682432047155737,1.0,14,24,False,7,7,1024,1.4153515100479126,1.4046926498413086,1.396996259689331,1.3802852630615234,0.0,0.1,0.05,1.2519025802612305,1.2876718044281006,1.3493008613586426,1.3775780200958252,0.009774488092472465,False,False,1.3271745443344116,1.3916529417037964,58,58,0,0.0,991.3125,464.4285714285714,False,0.0
7b21e295e4c564254de297cd,d1,"[""melt""]",canonical,R1,small_hit,94,2181,1.6019558906555176,1.6270664930343628,-0.025110602378845215,0.9845669476408332,False,1.6019558906555176,1.6019558906555176,1.522675633430481,0.9845669476408332,0.9358410611669592,1.0,0.9505103369652735,18,5,True,1,7,1024,1.6019558906555176,1.5464462041854858,1.5226227045059204,1.4932653903961182,0.6,0.5,0.3,1.3022338151931763,1.343218445777893,1.4285814762115479,1.4876445531845093,0.7592189212786459,True,True,1.5819543600082397,1.5302931070327759,1384,1478,94,0.06359945872801083,322.84375,620.0,False,0.0
846cfdd3fbe431251239629c,d1,"[""missing""]",canonical,R4,canonical_missing_hit,2375,53765,2.5636558532714844,1.6270664930343628,0.9365893602371216,1.5756306606071453,True,2.5636558532714844,2.5636558532714844,1.9454185962677002,1.5756306606071453,1.1956601679133798,1.0,0.7588454564933702,16,26,True,1,72,1024,2.5636558532714844,2.546276330947876,2.4979217052459717,2.3909518718719482,1.0,1.0,1.0,1.5091785192489624,1.7984619140625,2.2084357738494873,2.3743889331817627,0.8430512954543684,True,True,2.5487773418426514,2.4365856647491455,5628,8003,2375,0.29676371360739723,1040.359375,554.8829787234042,False,0.0
86317f47cc684a4a33717793,d1,"[""missing""]",canonical,R1,canonical_missing_miss|small_miss,52,1139,1.5484927892684937,1.6270664930343628,-0.07857370376586914,0.9517083634244506,False,1.5484927892684937,1.257200837135315,1.5484927892684937,0.772679446425527,0.9517083634244506,0.8118867881388168,1.0,11,3,False,226,3,1024,1.5484927892684937,1.513944149017334,1.4984514713287354,1.4766703844070435,0.0,0.0,0.0,1.316954493522644,1.3611834049224854,1.4300929307937622,1.4725539684295654,0.0009686728079432718,False,False,1.2242770195007324,1.5243606567382812,1423,1423,0,0.0,195.609375,365.0486486486487,False,0.0
8a393ef07e4999ab89669d93,d1,"[""missing""]",canonical,R4,canonical_missing_hit,406,9217,1.6091670989990234,1.6270664930343628,-0.017899394035339355,0.9889989781536473,False,1.6091670989990234,1.490553855895996,1.6091670989990234,0.9160989192987556,0.9889989781536473,0.9262890453223843,1.0,18,6,False,4,32,1024,1.6091670989990234,1.545644760131836,1.5234715938568115,1.4986015558242798,0.2,0.1,0.1,1.3260856866836548,1.3836805820465088,1.4655557870864868,1.4956153631210327,0.036855654875382664,False,True,1.4771220684051514,1.5734260082244873,2735,2838,103,0.03279210442534225,335.296875,633.0641711229946,False,0.0
904d32fddf6e1ee052a5e000,d1,"[""melt""]",canonical,R2,small_hit,102,2397,1.6548665761947632,1.6270664930343628,0.02780008316040039,1.0170860154022072,True,1.6548665761947632,1.6548665761947632,1.5061362981796265,1.0170860154022072,0.9256759355733458,1.0,0.9101255169724133,19,17,True,1,7,1024,1.6548665761947632,1.6126335859298706,1.5862390995025635,1.5424268245697021,1.0,0.6,0.3,1.292211651802063,1.340018391609192,1.4637882709503174,1.5354866981506348,0.4470552400583971,False,True,1.612128496170044,1.6350189447402954,1081,1176,95,0.08030431107354184,727.140625,650.8095238095239,False,0.0
989748a316d5781c15aa24a6,d1,"[""melt""]",canonical,R1,small_miss,36,817,1.6921627521514893,1.6270664930343628,0.06509625911712646,1.0400083582298636,True,1.6921627521514893,1.4594602584838867,1.6921627521514893,0.8969887000512792,1.0400083582298636,0.8624822031026658,1.0,13,29,False,26,4,1024,1.6921627521514893,1.659493327140808,1.632555603981018,1.5991865396499634,0.0,0.0,0.0,1.3519364595413208,1.4056328535079956,1.5370402336120605,1.5937343835830688,0.00529938258122854,False,True,1.405326008796692,1.645420789718628,4466,4500,34,0.007552199022656597,1218.1875,437.6276595744681,False,0.0
a7e7261362d3ab9b5fa975d0,d1,"[""missing""]",canonical,R1,canonical_missing_miss|small_miss,69,1672,1.5530529022216797,1.6270664930343628,-0.0740135908126831,0.9545110226720649,False,1.5530529022216797,1.487587571144104,1.5530529022216797,0.9142758316962569,0.9545110226720649,0.9578473270395839,1.0,14,20,False,4,4,1024,1.5530529022216797,1.5216420888900757,1.50730299949646,1.480600118637085,0.2,0.1,0.05,1.312276005744934,1.3511524200439453,1.4365684986114502,1.4766806364059448,0.06846099454349971,False,True,1.4912010431289673,1.529317855834961,1304,1343,39,0.028404952658412235,836.140625,474.03191489361706,False,0.0
ab48d54a454beacaf51a6fff,d1,"[""melt""]",canonical,R2,small_hit,111,2562,1.6837637424468994,1.6270664930343628,0.05669724941253662,1.034846301399029,True,1.6837637424468994,1.6837637424468994,1.6723557710647583,1.034846301399029,1.0278349275977863,1.0,0.993224719659563,19,22,True,1,7,1024,1.6837637424468994,1.6754316091537476,1.6514227390289307,1.5979713201522827,0.4,0.4,0.3,1.3372541666030884,1.3902686834335327,1.527428388595581,1.5916026830673218,0.22318968520396515,False,True,1.6443709135055542,1.6620591878890991,3432,3543,111,0.03132938187976291,877.015625,663.6702127659574,False,0.0
b55803eaf5bb3067295b2cf5,d1,"[""melt""]",canonical,R1,small_hit,87,2058,1.7874116897583008,1.6270664930343628,0.160345196723938,1.0985486440845484,True,1.7874116897583008,1.7874116897583008,1.572674036026001,1.0985486440845484,0.9665702310008709,1.0,0.8798611114816323,15,17,True,1,5,1024,1.7874116897583008,1.6900094747543335,1.6491237878799438,1.586066484451294,0.8,0.4,0.25,1.3213329315185547,1.3732048273086548,1.5010545253753662,1.578437089920044,0.6043885712296269,False,True,1.7453299760818481,1.755142331123352,2388,2475,87,0.03515151515151515,703.953125,525.1851851851852,False,0.0
b5d4c77df9634ecb828a64ca,d1,"[""melt""]",canonical,R2,small_hit,122,2741,2.114386558532715,1.6270664930343628,0.48732006549835205,1.2995083898443112,True,2.114386558532715,1.5798511505126953,2.114386558532715,0.9709813073259137,1.2995083898443112,0.7471912570277773,1.0,23,15,False,17,8,1024,2.114386558532715,1.9989203214645386,1.9113878011703491,1.8228721618652344,0.0,0.0,0.1,1.337127685546875,1.4239226579666138,1.6846376657485962,1.8103852272033691,0.03468210946475188,False,True,1.5677685737609863,2.069875955581665,3785,3904,119,0.030458152034809317,662.46875,793.0483870967743,False,0.0
bf35ab64688b9cebf87efb76,d1,"[""melt""]",canonical,R2,small_hit,117,2720,1.503604769706726,1.6270664930343628,-0.12346172332763672,0.9241200504981272,False,1.503604769706726,1.456279993057251,1.503604769706726,0.8950340992772784,0.9241200504981272,0.9685257870931696,1.0,12,22,False,5,6,1024,1.503604769706726,1.4887021780014038,1.4758886098861694,1.4588565826416016,0.2,0.1,0.15,1.2866036891937256,1.335253357887268,1.4112669229507446,1.454545497894287,0.03087802552193931,False,True,1.4110263586044312,1.481656551361084,1256,1299,43,0.031318281136198105,891.015625,409.51075268817203,False,0.0
bfebbd19caf4dad38fd66eab,d1,"[""missing""]",reversed_180,R1,small_hit|marginal_reversed_rescue,50,1288,1.5801284313201904,1.6270664930343628,-0.04693806171417236,0.9711517249509354,False,1.5801284313201904,1.4495092630386353,1.5801284313201904,0.8908727880785032,0.9711517249509354,0.9173363596955069,1.0,7,15,False,8,6,1024,1.5801284313201904,1.5177680253982544,1.502826452255249,1.475772738456726,0.0,0.1,0.1,1.3050024509429932,1.3500189781188965,1.4283678531646729,1.4714863300323486,0.025757215191295157,False,True,1.4464181661605835,1.54546320438385,1111,1142,31,0.026701119724375538,732.078125,839.1881720430108,False,0.0
c4de673e229af6580007c4be,d1,"[""melt""]",canonical,R1,small_hit,97,2254,1.7499278783798218,1.6270664930343628,0.12286138534545898,1.075510979957759,True,1.7499278783798218,1.711202621459961,1.7499278783798218,1.0517103196370852,1.075510979957759,0.977870369745915,1.0,11,6,False,3,6,1024,1.7499278783798218,1.7300100326538086,1.7093254327774048,1.6541446447372437,0.6,0.6,0.3,1.3157408237457275,1.3761765956878662,1.51923406124115,1.641899585723877,0.20549654602587636,False,True,1.6957831382751465,1.7390773296356201,2162,2259,97,0.04293935369632581,338.90625,386.11475409836066,False,0.0
cdafe117a8af8b75d42e22e2,d1,"[""melt""]",canonical,R2,small_hit,127,2918,1.4962741136550903,1.6270664930343628,-0.13079237937927246,0.9196146070617225,False,1.4962741136550903,1.4881761074066162,1.4962741136550903,0.9146375478676806,0.9196146070617225,0.9945878858863018,1.0,11,25,False,2,8,1024,1.4962741136550903,1.486098289489746,1.475185751914978,1.447832465171814,0.4,0.2,0.15,1.3144328594207764,1.3512781858444214,1.396798014640808,1.4432121515274048,0.12144348419495954,False,True,1.4293797016143799,1.4749200344085693,1221,1327,106,0.07863501483679525,974.484375,386.4375,False,0.0
d086b78f683af0d19bb68594,d1,"[""missing""]",canonical,R1,canonical_missing_miss|small_miss,53,1209,1.5809197425842285,1.6270664930343628,-0.04614675045013428,0.9716380672531251,False,1.5809197425842285,1.2522389888763428,1.5809197425842285,0.7696298794408866,0.9716380672531251,0.7920952311148874,1.0,21,3,False,182,2,1024,1.5809197425842285,1.5149435997009277,1.4904038906097412,1.4596689939498901,0.0,0.0,0.0,1.2859928607940674,1.3257544040679932,1.4016761779785156,1.454416036605835,0.0020728761058001243,False,False,1.3094409704208374,1.5436123609542847,972,972,0,0.0,206.28125,742.4766839378239,False,0.0
e29dae89a422801349d5d030,d1,"[""melt""]",canonical,R1,small_hit,56,1337,1.7156702280044556,1.6270664930343628,0.08860373497009277,1.0544561241654318,True,1.7156702280044556,1.706817865371704,1.7156702280044556,1.049015435250351,1.0544561241654318,0.9948402889504891,1.0,22,17,False,2,4,1024,1.7156702280044556,1.7062469720840454,1.6620594263076782,1.6063814163208008,0.6,0.4,0.2,1.3120540380477905,1.3619394302368164,1.516099452972412,1.5985145568847656,0.219735226572761,False,True,1.692124605178833,1.70113205909729,3000,3056,56,0.01832460732984293,714.953125,782.0,False,0.0
e5628e506633f6123990ae36,d1,"[""melt""]",canonical,R2,small_hit,119,2699,2.5995469093322754,1.6270664930343628,0.9724804162979126,1.5976894124863368,True,2.5995469093322754,2.5995469093322754,2.175766944885254,1.5976894124863368,1.3372329614062692,1.0,0.8369792970745528,7,14,True,1,7,1024,2.5995469093322754,2.4796125888824463,2.3772716522216797,2.237009286880493,1.0,0.6,0.35,1.3236407041549683,1.3884694576263428,1.9738659858703613,2.213683605194092,0.4006249871501242,True,True,2.5621509552001953,2.5618579387664795,2880,2999,119,0.039679893297765924,635.125,233.71428571428572,False,0.0
e5628f4b63d7b4897d073d44,d1,"[""bent"", ""melt""]",canonical,R2,small_hit,108,3072,1.5042592287063599,1.6270664930343628,-0.12280726432800293,0.9245222829836682,False,1.5042592287063599,1.5042592287063599,1.4946645498275757,0.9245222829836682,0.9186253642530202,1.0,0.9936216586239358,11,18,True,1,8,1024,1.5042592287063599,1.4977489709854126,1.4928038120269775,1.4711391925811768,0.6,0.4,0.2,1.2876019477844238,1.3331283330917358,1.4379373788833618,1.468131184577942,0.28899171372131766,True,True,1.4951566457748413,1.4909964799880981,1527,1581,54,0.03302752293577982,733.390625,382.8743455497382,False,0.0
e68d2653f5376170791a8674,d1,"[""missing""]",canonical,R2,canonical_missing_miss|small_miss,113,2390,1.608853816986084,1.6270664930343628,-0.01821267604827881,0.9888064340786015,False,1.608853816986084,1.4713624715805054,1.608853816986084,0.9043038363088158,0.9888064340786015,0.9145408091437758,1.0,8,17,False,6,12,1024,1.608853816986084,1.5863714218139648,1.554915189743042,1.510815978050232,0.0,0.2,0.2,1.300646424293518,1.3388056755065918,1.4548091888427734,1.5060213804244995,0.026805333984222,False,True,1.4461039304733276,1.5905176401138306,1473,1533,60,0.03783102143757881,713.59375,268.95161290322585,False,0.0
ead24842cb7981c9674e9d4e,d1,"[""missing""]",canonical,R3,canonical_missing_miss,150,3207,1.5452675819396973,1.6270664930343628,-0.08179891109466553,0.9497261412211149,False,1.5452675819396973,1.4461615085601807,1.5452675819396973,0.8888152480254158,0.9497261412211149,0.935864781907148,1.0,26,26,False,9,12,1024,1.5452675819396973,1.5230785608291626,1.50848388671875,1.4821953773498535,0.0,0.1,0.15,1.3224927186965942,1.369887113571167,1.4356904029846191,1.4781181812286377,0.02635961517967492,False,True,1.4120079278945923,1.5255903005599976,1922,1986,64,0.03088803088803089,1045.15625,908.0,False,0.0
f210dd5f4d74b3edf87a8edc,d1,"[""melt""]",canonical,R1,small_hit,90,1996,1.5661263465881348,1.6270664930343628,-0.06094014644622803,0.9625460012192992,False,1.5661263465881348,1.5661263465881348,1.5606424808502197,0.9625460012192992,0.9591756007093066,1.0,0.9964984525355429,17,15,True,1,6,1024,1.5661263465881348,1.5628570318222046,1.5503839254379272,1.5058144330978394,0.6,0.4,0.3,1.288352370262146,1.3211162090301514,1.4363552331924438,1.4995086193084717,0.1746836066578063,False,True,1.551132321357727,1.5575734376907349,1045,1135,90,0.07929515418502203,616.078125,584.1684210526316,False,0.0
f29f971c989e3457da844b2b,d1,"[""missing""]",canonical,R4,canonical_missing_hit,262,5612,1.8083481788635254,1.6270664930343628,0.1812816858291626,1.1114162737695403,True,1.8083481788635254,1.5672743320465088,1.8083481788635254,0.9632515565627894,1.1114162737695403,0.8666883680727226,1.0,7,16,False,9,10,1024,1.8083481788635254,1.7780622243881226,1.7349236011505127,1.6616971492767334,0.0,0.1,0.05,1.2842278480529785,1.3452785015106201,1.5580631494522095,1.6523246765136719,0.07467730323029653,False,True,1.5515981912612915,1.7956819534301758,2151,2392,241,0.0998756734355574,658.890625,218.05789473684212,False,0.0
fea34ce33cdd25b0ede4efe4,d1,"[""bent""]",canonical,R1,small_hit,81,1853,1.8522746562957764,1.6270664930343628,0.22520816326141357,1.138413619987599,True,1.8522746562957764,1.8522746562957764,1.8336676359176636,1.138413619987599,1.1269776888454044,1.0,0.9899545025275444,7,13,True,1,7,1024,1.8522746562957764,1.815138339996338,1.7652794122695923,1.6625864505767822,0.6,0.4,0.25,1.2926955223083496,1.3322083950042725,1.5147299766540527,1.6493449211120605,0.10453364602550923,False,True,1.7887539863586426,1.8369832038879395,1676,1745,69,0.03927148548662493,565.71875,255.84491978609626,False,0.0
0174183097ea8fa63bbe3153,d2,"[""missing""]",canonical,R4,canonical_missing_hit,1238,28290,3.0314815044403076,2.060171127319336,0.9713103771209717,1.4714707260191664,True,3.0314815044403076,3.0314815044403076,2.076789140701294,1.4714707260191664,1.0080663267053844,1.0,0.685073993576855,28,9,True,1,131,4096,3.0314815044403076,2.970808744430542,2.918206214904785,2.8358047008514404,1.0,1.0,1.0,1.654949426651001,1.7393341064453125,2.379591464996338,2.600895404815674,0.888382218709332,True,True,3.0003721714019775,2.655550241470337,1727,2955,1228,0.4141652613827993,244.9921875,479.94444444444446,False,0.0
0333ff525de4a8a11f200628,d2,"[""bent""]",canonical,R2,small_hit,119,2760,3.2378733158111572,2.060171127319336,1.1777021884918213,1.5716526034534957,True,3.2378733158111572,3.2378733158111572,2.857649803161621,1.5716526034534957,1.3870934143611422,1.0,0.8825699848129228,17,41,True,1,24,4096,3.2378733158111572,3.1409332752227783,3.09269118309021,2.979625701904297,1.0,0.8,0.7,1.6304347515106201,1.6864829063415527,2.139737129211426,2.5646281242370605,0.4318665830285199,True,True,3.1894147396087646,3.1413097381591797,1642,1761,119,0.06757524134014764,865.734375,287.35433070866145,False,0.0
0cfaf8dea93dc0646a1d60dd,d2,"[""melt""]",canonical,R2,small_hit,111,2633,2.7032439708709717,2.060171127319336,0.6430728435516357,1.3121453528903653,True,2.7032439708709717,2.7032439708709717,2.320798635482788,1.3121453528903653,1.1265076986602451,1.0,0.8585235592831225,41,28,True,1,29,4096,2.7032439708709717,2.6522672176361084,2.6157913208007812,2.523653268814087,1.0,1.0,0.75,1.6076576709747314,1.672527551651001,1.8505972623825073,2.18027663230896,0.5853461217320984,True,True,2.669299840927124,2.6096158027648926,1085,1187,102,0.08528428093645485,564.9765625,700.5793650793651,False,0.0
156203b86fd0a31b58234f24,d2,"[""melt""]",canonical,R1,small_miss,77,1790,1.9285587072372437,2.060171127319336,-0.13161242008209229,0.9361157826469764,False,1.9285587072372437,1.9285587072372437,1.9138871431350708,0.9361157826469764,0.9289942557467992,1.0,0.9923924721362563,21,27,True,1,10,4096,1.9285587072372437,1.91502046585083,1.895390272140503,1.8699108362197876,0.2,0.2,0.2,1.60435152053833,1.6704460382461548,1.7599639892578125,1.810733675956726,0.25181219466929444,True,True,1.9039921760559082,1.8780094385147095,913,981,68,0.06868686868686869,589.03125,327.98387096774195,False,0.0
19c7eaaf7a7c2b71d5da1dc8,d2,"[""melt""]",canonical,R2,small_miss,107,2550,2.015836715698242,2.060171127319336,-0.04433441162109375,0.978480228640627,False,2.015836715698242,2.015836715698242,1.970293402671814,0.978480228640627,0.9563736606849406,1.0,0.9774072410370535,27,41,True,1,21,4096,2.015836715698242,1.9846991300582886,1.972861647605896,1.9378814697265625,0.6,0.4,0.45,1.628436803817749,1.6702632904052734,1.790141224861145,1.8617839813232422,0.20595631158438255,False,True,1.9757384061813354,1.976511836051941,1055,1154,99,0.08519793459552495,823.25,465.8036175710594,False,0.0
2744e38a1b628fcbf2067bd4,d2,"[""missing""]",canonical,R4,canonical_missing_hit,238,5128,2.2414488792419434,2.060171127319336,0.18127775192260742,1.0879915991049167,True,2.2414488792419434,2.233750820159912,2.2414488792419434,1.0842549876264092,1.0879915991049167,0.9965655879313943,1.0,19,35,False,2,40,4096,2.2414488792419434,2.2349307537078857,2.2220242023468018,2.1791343688964844,0.6,0.7,0.6,1.6208388805389404,1.6744247674942017,1.818751335144043,1.9759714603424072,0.11333890390453966,False,True,2.1933064460754395,2.2315962314605713,1329,1419,90,0.0574345883854499,696.25,325.9516129032258,False,0.0
31656a11b9780d9f8a2fa83f,d2,"[""scratch"", ""missing""]",canonical,R4,canonical_missing_hit,585,13575,2.624722480773926,2.060171127319336,0.5645513534545898,1.2740312908807607,True,2.624722480773926,2.624722480773926,2.1693131923675537,1.2740312908807607,1.0529771840799613,1.0,0.8264924037713541,21,27,True,1,75,4096,2.624722480773926,2.5771117210388184,2.5373291969299316,2.479895830154419,1.0,1.0,1.0,1.708860993385315,1.7911052703857422,2.152127981185913,2.324925422668457,0.8435448199395326,True,True,2.592146396636963,2.3978374004364014,4553,5118,565,0.1099649669131958,602.8203125,366.7389033942559,False,0.0
454fde2976c690adb252f174,d2,"[""melt""]",canonical,R1,small_hit,92,2064,2.3255727291107178,2.060171127319336,0.26540160179138184,1.12882502733485,True,2.3255727291107178,2.157647132873535,2.3255727291107178,1.047314518809432,1.12882502733485,0.9277917245351445,1.0,41,41,False,4,14,4096,2.3255727291107178,2.2490289211273193,2.2098164558410645,2.1626696586608887,0.2,0.1,0.1,1.6633440256118774,1.728205919265747,1.8860454559326172,2.014362335205078,0.10568440287032721,False,True,2.1134226322174072,2.2854490280151367,2526,2618,92,0.03514132925897632,873.0078125,709.7255936675461,False,0.0
596996fa0816db1d904389d5,d2,"[""bent"", ""melt""]",canonical,R2,small_hit,119,2744,3.3815691471099854,2.060171127319336,1.3213980197906494,1.6414020671719796,True,3.3815691471099854,3.3815691471099854,3.1035828590393066,1.6414020671719796,1.506468476275387,1.0,0.9177936999134688,16,38,True,1,23,4096,3.3815691471099854,3.2235615253448486,3.141594171524048,2.927908182144165,0.8,0.7,0.55,1.6402549743652344,1.7094268798828125,2.0398643016815186,2.373872995376587,0.2807905831420435,False,True,3.2668063640594482,3.307438373565674,2034,2153,119,0.055271713887598696,823.765625,268.14133333333336,False,0.0
5b26e8174612cbac5bf361c6,d2,"[""melt""]",canonical,R2,small_hit,103,2342,2.467670440673828,2.060171127319336,0.4074993133544922,1.1977987692142469,True,2.467670440673828,2.467670440673828,2.095184326171875,1.1977987692142469,1.0169952866479095,1.0,0.8490535412012954,42,26,True,1,15,4096,2.467670440673828,2.412264585494995,2.3705811500549316,2.2487075328826904,1.0,0.9,0.65,1.6202893257141113,1.669623851776123,1.7969143390655518,1.9736305475234985,0.8540001699638222,True,True,2.4342188835144043,2.30387806892395,795,898,103,0.11469933184855234,564.578125,727.224,False,0.0
68b9e3462b7bb3850fb406a7,d2,"[""melt""]",canonical,R2,small_hit,108,2411,2.2541635036468506,2.060171127319336,0.19399237632751465,1.0941632341872176,True,2.2541635036468506,2.2541635036468506,1.9012181758880615,1.0941632341872176,0.9228447824923643,1.0,0.8434251432126445,22,27,True,1,17,4096,2.2541635036468506,2.177112579345703,2.1363863945007324,2.0630993843078613,1.0,1.0,0.65,1.6050922870635986,1.6721515655517578,1.7709330320358276,1.8764923810958862,0.8860456632211049,True,True,2.210400342941284,2.0665900707244873,636,744,108,0.14516129032258066,577.1015625,367.95744680851067,False,0.0
696b15fa7935c77bc6332efd,d2,"[""melt""]",canonical,R1,small_hit,60,1411,2.146731376647949,2.060171127319336,0.08656024932861328,1.0420160481722915,True,2.146731376647949,2.146731376647949,1.9795252084732056,1.0420160481722915,0.9608547475611574,1.0,0.9221112757778616,41,29,True,1,10,4096,2.146731376647949,2.058542013168335,2.035748243331909,2.0052642822265625,1.0,0.7,0.4,1.6339619159698486,1.6826775074005127,1.8184733390808105,1.8938519954681396,0.8424086636377215,True,True,2.104222297668457,2.011631965637207,1405,1465,60,0.040955631399317405,598.171875,709.688,False,0.0
733208e2c25e1af5454d93f2,d2,"[""missing""]",canonical,R2,canonical_missing_miss|small_miss,103,2328,1.890070915222168,2.060171127319336,-0.17010021209716797,0.9174339403938255,False,1.890070915222168,1.813978672027588,1.890070915222168,0.8804990264997598,0.9174339403938255,0.9597410644321587,1.0,40,46,False,12,17,4096,1.890070915222168,1.8867295980453491,1.8801122903823853,1.859417200088501,0.0,0.0,0.1,1.6050758361816406,1.6579277515411377,1.7362927198410034,1.7859582901000977,0.04634717627549059,False,True,1.777395248413086,1.8764708042144775,555,591,36,0.0547112462006079,945.53125,673.9867374005305,False,0.0
7b21e295e4c564254de297cd,d2,"[""melt""]",canonical,R1,small_hit,94,2181,2.379352331161499,2.060171127319336,0.3191812038421631,1.154929461737228,True,2.379352331161499,2.379352331161499,2.0803558826446533,1.154929461737228,1.0097976110128197,1.0,0.8743370434882638,37,11,True,1,13,4096,2.379352331161499,2.3495442867279053,2.3046793937683105,2.2094130516052246,1.0,0.9,0.65,1.6258597373962402,1.6712238788604736,1.8093639612197876,1.9571878910064697,0.8271856719764327,True,True,2.352869749069214,2.255744218826294,1066,1160,94,0.08103448275862069,331.609375,630.108991825613,False,0.0
846cfdd3fbe431251239629c,d2,"[""missing""]",canonical,R4,canonical_missing_hit,2375,53765,3.127152919769287,2.060171127319336,1.0669817924499512,1.5179093029219821,True,3.127152919769287,3.127152919769287,2.3723487854003906,1.5179093029219821,1.1515299646429156,1.0,0.7586289657927621,27,9,True,1,251,4096,3.127152919769287,2.9777963161468506,2.922924041748047,2.8405039310455322,1.0,1.0,1.0,1.7204406261444092,2.0635502338409424,2.4846343994140625,2.6285507678985596,0.8557555419512997,True,True,3.0629096031188965,2.5863900184631348,3164,5528,2364,0.4267918396822531,282.5078125,460.1573333333333,False,0.0
86317f47cc684a4a33717793,d2,"[""missing""]",canonical,R1,canonical_missing_miss|small_miss,52,1139,1.9188321828842163,2.060171127319336,-0.14133894443511963,0.9313945610823953,False,1.9188321828842163,1.9188321828842163,1.8783007860183716,0.9313945610823953,0.9117207600430691,1.0,0.9788770496829371,29,24,True,1,9,4096,1.9188321828842163,1.908657431602478,1.8961191177368164,1.8690141439437866,0.8,0.5,0.25,1.6239197254180908,1.6735142469406128,1.7635993957519531,1.8099236488342285,0.15118074864853456,False,True,1.8835320472717285,1.9086354970932007,899,923,24,0.025236593059936908,519.6328125,483.1756756756757,False,0.0
8a393ef07e4999ab89669d93,d2,"[""missing""]",canonical,R4,canonical_missing_hit,406,9217,2.2154061794281006,2.060171127319336,0.15523505210876465,1.0753505619267436,True,2.2154061794281006,2.2154061794281006,2.1437766551971436,1.0753505619267436,1.0405818365130637,1.0,0.967667543362433,34,40,True,1,74,4096,2.2154061794281006,2.1894819736480713,2.168370008468628,2.114910840988159,0.6,0.6,0.75,1.6529650688171387,1.717774748802185,1.9103392362594604,2.005500555038452,0.31631387438716957,True,True,2.1979706287384033,2.1757404804229736,2196,2561,365,0.14027671022290547,816.1171875,587.1898395721926,False,0.0
904d32fddf6e1ee052a5e000,d2,"[""melt""]",canonical,R2,small_hit,102,2397,2.600764036178589,2.060171127319336,0.5405929088592529,1.2624019440378549,True,2.600764036178589,2.600764036178589,2.1747820377349854,1.2624019440378549,1.0556317428663218,1.0,0.8362089014928411,37,36,True,1,16,4096,2.600764036178589,2.5347166061401367,2.5009963512420654,2.428281545639038,1.0,1.0,0.6,1.6358883380889893,1.6810160875320435,1.825994849205017,2.0566155910491943,0.9061464767966245,True,True,2.573192596435547,2.4321625232696533,1571,1666,95,0.05678421996413628,753.4609375,623.0712401055409,False,0.0
989748a316d5781c15aa24a6,d2,"[""melt""]",canonical,R1,small_miss,36,817,2.001406192779541,2.060171127319336,-0.05876493453979492,0.9714757023042746,False,2.001406192779541,2.001406192779541,1.9919390678405762,0.9714757023042746,0.9668803923256888,1.0,0.995269763342834,21,26,True,1,8,4096,2.001406192779541,1.9963674545288086,1.9918724298477173,1.977603554725647,0.4,0.2,0.1,1.6632728576660156,1.7078957557678223,1.829163670539856,1.8877989053726196,0.13215935854836264,False,True,1.9677225351333618,1.9820510149002075,2418,2454,36,0.014669926650366748,614.90625,335.468085106383,False,0.0
a7e7261362d3ab9b5fa975d0,d2,"[""missing""]",canonical,R1,canonical_missing_miss|small_miss,69,1672,1.9212415218353271,2.060171127319336,-0.1389296054840088,0.932564045946619,False,1.9212415218353271,1.916840672492981,1.9212415218353271,0.9304278887682236,0.932564045946619,0.9977093721469531,1.0,28,41,False,2,14,4096,1.9212415218353271,1.9101568460464478,1.897802710533142,1.8773117065429688,0.2,0.4,0.25,1.6268537044525146,1.6787338256835938,1.7683429718017578,1.8226238489151,0.20870860692761947,False,True,1.8557156324386597,1.8944051265716553,1006,1075,69,0.0641860465116279,845.3984375,465.77333333333337,False,0.0
ab48d54a454beacaf51a6fff,d2,"[""melt""]",canonical,R2,small_hit,111,2562,2.2488973140716553,2.060171127319336,0.18872618675231934,1.091607043827416,True,2.2488973140716553,2.2488973140716553,2.146730422973633,1.091607043827416,1.042015585262049,1.0,0.9545702285032089,40,45,True,1,18,4096,2.2488973140716553,2.2348825931549072,2.2176718711853027,2.1802313327789307,1.0,0.9,0.75,1.6471843719482422,1.6977849006652832,1.862592339515686,1.9991528987884521,0.8554762252392599,True,True,2.2401235103607178,2.191481351852417,1827,1938,111,0.05727554179566564,885.8046875,690.063829787234,False,0.0
b55803eaf5bb3067295b2cf5,d2,"[""melt""]",canonical,R1,small_hit,87,2058,2.3077950477600098,2.060171127319336,0.24762392044067383,1.1201958017744276,True,2.3077950477600098,2.3077950477600098,1.9993747472763062,1.1201958017744276,0.9704896456236929,1.0,0.866357152996293,31,34,True,1,16,4096,2.3077950477600098,2.2936036586761475,2.221113681793213,2.1098172664642334,1.0,0.8,0.55,1.6288024187088013,1.678442120552063,1.8022427558898926,1.9191807508468628,0.6670189501497529,True,True,2.277026653289795,2.2584657669067383,1212,1299,87,0.06697459584295612,695.2109375,531.7486772486773,False,0.0
b5d4c77df9634ecb828a64ca,d2,"[""melt""]",canonical,R2,small_hit,122,2741,2.195472478866577,2.060171127319336,0.1353013515472412,1.065674812035296,True,2.195472478866577,2.1505184173583984,2.195472478866577,1.0438542647457743,1.065674812035296,0.9795241972099844,1.0,46,34,False,3,23,4096,2.195472478866577,2.1699390411376953,2.1608223915100098,2.1140966415405273,0.6,0.6,0.5,1.639906644821167,1.685983419418335,1.8077046871185303,1.9381133317947388,0.29446644318585646,False,True,2.1402318477630615,2.1506221294403076,1295,1394,99,0.06986591390261115,723.828125,784.6756032171581,False,0.0
bf35ab64688b9cebf87efb76,d2,"[""melt""]",canonical,R2,small_hit,117,2720,2.1166787147521973,2.060171127319336,0.05650758743286133,1.0274285891514208,True,2.1166787147521973,2.1166787147521973,1.918588638305664,1.0274285891514208,0.9312763453791837,1.0,0.9064146698004076,21,37,True,1,16,4096,2.1166787147521973,2.0691704750061035,2.037320137023926,1.9676151275634766,1.0,0.6,0.45,1.6333904266357422,1.6716828346252441,1.7889366149902344,1.8652894496917725,0.7795489919240864,True,True,2.085134267807007,1.9629645347595215,1064,1179,115,0.09737510584250635,759.1796875,348.01612903225805,False,0.0
bfebbd19caf4dad38fd66eab,d2,"[""missing""]",reversed_180,R1,small_hit|marginal_reversed_rescue,50,1288,2.0922768115997314,2.060171127319336,0.03210568428039551,1.015583989045692,True,2.0922768115997314,2.0922768115997314,2.02108097076416,1.015583989045692,0.9810257720648482,1.0,0.9659720738475633,24,41,True,1,12,4096,2.0922768115997314,2.0462963581085205,2.0336556434631348,2.0038819313049316,0.6,0.5,0.35,1.6570093631744385,1.7037484645843506,1.8295520544052124,1.9062726497650146,0.31407896384944073,True,True,2.058973789215088,2.0230934619903564,1940,1988,48,0.024120603015075376,547.5078125,672.2741935483871,False,0.0
c4de673e229af6580007c4be,d2,"[""melt""]",canonical,R1,small_hit,97,2254,2.254640817642212,2.060171127319336,0.19446969032287598,1.0943949207636539,True,2.254640817642212,2.254640817642212,2.030670642852783,1.0943949207636539,0.9856805660096118,1.0,0.9006625920027274,24,16,True,1,11,4096,2.254640817642212,2.2305731773376465,2.192978620529175,2.1330084800720215,1.0,1.0,0.55,1.6165002584457397,1.6708146333694458,1.8226271867752075,1.9452916383743286,0.8979758476696348,True,True,2.232107162475586,2.129589557647705,1083,1180,97,0.08220338983050847,400.265625,410.1885245901639,False,0.0
cdafe117a8af8b75d42e22e2,d2,"[""melt""]",canonical,R2,small_hit,127,2918,2.1393322944641113,2.060171127319336,0.07916116714477539,1.0384245590548484,True,2.1393322944641113,2.1393322944641113,1.9826663732528687,1.0384245590548484,0.9623794581728192,1.0,0.9267687765866749,33,22,True,1,17,4096,2.1393322944641113,2.0897679328918457,2.0696985721588135,2.029564380645752,1.0,0.8,0.6,1.6425011157989502,1.6879701614379883,1.8061834573745728,1.8972458839416504,0.6033049670358561,True,True,2.1176135540008545,2.0815162658691406,1456,1582,126,0.07959570435881239,473.5078125,570.84375,False,0.0
d086b78f683af0d19bb68594,d2,"[""missing""]",canonical,R1,canonical_missing_miss|small_miss,53,1209,2.0472028255462646,2.060171127319336,-0.012968301773071289,0.9937052307931596,False,2.0472028255462646,2.0472028255462646,1.868989109992981,0.9937052307931596,0.907200904434032,1.0,0.9129476995003023,37,22,True,1,11,4096,2.0472028255462646,1.9944887161254883,1.9466440677642822,1.894952416419983,0.8,0.4,0.25,1.6078896522521973,1.6638646125793457,1.7593756914138794,1.81410551071167,0.4817877948531487,True,True,2.0195183753967285,1.9751867055892944,819,848,29,0.033256880733944956,492.546875,640.2545454545455,False,0.0
e29dae89a422801349d5d030,d2,"[""melt""]",canonical,R1,small_hit,56,1337,2.2299249172210693,2.060171127319336,0.1697537899017334,1.0823979074605392,True,2.2299249172210693,2.2299249172210693,2.159475564956665,1.0823979074605392,1.0482020334721138,1.0,0.968407298505728,43,36,True,1,10,4096,2.2299249172210693,2.1821210384368896,2.1647191047668457,2.1215898990631104,0.6,0.6,0.45,1.634748935699463,1.6799836158752441,1.8375755548477173,1.9809556007385254,0.3180654908406676,True,True,2.2044596672058105,2.186113119125366,1740,1796,56,0.031180400890868598,742.6796875,754.3076923076923,False,0.0
e5628e506633f6123990ae36,d2,"[""melt""]",canonical,R2,small_hit,119,2699,2.8157927989959717,2.060171127319336,0.7556216716766357,1.3667761680845607,True,2.8157927989959717,2.8157927989959717,2.575777292251587,1.3667761680845607,1.2502734642258335,1.0,0.9147609487353021,15,28,True,1,21,4096,2.8157927989959717,2.776609182357788,2.7618095874786377,2.7092442512512207,1.0,0.9,0.75,1.6398398876190186,1.6969598531723022,2.056382179260254,2.415678024291992,0.6371103564308558,True,True,2.7844812870025635,2.75014328956604,1872,1991,119,0.05976896032144651,626.3125,240.64190981432358,False,0.0
e5628f4b63d7b4897d073d44,d2,"[""bent"", ""melt""]",canonical,R2,small_hit,108,3072,2.1973586082458496,2.060171127319336,0.13718748092651367,1.066590332767657,True,2.1973586082458496,2.1973586082458496,2.07855486869812,1.066590332767657,1.0089234050196134,1.0,0.9459333860654768,25,37,True,1,29,4096,2.1973586082458496,2.1654469966888428,2.1283888816833496,2.0838491916656494,0.6,0.7,0.75,1.6274049282073975,1.6795519590377808,1.8427505493164062,1.955457329750061,0.26317655910352283,False,True,2.1786437034606934,2.181549549102783,1411,1508,97,0.06385780118499013,742.1796875,424.65445026178014,False,0.0
e68d2653f5376170791a8674,d2,"[""missing""]",canonical,R2,canonical_missing_miss|small_miss,113,2390,2.008967638015747,2.060171127319336,-0.05120348930358887,0.9751460018905255,False,2.008967638015747,2.008967638015747,1.9569504261016846,0.9751460018905255,0.949897025616527,1.0,0.9741074913653464,20,27,True,1,22,4096,2.008967638015747,1.9832321405410767,1.9459348917007446,1.9043359756469727,0.6,0.4,0.3,1.6171181201934814,1.6706101894378662,1.7491296529769897,1.815224051475525,0.15584284107501742,True,True,1.968008041381836,1.9523375034332275,703,732,29,0.03553921568627451,582.109375,332.08310991957103,False,0.0
ead24842cb7981c9674e9d4e,d2,"[""missing""]",canonical,R3,canonical_missing_miss,150,3207,1.9935671091079712,2.060171127319336,-0.06660401821136475,0.9676706379736382,False,1.9935671091079712,1.9935671091079712,1.8414448499679565,0.9676706379736382,0.8938310150788382,1.0,0.9236934345249695,31,22,True,1,24,4096,1.9935671091079712,1.9700355529785156,1.951795220375061,1.913743257522583,1.0,0.8,0.45,1.6314584016799927,1.671889305114746,1.7631503343582153,1.8198497295379639,0.2981981732060079,False,True,1.9764983654022217,1.9774399995803833,783,883,100,0.10718113612004287,510.453125,532.8228882833787,False,0.0
f210dd5f4d74b3edf87a8edc,d2,"[""melt""]",canonical,R1,small_hit,90,1996,2.2034554481506348,2.060171127319336,0.14328432083129883,1.0695497179487892,True,2.2034554481506348,2.2034554481506348,2.0435984134674072,1.0695497179487892,0.9919556615311405,1.0,0.9274516601561443,32,29,True,1,17,4096,2.2034554481506348,2.1940393447875977,2.162938117980957,2.1074514389038086,1.0,0.9,0.5,1.6182026863098145,1.6647109985351562,1.7425565719604492,1.8915103673934937,0.501196231827516,True,True,2.1892693042755127,2.18924880027771,619,695,76,0.1071932299012694,589.9453125,541.8073878627968,False,0.0
f29f971c989e3457da844b2b,d2,"[""missing""]",canonical,R4,canonical_missing_hit,262,5612,2.2058119773864746,2.060171127319336,0.14564085006713867,1.0706935691583273,True,2.2058119773864746,2.2058119773864746,2.0565028190612793,1.0706935691583273,0.9982194157517246,1.0,0.9323110220381965,21,37,True,1,31,4096,2.2058119773864746,2.1551010608673096,2.111013889312744,2.038214683532715,0.6,0.5,0.45,1.5994925498962402,1.6619431972503662,1.7779966592788696,1.876289963722229,0.13282451040839313,False,True,2.128692865371704,2.137885808944702,826,917,91,0.08363970588235294,741.6484375,337.5210526315789,False,0.0
fea34ce33cdd25b0ede4efe4,d2,"[""bent""]",canonical,R1,small_hit,81,1853,2.250951051712036,2.060171127319336,0.1907799243927002,1.0926039210349192,True,2.250951051712036,2.250951051712036,2.2108988761901855,1.0926039210349192,1.0731627323925146,1.0,0.9822065542067707,14,26,True,1,17,4096,2.250951051712036,2.2202847003936768,2.2086915969848633,2.171464443206787,0.8,0.8,0.65,1.6156861782073975,1.6725044250488281,1.7680778503417969,1.9364627599716187,0.3665154852867571,False,True,2.2140467166900635,2.219637393951416,832,896,64,0.0700985761226725,556.890625,244.80213903743316,False,0.0
