image_id,split,image_anomaly_score,frozen_image_threshold,above_frozen_threshold
956906775fe36364e0cef555,calibration,2.092879056930542,2.4000701904296875,False
095392cfded6f0c2cb8c7de8,calibration,2.0464668273925781,2.4000701904296875,False
4c6b62ea5740038f04527080,calibration,2.0243170261383057,2.4000701904296875,False
864a24871853f4ee071e9728,calibration,1.9270844459533691,2.4000701904296875,False
e3e53a15454e99370b219ed5,calibration,1.8575527667999268,2.4000701904296875,False
06ff726d9e21b212fa7f6291,calibration,1.8886083364486694,2.4000701904296875,False
1ab1af080f648bf89a020616,calibration,2.1046226024627686,2.4000701904296875,False
ab102a229b6bb0c3df26b639,calibration,1.9986718893051147,2.4000701904296875,False
f527d606cb1f64dc19b0d7f4,calibration,1.9929274320602417,2.4000701904296875,False
1ca2779c77509095fe9e8337,calibration,1.9132105112075806,2.4000701904296875,False
f9c8f4b979d980dc88993139,calibration,1.9864630699157715,2.4000701904296875,False
7b57d0a4c0aa679ac82532cb,calibration,2.1298038959503174,2.4000701904296875,False
aca487e1bcecb78c22d56a31,calibration,2.217937707901001,2.4000701904296875,False
65f16b603ffa4a89bca91660,calibration,1.9420244693756104,2.4000701904296875,False
4d7b7cda4091d1c17f00563d,calibration,2.1575961112976074,2.4000701904296875,False
66f1c1ef430b56b6f7dfb051,calibration,2.0527842044830322,2.4000701904296875,False
16f7ac12020b9fb0663ce6fb,calibration,1.9273124933242798,2.4000701904296875,False
a9e5597442bdfbb996511177,calibration,1.9811561107635498,2.4000701904296875,False
2cf554aca4c3d9a9781555fd,calibration,1.9038116931915283,2.4000701904296875,False
f20a5dba3bb929538cca04b8,calibration,1.87019944190979,2.4000701904296875,False
29264c6b2773e1d6fc04a1cf,calibration,1.9692590236663818,2.4000701904296875,False
92c9e638b5c71b5395560ff7,calibration,1.9758813381195068,2.4000701904296875,False
6b43ebf87627681b154cabde,calibration,1.8640797138214111,2.4000701904296875,False
b21320afee8c93e524a200ec,calibration,1.7602390050888062,2.4000701904296875,False
1a4f24285d6c559bdea972b2,calibration,2.0773766040802002,2.4000701904296875,False
71b64a5d77a95dec19507b7c,calibration,1.939156174659729,2.4000701904296875,False
37d81101f3fcc01d5a1efd8a,calibration,1.9703763723373413,2.4000701904296875,False
5cfccbf82f4ba95aa416a79b,calibration,1.9140886068344116,2.4000701904296875,False
de961b5b424372429ec9d5d5,calibration,2.033543586730957,2.4000701904296875,False
48c0a1622b7204e488851ca2,calibration,1.9515796899795532,2.4000701904296875,False
b4ac29669c8ff9cc5cfb8515,calibration,2.3022372722625732,2.4000701904296875,False
3ad3cd2d193c37520a64ac51,calibration,2.1484067440032959,2.4000701904296875,False
13452ab920b13c16081caef4,calibration,1.9146233797073364,2.4000701904296875,False
949ba31189da990b746f189c,calibration,1.8989889621734619,2.4000701904296875,False
c90f725868648a32cbe9c2de,calibration,1.9913166761398315,2.4000701904296875,False
23119e24f887691f83386aa1,calibration,1.9367132186889648,2.4000701904296875,False
a874b59b35950a97ccb5460c,calibration,2.0309741497039795,2.4000701904296875,False
733cf3579a505b8802a8c9fc,calibration,1.8945324420928955,2.4000701904296875,False
22247d3bbfdf9bd895ab2ac9,calibration,1.9840606451034546,2.4000701904296875,False
4dafa26196377a1e6132aa2a,calibration,1.8294906616210938,2.4000701904296875,False
2f36d93c0e7531d8cbd3f8fb,calibration,1.8136299848556519,2.4000701904296875,False
2ab8f47934ac1be3ea9e069e,calibration,2.0706930160522461,2.4000701904296875,False
f1b0dafdd8a8a80dd5b765fb,calibration,2.0693392753601074,2.4000701904296875,False
227991b4b74034e500f0df1c,calibration,1.928320050239563,2.4000701904296875,False
7ec309f954d57e97db290d51,calibration,1.9095244407653809,2.4000701904296875,False
e11c1f09840d4dc1ebd4d928,calibration,1.9409084320068359,2.4000701904296875,False
9a1e31c6e34ddd7689288f8d,calibration,1.8967058658599854,2.4000701904296875,False
7b28d70455b033b2dcf8fc9b,calibration,1.8520997762680054,2.4000701904296875,False
cf294101d9cb58b00f86af20,calibration,2.1098072528839111,2.4000701904296875,False
324000b9b0bca27635087469,calibration,2.0303909778594971,2.4000701904296875,False
536f8bb4ab868beb2e31f26d,calibration,1.9485362768173218,2.4000701904296875,False
e1b6e73ea1c1506d975ed678,calibration,1.7864353656768799,2.4000701904296875,False
a2c949a8138f285341e36b2f,calibration,2.0570006370544434,2.4000701904296875,False
d7a9145ce01694bff79df75d,calibration,2.3038718700408936,2.4000701904296875,False
246401551a490c038fea39f9,calibration,1.9574962854385376,2.4000701904296875,False
91a53ffa9a9338037b8e17c8,calibration,2.2400248050689697,2.4000701904296875,False
47116b444c82d0369db43d96,calibration,1.9779198169708252,2.4000701904296875,False
24b3c56123ac64d1a9558c5c,calibration,1.8990951776504517,2.4000701904296875,False
e6609a47285a2ca7bfb00eb9,calibration,1.9719353914260864,2.4000701904296875,False
e3c620f36e2c8b42669883e5,calibration,2.0851089954376221,2.4000701904296875,False
234dc1c4cebdbd3e6d5e5727,calibration,2.0828471183776855,2.4000701904296875,False
88f40bec509ce6e57bea78d9,calibration,1.9786549806594849,2.4000701904296875,False
a233a3f48172c63ee3e1806d,calibration,1.8895107507705688,2.4000701904296875,False
3e422aa56ea3f356fce6def4,calibration,1.9011350870132446,2.4000701904296875,False
8d077417dac7a451e93c53f1,calibration,1.9858520030975342,2.4000701904296875,False
c16f99d1343b93c818bca622,calibration,2.0392251014709473,2.4000701904296875,False
e5f3751472ef268122f4ebd7,calibration,2.247387170791626,2.4000701904296875,False
756021a17afa68fce3c94973,calibration,1.8952887058258057,2.4000701904296875,False
e886a4200bf8dd2df2c08208,calibration,1.8645040988922119,2.4000701904296875,False
211edff6d9d81f2a05d576a3,calibration,2.063305139541626,2.4000701904296875,False
a6a57f9e79100cebf512f1db,calibration,1.9859009981155396,2.4000701904296875,False
7c25bbd729f4e67f0ba3b0c3,calibration,2.1967806816101074,2.4000701904296875,False
407ddd75b9a741fbf7c2fc56,calibration,1.9633692502975464,2.4000701904296875,False
dfcd151cdd744ec8b82ef4cb,calibration,1.9100935459136963,2.4000701904296875,False
1331a43b8f8468b25687bbb1,calibration,1.855124831199646,2.4000701904296875,False
0782ee2d3e27c17669e754fd,calibration,2.0001928806304932,2.4000701904296875,False
29e44f2b4f980e145cc4125b,calibration,1.99974524974823,2.4000701904296875,False
f0255799928a080b703707e8,calibration,1.9162484407424927,2.4000701904296875,False
fe191a0f5ae4e2fdc30865c4,calibration,1.8316850662231445,2.4000701904296875,False
0f10ec6b2c6099afc1ecdf33,calibration,1.987877368927002,2.4000701904296875,False
88a81931af12ae641c3003e2,calibration,1.8480621576309204,2.4000701904296875,False
79f7638434c26e85711b79ab,calibration,1.85565185546875,2.4000701904296875,False
9e5bf038c530c2e6cf8f8f1e,calibration,2.3965504169464111,2.4000701904296875,False
e3f0081cc53bd43ee9d33f0d,calibration,2.1156759262084961,2.4000701904296875,False
7a0a7f5587546bec8f98d482,calibration,2.1471784114837646,2.4000701904296875,False
6d572dc3c3542f6f662ad217,calibration,1.9117950201034546,2.4000701904296875,False
b2d67f8bb481dbdac6986bd2,calibration,2.0947983264923096,2.4000701904296875,False
8738d9f894d9becb89444125,calibration,1.9648691415786743,2.4000701904296875,False
aaff53ff93370e8c7d895c72,calibration,1.8422993421554565,2.4000701904296875,False
d3fb37bb17fc2c3ad8bca0e0,calibration,1.9124462604522705,2.4000701904296875,False
e622b62f32f6eb72ed6a5949,calibration,1.9411860704421997,2.4000701904296875,False
861df9abcfea18b20057ec0e,calibration,1.9327173233032227,2.4000701904296875,False
52397c2b4017a4a648564309,calibration,1.9112410545349121,2.4000701904296875,False
2dbee3a3d59a98193ef9a19f,calibration,1.9249876737594604,2.4000701904296875,False
cbd5704ce48ac6be43a4557f,calibration,1.9803097248077393,2.4000701904296875,False
7a6cffd6d8ec96a2e62652fe,calibration,1.9684326648712158,2.4000701904296875,False
bc15f1f7e1b1d82bb4971b6a,calibration,1.9631658792495728,2.4000701904296875,False
8734b8355da1d20df1bf8041,calibration,2.1674568653106689,2.4000701904296875,False
cf9e8ca03ce9894cb824af69,calibration,2.4264504909515381,2.4000701904296875,True
f0222587d2a43299f99a4659,calibration,1.98949134349823,2.4000701904296875,False
200d9bb7b8c6d74fa49d5f5e,calibration,2.2702572345733643,2.4000701904296875,False
004d895dc5990ee7d7ca573b,calibration,1.9686233997344971,2.4000701904296875,False
8ec4b6bb9475504521da8b86,calibration,1.8637409210205078,2.4000701904296875,False
b0780facd7b3fa47dae834e2,calibration,1.92339026927948,2.4000701904296875,False
d7ff54c7b4657ca3abb8760c,calibration,1.9498722553253174,2.4000701904296875,False
432dd58fa4ffb3c3fdaa4956,calibration,2.0511369705200195,2.4000701904296875,False
e38956da9055feecc471f925,calibration,1.849290132522583,2.4000701904296875,False
a225a34cb357c4d82bc3ea46,calibration,1.9124869108200073,2.4000701904296875,False
d89eedca0380c77cb1f679c6,calibration,1.8220986127853394,2.4000701904296875,False
75163185d2b9a8f78c0a3014,calibration,1.9971277713775635,2.4000701904296875,False
fd6f0fdcc075bbe32d98e730,calibration,2.1079895496368408,2.4000701904296875,False
568939b28e0d8b214b43f363,calibration,1.8572273254394531,2.4000701904296875,False
97a3b1a85b5e73acb97316d1,calibration,2.0771510601043701,2.4000701904296875,False
e2b572224a26b59cbb4e1548,calibration,2.1776132583618164,2.4000701904296875,False
904fa395fceaa6ca57d95e57,calibration,2.2695033550262451,2.4000701904296875,False
b634be64baa5c6d442e0ecc1,calibration,2.2550556659698486,2.4000701904296875,False
ac2c49cb91d031f3aa11169c,calibration,2.3096864223480225,2.4000701904296875,False
33b5fa432e6f35fb6d7081c4,calibration,2.1549291610717773,2.4000701904296875,False
a7561e96de8cce01921490d5,calibration,2.5334053039550781,2.4000701904296875,True
82e8cafc4b4595142de63a65,calibration,2.2624788284301758,2.4000701904296875,False
8c088ade71ac879ee65fe7ba,calibration,2.4833862781524658,2.4000701904296875,True
ed56d58b655aafc668aa0f72,calibration,2.2250282764434814,2.4000701904296875,False
ebb9e96ecf5dd9628c1aa2bc,calibration,2.1784775257110596,2.4000701904296875,False
ef956842fa9271445b15d84e,calibration,2.2932085990905762,2.4000701904296875,False
9185c49f7e0d2be3258ad3d5,calibration,2.1619257926940918,2.4000701904296875,False
b8b972a3535439762a8596e1,calibration,2.434438943862915,2.4000701904296875,True
9a67d094cb8b2043aff88d44,calibration,2.4069547653198242,2.4000701904296875,True
03cb98bca86f2412527cc23c,calibration,2.2396149635314941,2.4000701904296875,False
c9bf14416670a64f85d75c3a,calibration,2.2357301712036133,2.4000701904296875,False
4e133a1f2e41111244f56807,calibration,2.3613250255584717,2.4000701904296875,False
f18a1177d401be709ed8eb16,calibration,2.2451369762420654,2.4000701904296875,False
2211e6a475c92ee3b1e44c71,calibration,2.1288383007049561,2.4000701904296875,False
1c338dfb5770538e9a4969ef,calibration,2.4098660945892334,2.4000701904296875,True
bf43915a60371e0a7becb1cf,calibration,2.2590663433074951,2.4000701904296875,False
42586144de6a4ea3b2272397,calibration,2.3373374938964844,2.4000701904296875,False
e040511ff60c11a3a4879652,calibration,2.3515820503234863,2.4000701904296875,False
427759ef34c35bcd2361b74c,calibration,2.3791038990020752,2.4000701904296875,False
7f0bca46a04f79da70a6cacf,calibration,2.2660567760467529,2.4000701904296875,False
c4ad891f4cd45225080667c1,calibration,2.3847832679748535,2.4000701904296875,False
17bc2dfc77d1741d77a0c528,calibration,2.3496356010437012,2.4000701904296875,False
cfc6e178ed0fd4aa2b12694a,calibration,2.3824658393859863,2.4000701904296875,False
716249a98a8e0b6cad7c6107,calibration,2.2394425868988037,2.4000701904296875,False
5d11280abccc2b6b7c6617e3,calibration,2.5070436000823975,2.4000701904296875,True
f968d8638d3d5a6e5ff6ca7c,calibration,2.3292081356048584,2.4000701904296875,False
205b1a09bc4cb1b12e518a64,calibration,2.4915900230407715,2.4000701904296875,True
b00883f17f7fafa1b8c8e43f,calibration,2.201481819152832,2.4000701904296875,False
0510fc11628d84ecbb6ea63a,calibration,2.0975155830383301,2.4000701904296875,False
9723cc38dc10c70816004fa2,calibration,2.2225027084350586,2.4000701904296875,False
d3d83542e27f2321ad358195,calibration,2.3978507518768311,2.4000701904296875,False
40c4c503e27ad32df0d7e9ef,calibration,2.4139177799224854,2.4000701904296875,True
039d9465505e39c0aabedb0a,calibration,2.4000701904296875,2.4000701904296875,False
938cbe83e9a5c3943633d6ea,calibration,2.1572682857513428,2.4000701904296875,False
b0f9d3bb5de4c53136ffc3d1,calibration,2.2710971832275391,2.4000701904296875,False
d8e812c9704102c6d56d59b6,calibration,1.8614565134048462,2.4000701904296875,False
6ea81f0a8720889aa87a1def,calibration,2.0826170444488525,2.4000701904296875,False
17869493283a0bb550c296b1,calibration,1.9789469242095947,2.4000701904296875,False
a6ccd48c62f446862b7bba76,calibration,2.0950193405151367,2.4000701904296875,False
b15e6be6eceb16fdb57d5be7,calibration,1.9101654291152954,2.4000701904296875,False
5a73cc9910bd098797c42298,calibration,1.9935564994812012,2.4000701904296875,False
b92468455ea7ed6b1272b9e6,calibration,1.9505282640457153,2.4000701904296875,False
e17a6dd24e62c0c3fed61642,calibration,2.1016037464141846,2.4000701904296875,False
ba3ae522ee7b33da0d790372,calibration,1.8419734239578247,2.4000701904296875,False
871a8e359fe7d4bd0129cbdf,calibration,1.981010913848877,2.4000701904296875,False
5ebb520fec07bb3b51e5e2e6,calibration,2.175250768661499,2.4000701904296875,False
ee67739a1a2216f9f50575d1,calibration,2.0524666309356689,2.4000701904296875,False
c7816a50b4a6852d7789a442,calibration,2.0519280433654785,2.4000701904296875,False
303b3869299ef3c29eef8049,calibration,1.9777470827102661,2.4000701904296875,False
a9d578dde6d3b3ae83cbd1e3,calibration,2.2378349304199219,2.4000701904296875,False
99e879defb574d451788acee,calibration,1.9743242263793945,2.4000701904296875,False
f53d537a9d69d551c02f92b4,calibration,2.0899178981781006,2.4000701904296875,False
332798b6d96d672ca2315296,calibration,2.2210390567779541,2.4000701904296875,False
335d198b3c43c8df4eb14a3d,calibration,2.0099644660949707,2.4000701904296875,False
0a3849c8ce59b47344c3e882,calibration,1.7590861320495605,2.4000701904296875,False
36731a2f94c1ba2748129997,calibration,2.0504915714263916,2.4000701904296875,False
1e96dae2ccfe031404154c33,calibration,1.8357747793197632,2.4000701904296875,False
94e842f89cd2061fd4ce3fa9,calibration,1.9434866905212402,2.4000701904296875,False
38ff03b08012f368d777b730,calibration,1.9549880027770996,2.4000701904296875,False
2748e3edd4e5c71b1120c414,calibration,2.0927748680114746,2.4000701904296875,False
e8761d0ff99dff32d2660600,calibration,1.8479313850402832,2.4000701904296875,False
cefe29f3c9cc4e06cbcce772,calibration,2.1820955276489258,2.4000701904296875,False
043fb91d46e147537a5c87bb,calibration,1.9377402067184448,2.4000701904296875,False
556667850af971635cb30fff,test,1.9585174322128296,2.4000701904296875,False
cbfed2d91c4d35a51150b3e9,test,1.8779479265213013,2.4000701904296875,False
491b4556c783776b10d624da,test,2.0666267871856689,2.4000701904296875,False
2a49642847cbe676f49bd4a1,test,1.8622652292251587,2.4000701904296875,False
0dba220ba6fb75f467422d47,test,2.1298463344573975,2.4000701904296875,False
f0459370faa43efcf8bca2c8,test,1.9478057622909546,2.4000701904296875,False
1e05b0d5671299cfd7543018,test,1.7678403854370117,2.4000701904296875,False
463d50ba01a9a4ad0655511c,test,1.9214961528778076,2.4000701904296875,False
79fc5ec6e3c3615ea82fd202,test,2.0184645652770996,2.4000701904296875,False
251d402d8f2192e1ad51e756,test,1.8249574899673462,2.4000701904296875,False
4126de2e066d240b3f7186f7,test,1.849461555480957,2.4000701904296875,False
7fca7f998a90ae309e8d2601,test,1.8674882650375366,2.4000701904296875,False
50d15478cc2eed94a03b73fb,test,1.9479659795761108,2.4000701904296875,False
b7532bc4c5961ede826a7b14,test,2.0732805728912354,2.4000701904296875,False
2808405920efb8f612858a20,test,2.0180597305297852,2.4000701904296875,False
5fd73fb69558e1b061b9ef9f,test,1.8789248466491699,2.4000701904296875,False
c1589f1e5cb0f45a4572c9f8,test,2.0293455123901367,2.4000701904296875,False
a25aa8366e034a3772cd4eaf,test,1.9641835689544678,2.4000701904296875,False
b058b076cbe1f3aa73777223,test,1.9288328886032104,2.4000701904296875,False
ca2a5d83fa709ec818761d2d,test,2.0535821914672852,2.4000701904296875,False
cc382503edb83f7a1d103fae,test,1.9738297462463379,2.4000701904296875,False
6bb3f94762876b037978efe5,test,1.823127269744873,2.4000701904296875,False
2d9785bfcf1a7dc74d0fbf98,test,1.9874083995819092,2.4000701904296875,False
00b64bd580c8d09f962d7bb7,test,1.8568263053894043,2.4000701904296875,False
21e6fa47368b66a47c75f924,test,1.9420266151428223,2.4000701904296875,False
4076f6bfb6953866c349e268,test,1.7955213785171509,2.4000701904296875,False
3f63eec4c68e447f5194cad6,test,2.722851037979126,2.4000701904296875,True
0438e965f1679055ec619e77,test,2.0872838497161865,2.4000701904296875,False
890903084496d64321ddd732,test,1.8658801317214966,2.4000701904296875,False
4e75be47e80286aa75c2a052,test,1.9396312236785889,2.4000701904296875,False
1042f3dd45c162558c45200f,test,1.9658198356628418,2.4000701904296875,False
78240ede377ebee702114fdc,test,1.9785925149917603,2.4000701904296875,False
2f0c4c52a767a109c60bb6ce,test,1.9126205444335938,2.4000701904296875,False
47333b633851172c9f062795,test,2.0513112545013428,2.4000701904296875,False
c1fc84b66b7e7871b424b484,test,2.1375477313995361,2.4000701904296875,False
9020fd5340397a9b81e2f509,test,2.0213449001312256,2.4000701904296875,False
c00f11dd1e9e8759f290ab80,test,2.0694167613983154,2.4000701904296875,False
770ad2a69864e439b192c236,test,2.0763924121856689,2.4000701904296875,False
c01658744c534f03ed9f4e93,test,2.1483709812164307,2.4000701904296875,False
37e7b42bc75d5b019ed8f890,test,1.8513138294219971,2.4000701904296875,False
50b94b6bb6440330d03cf03c,test,1.9549810886383057,2.4000701904296875,False
749f9feb6032b5b2e06600c6,test,2.1716949939727783,2.4000701904296875,False
590f1df98441884c4fd7ad21,test,1.9811042547225952,2.4000701904296875,False
26f548b22a3fb7168ac0bffc,test,2.1172609329223633,2.4000701904296875,False
60e0210da58a698ef2b9d297,test,1.9849539995193481,2.4000701904296875,False
b83892b2662e523e63bdd68e,test,1.9351708889007568,2.4000701904296875,False
e4b8f8664a72da3d41fe0361,test,2.0512406826019287,2.4000701904296875,False
5b5d277bc5ee2ffca0f3ada6,test,2.0047295093536377,2.4000701904296875,False
3262a9232e141085b36a6c7e,test,1.9333128929138184,2.4000701904296875,False
92e5c81770474cceb0fab794,test,1.9969550371170044,2.4000701904296875,False
85a25f1c3a7e0dd4cb2ec7a6,test,1.9300316572189331,2.4000701904296875,False
122c351f4783e562322ae0b4,test,2.4754114151000977,2.4000701904296875,True
a768ba39fe2237fb19491ff3,test,2.3642535209655762,2.4000701904296875,False
cf7bde26ebeb128101689e87,test,2.3483214378356934,2.4000701904296875,False
c2cb0c43c0ca98cca3fb3747,test,2.2874758243560791,2.4000701904296875,False
f88884345b9a3f0e3d62f4c4,test,2.4011156558990479,2.4000701904296875,True
ba73472d0152531aab096510,test,2.4303364753723145,2.4000701904296875,True
8dc18a3f70fab36098dd0d52,test,2.1634194850921631,2.4000701904296875,False
c373f1e8d89bb18df5ca4b77,test,2.3629345893859863,2.4000701904296875,False
5a4cfc749e5301a5b31a22c4,test,2.4124667644500732,2.4000701904296875,True
e42a8414f718895b1721abec,test,2.3021464347839355,2.4000701904296875,False
7895eccb31b5b2a85262e062,test,2.3356273174285889,2.4000701904296875,False
0cf3e157e4c0e17cd58cc981,test,2.1650059223175049,2.4000701904296875,False
da356b58499dca132a6d67b6,test,2.2120659351348877,2.4000701904296875,False
f9d2b6149075e1d272a14267,test,2.2822771072387695,2.4000701904296875,False
725fabcc4c44c5ee51246d78,test,2.1618630886077881,2.4000701904296875,False
420fdcf5c247957d9c950174,test,2.5806682109832764,2.4000701904296875,True
3dda55abf4ae34b8adcb4e65,test,2.4495713710784912,2.4000701904296875,True
eef86025d524ff6dfd52ad1c,test,2.1912295818328857,2.4000701904296875,False
a64830cbe19e5ca56ad89629,test,2.2110142707824707,2.4000701904296875,False
71c67983c6d96f70049d9ac6,test,2.2842104434967041,2.4000701904296875,False
46583c79db81086d05eed549,test,2.3038640022277832,2.4000701904296875,False
30967b1394262f3786dbc812,test,2.5206813812255859,2.4000701904296875,True
c1c7961f1378e8dad399290f,test,2.3403966426849365,2.4000701904296875,False
74e3591b66d5b59925b026b8,test,2.1619257926940918,2.4000701904296875,False
cce23dc9ed8f89aeedb38811,test,2.210468053817749,2.4000701904296875,False
156f5d883036b4cc5f95980d,test,2.1543359756469727,2.4000701904296875,False
b763db5ef601318b84ff6946,test,2.2881851196289062,2.4000701904296875,False
1c6b7a93d59f386e27b64780,test,2.270716667175293,2.4000701904296875,False
6d2bad128a1ab5061fb42af5,test,2.3410775661468506,2.4000701904296875,False
3a39d097d286e1453c1467fc,test,2.3318731784820557,2.4000701904296875,False
7aa55a1abfbcccf798285c97,test,2.3343300819396973,2.4000701904296875,False
23df30821328eba2553753c3,test,2.2656834125518799,2.4000701904296875,False
e7094972aed37eec180929cb,test,2.0741794109344482,2.4000701904296875,False
7e097e31d56b3e6629e11194,test,2.0822582244873047,2.4000701904296875,False
d0a03a58633036a118803633,test,1.9833848476409912,2.4000701904296875,False
9c8ffbaf9ffa7a56b654d1f1,test,1.8806265592575073,2.4000701904296875,False
61aef9a6b5d0c6bcb75b1266,test,2.0966343879699707,2.4000701904296875,False
2a88f74644bac5ccdedb5aeb,test,2.6647951602935791,2.4000701904296875,True
19b63757ea88b3963e7004e0,test,1.9760761260986328,2.4000701904296875,False
4fa1a001da9cb7eb8c7fb3ae,test,1.8282290697097778,2.4000701904296875,False
eab554e08045a3856fa203bc,test,1.8053117990493774,2.4000701904296875,False
30f2a82e3553a151af9f0e20,test,2.0519852638244629,2.4000701904296875,False
f42f9a075db5a562ffec3770,test,1.9461410045623779,2.4000701904296875,False
ed960dd36746d6c7a28d527d,test,1.9092954397201538,2.4000701904296875,False
e480b5ced51ba8c3a59cf8dd,test,2.2311196327209473,2.4000701904296875,False
9a6ab4df3b2ef0d2b7859652,test,1.930275559425354,2.4000701904296875,False
9ac51c113742157b45e40d79,test,1.8546197414398193,2.4000701904296875,False
f50bf0a6b60c8a6ac945231b,test,2.1436371803283691,2.4000701904296875,False
bfa8a3427a285784650ef7d2,test,1.9761685132980347,2.4000701904296875,False
