image_id,run_id,image_path,mask_path,source_defect_label,defect_type,defect_types,defect_type_count,image_anomaly_score,frozen_image_threshold,frozen_pixel_threshold,score_minus_threshold,detected_at_frozen_threshold,mask_area_pixels,mask_area_fraction,per_image_pixel_ap,peak_inside_mask,peak_x,peak_y,peak_tie_count,any_overlap_with_mask,intersection_pixels,union_pixels,per_image_iou,defect_centroid_x,defect_centroid_y,map_height,map_width,size_quartile
06f40448dee1a930bf10c4ea,31e0704ff1da6906,pcb1/Data/Images/Anomaly/000.JPG,pcb1/Data/Masks/Anomaly/000.png,bent,bent,"[""bent""]",1,2.4277660846710205,2.4000701904296875,1.8157923221588135,0.027695894241333008,True,65,0.0009918212890625,0.066904134767034509,False,179,100,1,True,48,2782,0.017253774263120056,100.95384615384616,192.1076923076923,256,256,Q1
2f825d9d344c559d7d72cdec,31e0704ff1da6906,pcb1/Data/Images/Anomaly/001.JPG,pcb1/Data/Masks/Anomaly/001.png,bent,bent,"[""bent""]",1,2.3317499160766602,2.4000701904296875,1.8157923221588135,-0.068320274353027344,False,73,0.0011138916015625,0.066469914732486493,False,116,196,1,True,55,3192,0.017230576441102756,120.58904109589041,193.30136986301369,256,256,Q1
de960b7437d8b5f529bf279f,31e0704ff1da6906,pcb1/Data/Images/Anomaly/002.JPG,pcb1/Data/Masks/Anomaly/002.png,bent,bent,"[""bent""]",1,2.4450919628143311,2.4000701904296875,1.8157923221588135,0.045021772384643555,True,72,0.0010986328125,0.10317193888499217,False,123,196,1,True,72,2460,0.029268292682926831,124.625,190.25,256,256,Q1
acb837b71ab9fc67f9faee80,31e0704ff1da6906,pcb1/Data/Images/Anomaly/003.JPG,pcb1/Data/Masks/Anomaly/003.png,bent,bent,"[""bent""]",1,2.6610844135284424,2.4000701904296875,1.8157923221588135,0.26101422309875488,True,73,0.0011138916015625,0.12659711250676342,False,155,195,1,True,63,2875,0.021913043478260869,154.7123287671233,188.87671232876713,256,256,Q1
c6d0a9a2fa5268e44909c6fa,31e0704ff1da6906,pcb1/Data/Images/Anomaly/004.JPG,pcb1/Data/Masks/Anomaly/004.png,bent,bent,"[""bent""]",1,2.7384305000305176,2.4000701904296875,1.8157923221588135,0.33836030960083008,True,95,0.0014495849609375,0.24495481648437728,False,99,196,1,True,93,3115,0.02985553772070626,93.515789473684208,190.30526315789473,256,256,Q1
efd3a55951e74b6f4ee6bc3e,31e0704ff1da6906,pcb1/Data/Images/Anomaly/005.JPG,pcb1/Data/Masks/Anomaly/005.png,bent,bent,"[""bent""]",1,2.7761702537536621,2.4000701904296875,1.8157923221588135,0.37610006332397461,True,123,0.0018768310546875,0.24422255055378517,True,147,196,1,True,123,3529,0.034854066307735902,143.00813008130081,189.90243902439025,256,256,Q2
d974322eff775a646b101f0e,31e0704ff1da6906,pcb1/Data/Images/Anomaly/006.JPG,pcb1/Data/Masks/Anomaly/006.png,bent,bent,"[""bent""]",1,2.3960638046264648,2.4000701904296875,1.8157923221588135,-0.0040063858032226562,False,121,0.0018463134765625,0.066473260136365092,False,100,196,1,True,93,2618,0.035523300229182583,107.95867768595042,190.63636363636363,256,256,Q2
b0700bc6b29aae01a84814ed,31e0704ff1da6906,pcb1/Data/Images/Anomaly/007.JPG,pcb1/Data/Masks/Anomaly/007.png,bent,bent,"[""bent""]",1,2.3226809501647949,2.4000701904296875,1.8157923221588135,-0.077389240264892578,False,118,0.001800537109375,0.14638543310384255,True,100,196,1,True,70,4117,0.017002671848433324,116.92372881355932,191.14406779661016,256,256,Q2
937e457652aea2b05a14772c,31e0704ff1da6906,pcb1/Data/Images/Anomaly/008.JPG,pcb1/Data/Masks/Anomaly/008.png,bent,bent,"[""bent""]",1,2.8914687633514404,2.4000701904296875,1.8157923221588135,0.49139857292175293,True,167,0.0025482177734375,0.35093557349334364,True,115,196,1,True,167,4068,0.041052114060963617,111.8622754491018,193.55688622754491,256,256,Q3
8c0f93633237201e215dfe01,31e0704ff1da6906,pcb1/Data/Images/Anomaly/009.JPG,pcb1/Data/Masks/Anomaly/009.png,"bent,melt",bent,"[""bent"", ""melt""]",2,2.9067645072937012,2.4000701904296875,1.8157923221588135,0.50669431686401367,True,204,0.00311279296875,0.36826361742127028,True,123,196,1,True,204,3992,0.051102204408817638,125.50980392156863,193.55882352941177,256,256,Q3
8c0f93633237201e215dfe01,31e0704ff1da6906,pcb1/Data/Images/Anomaly/009.JPG,pcb1/Data/Masks/Anomaly/009.png,"bent,melt",melt,"[""bent"", ""melt""]",2,2.9067645072937012,2.4000701904296875,1.8157923221588135,0.50669431686401367,True,204,0.00311279296875,0.36826361742127028,True,123,196,1,True,204,3992,0.051102204408817638,125.50980392156863,193.55882352941177,256,256,Q3
fba1a82359c4e960a7f81c43,31e0704ff1da6906,pcb1/Data/Images/Anomaly/010.JPG,pcb1/Data/Masks/Anomaly/010.png,bent,bent,"[""bent""]",1,3.1502938270568848,2.4000701904296875,1.8157923221588135,0.75022363662719727,True,229,0.0034942626953125,0.38642716077147637,True,123,195,1,True,229,4260,0.053755868544600939,119.24017467248909,191.20960698689956,256,256,Q4
d9a35e62add18f84d5fe6ab2,31e0704ff1da6906,pcb1/Data/Images/Anomaly/011.JPG,pcb1/Data/Masks/Anomaly/011.png,bent,bent,"[""bent""]",1,2.7155063152313232,2.4000701904296875,1.8157923221588135,0.31543612480163574,True,169,0.0025787353515625,0.31521171793581643,False,131,196,1,True,168,2855,0.05884413309982487,124.50887573964496,197.82248520710058,256,256,Q3
5d14f6175a2be9fad38b82eb,31e0704ff1da6906,pcb1/Data/Images/Anomaly/012.JPG,pcb1/Data/Masks/Anomaly/012.png,bent,bent,"[""bent""]",1,2.8383646011352539,2.4000701904296875,1.8157923221588135,0.43829441070556641,True,163,0.0024871826171875,0.24862869920678043,True,131,195,1,True,163,3924,0.041539245667686034,121.3680981595092,192.71779141104295,256,256,Q3
cc46aee3364a0a34fe29d893,31e0704ff1da6906,pcb1/Data/Images/Anomaly/013.JPG,pcb1/Data/Masks/Anomaly/013.png,bent,bent,"[""bent""]",1,2.6939411163330078,2.4000701904296875,1.8157923221588135,0.29387092590332031,True,245,0.0037384033203125,0.15921967383239666,False,140,195,1,True,240,4632,0.05181347150259067,131.40816326530611,188.68163265306123,256,256,Q4
99eaf79ae38a0e02fd89262b,31e0704ff1da6906,pcb1/Data/Images/Anomaly/014.JPG,pcb1/Data/Masks/Anomaly/014.png,bent,bent,"[""bent""]",1,3.3550314903259277,2.4000701904296875,1.8157923221588135,0.95496129989624023,True,206,0.003143310546875,0.21075361266292653,True,107,196,1,True,206,5389,0.038226015958433848,117.39805825242719,192.99514563106797,256,256,Q3
cc6f2b8f5db2df27cc8f45d7,31e0704ff1da6906,pcb1/Data/Images/Anomaly/015.JPG,pcb1/Data/Masks/Anomaly/015.png,melt,melt,"[""melt""]",1,2.3109142780303955,2.4000701904296875,1.8157923221588135,-0.089155912399291992,False,103,0.0015716552734375,0.0060746977507464706,False,156,91,1,False,0,2393,0,127.84466019417475,169.35922330097088,256,256,Q2
0544dcfb259d8b0c921e8cf2,31e0704ff1da6906,pcb1/Data/Images/Anomaly/016.JPG,pcb1/Data/Masks/Anomaly/016.png,melt,melt,"[""melt""]",1,2.6191484928131104,2.4000701904296875,1.8157923221588135,0.21907830238342285,True,159,0.0024261474609375,0.60503848898414747,True,123,203,1,True,159,4285,0.037106184364060678,121.0251572327044,203.62893081761007,256,256,Q3
e96fc0a78e0f560962fe98b9,31e0704ff1da6906,pcb1/Data/Images/Anomaly/017.JPG,pcb1/Data/Masks/Anomaly/017.png,melt,melt,"[""melt""]",1,2.1221661567687988,2.4000701904296875,1.8157923221588135,-0.27790403366088867,False,127,0.0019378662109375,0.0078533980401588408,False,75,116,1,False,0,1674,0,130.89763779527559,169.48031496062993,256,256,Q2
b2665a4734aca10982f55f97,31e0704ff1da6906,pcb1/Data/Images/Anomaly/018.JPG,pcb1/Data/Masks/Anomaly/018.png,melt,melt,"[""melt""]",1,2.338179349899292,2.4000701904296875,1.8157923221588135,-0.061890840530395508,False,98,0.001495361328125,0.0040273242005124821,False,211,84,1,False,0,2420,0,125.13265306122449,171.33673469387756,256,256,Q1
19ddc36fffb2ae41a480851f,31e0704ff1da6906,pcb1/Data/Images/Anomaly/019.JPG,pcb1/Data/Masks/Anomaly/019.png,melt,melt,"[""melt""]",1,2.3912084102630615,2.4000701904296875,1.8157923221588135,-0.0088617801666259766,False,172,0.00262451171875,0.02376337106569263,False,180,99,1,True,96,3235,0.029675425038639878,125.8546511627907,173.53488372093022,256,256,Q3
37a5f7103193e235d49f1e76,31e0704ff1da6906,pcb1/Data/Images/Anomaly/020.JPG,pcb1/Data/Masks/Anomaly/020.png,"melt,scratch",melt,"[""melt"", ""scratch""]",2,2.3741374015808105,2.4000701904296875,1.8157923221588135,-0.025932788848876953,False,280,0.0042724609375,0.02026179469339872,False,179,116,1,True,37,3959,0.0093457943925233638,124.2,178.125,256,256,Q4
37a5f7103193e235d49f1e76,31e0704ff1da6906,pcb1/Data/Images/Anomaly/020.JPG,pcb1/Data/Masks/Anomaly/020.png,"melt,scratch",scratch,"[""melt"", ""scratch""]",2,2.3741374015808105,2.4000701904296875,1.8157923221588135,-0.025932788848876953,False,280,0.0042724609375,0.02026179469339872,False,179,116,1,True,37,3959,0.0093457943925233638,124.2,178.125,256,256,Q4
5461e26868dd5bd657830961,31e0704ff1da6906,pcb1/Data/Images/Anomaly/021.JPG,pcb1/Data/Masks/Anomaly/021.png,melt,melt,"[""melt""]",1,2.4406356811523438,2.4000701904296875,1.8157923221588135,0.04056549072265625,True,115,0.0017547607421875,0.10738450978612549,False,139,204,1,True,115,3360,0.034226190476190479,135.87826086956522,211.78260869565219,256,256,Q2
b8888974f860bf6b0c0215c8,31e0704ff1da6906,pcb1/Data/Images/Anomaly/022.JPG,pcb1/Data/Masks/Anomaly/022.png,melt,melt,"[""melt""]",1,2.1493303775787354,2.4000701904296875,1.8157923221588135,-0.25073981285095215,False,144,0.002197265625,0.011447431877628927,False,204,172,1,True,1,2092,0.00047801147227533459,125.06944444444444,172.51388888888889,256,256,Q3
d5d1387098de672909855830,31e0704ff1da6906,pcb1/Data/Images/Anomaly/023.JPG,pcb1/Data/Masks/Anomaly/023.png,melt,melt,"[""melt""]",1,2.3927383422851562,2.4000701904296875,1.8157923221588135,-0.00733184814453125,False,75,0.0011444091796875,0.0080540170690072237,False,156,91,1,True,13,3090,0.004207119741100324,131.97333333333333,208.56,256,256,Q1
a1ac0b3e3bb6fa4e732f03c5,31e0704ff1da6906,pcb1/Data/Images/Anomaly/024.JPG,pcb1/Data/Masks/Anomaly/024.png,melt,melt,"[""melt""]",1,2.3677494525909424,2.4000701904296875,1.8157923221588135,-0.032320737838745117,False,109,0.0016632080078125,0.0055900801696472172,False,156,107,1,False,0,2880,0,136.83486238532109,171.58715596330276,256,256,Q2
401b8aaa829c62cd6e5e4b37,31e0704ff1da6906,pcb1/Data/Images/Anomaly/025.JPG,pcb1/Data/Masks/Anomaly/025.png,melt,melt,"[""melt""]",1,2.2670021057128906,2.4000701904296875,1.8157923221588135,-0.13306808471679688,False,91,0.0013885498046875,0.0066689325451031005,False,155,91,1,False,0,2017,0,109.73626373626374,172.25274725274724,256,256,Q1
cf0b7d2b92f0fb2e900016bc,31e0704ff1da6906,pcb1/Data/Images/Anomaly/026.JPG,pcb1/Data/Masks/Anomaly/026.png,melt,melt,"[""melt""]",1,2.3616981506347656,2.4000701904296875,1.8157923221588135,-0.038372039794921875,False,98,0.001495361328125,0.0039952250015327763,False,156,92,1,False,0,3854,0,123.72448979591837,171.78571428571428,256,256,Q1
0aef9397e857664be50586e6,31e0704ff1da6906,pcb1/Data/Images/Anomaly/027.JPG,pcb1/Data/Masks/Anomaly/027.png,melt,melt,"[""melt""]",1,2.3139231204986572,2.4000701904296875,1.8157923221588135,-0.086147069931030273,False,161,0.0024566650390625,0.0083194739639294042,False,196,84,1,False,0,2160,0,108.11801242236025,167.1863354037267,256,256,Q3
058e7c1cfa361985e0c768c7,31e0704ff1da6906,pcb1/Data/Images/Anomaly/028.JPG,pcb1/Data/Masks/Anomaly/028.png,melt,melt,"[""melt""]",1,2.4653701782226562,2.4000701904296875,1.8157923221588135,0.06529998779296875,True,92,0.00140380859375,0.037715603520970462,False,156,91,1,True,88,2581,0.03409531189461449,119.04347826086956,202.80434782608697,256,256,Q1
f0259e5eda4cbee36218f2e8,31e0704ff1da6906,pcb1/Data/Images/Anomaly/029.JPG,pcb1/Data/Masks/Anomaly/029.png,melt,melt,"[""melt""]",1,2.2662522792816162,2.4000701904296875,1.8157923221588135,-0.13381791114807129,False,114,0.001739501953125,0.0095659264252978028,False,44,76,1,False,0,1856,0,114.71929824561404,169.42105263157896,256,256,Q2
52249861bad3bd5cc6943c9b,31e0704ff1da6906,pcb1/Data/Images/Anomaly/030.JPG,pcb1/Data/Masks/Anomaly/030.png,melt,melt,"[""melt""]",1,2.3339693546295166,2.4000701904296875,1.8157923221588135,-0.066100835800170898,False,118,0.001800537109375,0.067749695206149388,False,172,116,1,True,116,3480,0.033333333333333333,122.55932203389831,206.69491525423729,256,256,Q2
2f84a33fef692ee5bf520862,31e0704ff1da6906,pcb1/Data/Images/Anomaly/031.JPG,pcb1/Data/Masks/Anomaly/031.png,melt,melt,"[""melt""]",1,2.1879532337188721,2.4000701904296875,1.8157923221588135,-0.21211695671081543,False,155,0.0023651123046875,0.040959152976329294,False,180,99,1,True,73,2750,0.026545454545454546,115.59999999999999,202.41935483870967,256,256,Q3
a9b088cb5fbeb8650e53adca,31e0704ff1da6906,pcb1/Data/Images/Anomaly/032.JPG,pcb1/Data/Masks/Anomaly/032.png,melt,melt,"[""melt""]",1,2.6121399402618408,2.4000701904296875,1.8157923221588135,0.21206974983215332,True,126,0.001922607421875,0.2680054718148201,False,131,196,1,True,122,2401,0.050812161599333612,130.36507936507937,203.85714285714286,256,256,Q2
fc0e0c77761b585a8ee21495,31e0704ff1da6906,pcb1/Data/Images/Anomaly/033.JPG,pcb1/Data/Masks/Anomaly/033.png,melt,melt,"[""melt""]",1,2.3949005603790283,2.4000701904296875,1.8157923221588135,-0.0051696300506591797,False,106,0.001617431640625,0.0064980963005163836,False,156,91,1,False,0,1922,0,121.41509433962264,173.34905660377359,256,256,Q2
c3d4944f94350960e97d6e48,31e0704ff1da6906,pcb1/Data/Images/Anomaly/034.JPG,pcb1/Data/Masks/Anomaly/034.png,melt,melt,"[""melt""]",1,2.5680222511291504,2.4000701904296875,1.8157923221588135,0.16795206069946289,True,178,0.002716064453125,0.015983815212544352,False,67,107,1,True,56,3967,0.01411646080161331,123.20224719101124,167.79213483146069,256,256,Q3
5c7634efa4149dc1c41b584a,31e0704ff1da6906,pcb1/Data/Images/Anomaly/035.JPG,pcb1/Data/Masks/Anomaly/035.png,melt,melt,"[""melt""]",1,2.3464186191558838,2.4000701904296875,1.8157923221588135,-0.053651571273803711,False,108,0.00164794921875,0.0071808638651651106,False,156,91,1,False,0,2348,0,114.66666666666667,168.42592592592592,256,256,Q2
8d0cec0332c073969b2b983b,31e0704ff1da6906,pcb1/Data/Images/Anomaly/036.JPG,pcb1/Data/Masks/Anomaly/036.png,melt,melt,"[""melt""]",1,2.1900708675384521,2.4000701904296875,1.8157923221588135,-0.20999932289123535,False,130,0.001983642578125,0.023647123393068743,False,188,83,1,True,64,2226,0.028751123090745734,122.45384615384616,172.6076923076923,256,256,Q2
868416b86aae26b7d6e9d885,31e0704ff1da6906,pcb1/Data/Images/Anomaly/037.JPG,pcb1/Data/Masks/Anomaly/037.png,melt,melt,"[""melt""]",1,2.1572127342224121,2.4000701904296875,1.8157923221588135,-0.24285745620727539,False,74,0.001129150390625,0.0029758182482482621,False,52,164,1,True,10,2736,0.0036549707602339179,114.4054054054054,169.44594594594594,256,256,Q1
818f50144b35ecb779aabdf6,31e0704ff1da6906,pcb1/Data/Images/Anomaly/038.JPG,pcb1/Data/Masks/Anomaly/038.png,melt,melt,"[""melt""]",1,2.5346286296844482,2.4000701904296875,1.8157923221588135,0.13455843925476074,True,109,0.0016632080078125,0.47900600340567995,True,108,203,1,True,109,4182,0.026064084170253469,111.45871559633028,201.651376146789,256,256,Q2
9ed49634ee0c9fa6fe0a2752,31e0704ff1da6906,pcb1/Data/Images/Anomaly/039.JPG,pcb1/Data/Masks/Anomaly/039.png,melt,melt,"[""melt""]",1,2.4800186157226562,2.4000701904296875,1.8157923221588135,0.07994842529296875,True,156,0.00238037109375,0.26719485245488572,False,108,196,1,True,155,4194,0.036957558416785885,113.19871794871794,204.69230769230768,256,256,Q3
203c5e27d6a34c52a904149b,31e0704ff1da6906,pcb1/Data/Images/Anomaly/040.JPG,pcb1/Data/Masks/Anomaly/040.png,"scratch,missing",scratch,"[""scratch"", ""missing""]",2,3.2015848159790039,2.4000701904296875,1.8157923221588135,0.80151462554931641,True,3249,0.0495758056640625,0.94854230537707074,True,172,123,1,True,3218,6549,0.49137272866086423,163.68205601723608,112.46814404432133,256,256,Q4
203c5e27d6a34c52a904149b,31e0704ff1da6906,pcb1/Data/Images/Anomaly/040.JPG,pcb1/Data/Masks/Anomaly/040.png,"scratch,missing",missing,"[""scratch"", ""missing""]",2,3.2015848159790039,2.4000701904296875,1.8157923221588135,0.80151462554931641,True,3249,0.0495758056640625,0.94854230537707074,True,172,123,1,True,3218,6549,0.49137272866086423,163.68205601723608,112.46814404432133,256,256,Q4
7a8d7f208fe54661aac4c264,31e0704ff1da6906,pcb1/Data/Images/Anomaly/041.JPG,pcb1/Data/Masks/Anomaly/041.png,missing,missing,"[""missing""]",1,3.8233118057250977,2.4000701904296875,1.8157923221588135,1.4232416152954102,True,6757,0.1031036376953125,0.9822929485198183,True,68,124,1,True,6757,11353,0.59517308200475649,113.29909723249963,123.77282817818559,256,256,Q4
f4849b27e3a9671e0d552fa1,31e0704ff1da6906,pcb1/Data/Images/Anomaly/042.JPG,pcb1/Data/Masks/Anomaly/042.png,missing,missing,"[""missing""]",1,2.8360395431518555,2.4000701904296875,1.8157923221588135,0.43596935272216797,True,680,0.0103759765625,0.63621164526319973,True,123,92,1,True,674,6775,0.099483394833948344,123.5,95,256,256,Q4
195e220a16863d9f12a1bbe2,31e0704ff1da6906,pcb1/Data/Images/Anomaly/043.JPG,pcb1/Data/Masks/Anomaly/043.png,missing,missing,"[""missing""]",1,3.8972678184509277,2.4000701904296875,1.8157923221588135,1.4971976280212402,True,8338,0.127227783203125,0.9849667535810156,True,68,132,1,True,8338,13322,0.62588199969974478,124.69908851043415,128.64152074838091,256,256,Q4
3a4bfd8639e5c413622c95d7,31e0704ff1da6906,pcb1/Data/Images/Anomaly/044.JPG,pcb1/Data/Masks/Anomaly/044.png,missing,missing,"[""missing""]",1,3.4428672790527344,2.4000701904296875,1.8157923221588135,1.0427970886230469,True,5179,0.0790252685546875,0.9760695183184549,True,172,123,1,True,5179,10183,0.50859275262692727,123.06101564008496,118.70303147325738,256,256,Q4
a5ea8d7cc5f3fe4879fe2a2d,31e0704ff1da6906,pcb1/Data/Images/Anomaly/045.JPG,pcb1/Data/Masks/Anomaly/045.png,missing,missing,"[""missing""]",1,3.573305606842041,2.4000701904296875,1.8157923221588135,1.1732354164123535,True,5175,0.0789642333984375,0.98904007078024503,True,75,124,1,True,5175,9580,0.54018789144050106,124.40850241545894,120.67091787439614,256,256,Q4
2bd9079483b74cb788201bf4,31e0704ff1da6906,pcb1/Data/Images/Anomaly/046.JPG,pcb1/Data/Masks/Anomaly/046.png,missing,missing,"[""missing""]",1,4.0498156547546387,2.4000701904296875,1.8157923221588135,1.6497454643249512,True,4150,0.063323974609375,0.98583706585582098,True,68,132,1,True,4150,7828,0.53014818599897806,72.454216867469881,128.91228915662651,256,256,Q4
87158bd8ef0b4800fac96184,31e0704ff1da6906,pcb1/Data/Images/Anomaly/047.JPG,pcb1/Data/Masks/Anomaly/047.png,missing,missing,"[""missing""]",1,2.2131609916687012,2.4000701904296875,1.8157923221588135,-0.18690919876098633,False,124,0.00189208984375,0.022753366753848155,False,60,92,1,True,40,1966,0.020345879959308241,118.5,194,256,256,Q2
9df2670f76428def52163447,31e0704ff1da6906,pcb1/Data/Images/Anomaly/048.JPG,pcb1/Data/Masks/Anomaly/048.png,missing,missing,"[""missing""]",1,2.302325963973999,2.4000701904296875,1.8157923221588135,-0.097744226455688477,False,73,0.0011138916015625,0.0019660014206711713,False,156,91,1,False,0,2271,0,139.04109589041096,193.61643835616439,256,256,Q1
43ed28b7189e5aecf0912bd1,31e0704ff1da6906,pcb1/Data/Images/Anomaly/049.JPG,pcb1/Data/Masks/Anomaly/049.png,missing,missing,"[""missing""]",1,2.1172733306884766,2.4000701904296875,1.8157923221588135,-0.28279685974121094,False,424,0.0064697265625,0.0096922962398018585,False,123,91,1,True,29,3159,0.0091801202912314018,122.43632075471699,192.97405660377359,256,256,Q4
941fc11ace7235f6a8c754a4,31e0704ff1da6906,pcb1/Data/Images/Anomaly/050.JPG,pcb1/Data/Masks/Anomaly/050.png,missing,missing,"[""missing""]",1,3.7992339134216309,2.4000701904296875,1.8157923221588135,1.3991637229919434,True,4180,0.06378173828125,0.98193608009849398,True,76,131,1,True,4180,8178,0.51112741501589631,79.801674641148324,128.1267942583732,256,256,Q4
ca6517206c7ed606f1334b73,31e0704ff1da6906,pcb1/Data/Images/Anomaly/051.JPG,pcb1/Data/Masks/Anomaly/051.png,"melt,missing",melt,"[""melt"", ""missing""]",2,2.4691767692565918,2.4000701904296875,1.8157923221588135,0.069106578826904297,True,174,0.002655029296875,0.006941881617829263,False,60,108,1,True,22,5773,0.0038108435821929674,124.20689655172414,192.13218390804599,256,256,Q3
ca6517206c7ed606f1334b73,31e0704ff1da6906,pcb1/Data/Images/Anomaly/051.JPG,pcb1/Data/Masks/Anomaly/051.png,"melt,missing",missing,"[""melt"", ""missing""]",2,2.4691767692565918,2.4000701904296875,1.8157923221588135,0.069106578826904297,True,174,0.002655029296875,0.006941881617829263,False,60,108,1,True,22,5773,0.0038108435821929674,124.20689655172414,192.13218390804599,256,256,Q3
e291315ff3baf606d5b6f512,31e0704ff1da6906,pcb1/Data/Images/Anomaly/052.JPG,pcb1/Data/Masks/Anomaly/052.png,missing,missing,"[""missing""]",1,2.3496220111846924,2.4000701904296875,1.8157923221588135,-0.050448179244995117,False,106,0.001617431640625,0.014106130128549332,False,164,139,1,True,40,3553,0.01125809175344779,124.55660377358491,193.8679245283019,256,256,Q2
f8c75b3d35149a713c6f9194,31e0704ff1da6906,pcb1/Data/Images/Anomaly/053.JPG,pcb1/Data/Masks/Anomaly/053.png,"melt,scratch,missing",melt,"[""melt"", ""scratch"", ""missing""]",3,3.1124095916748047,2.4000701904296875,1.8157923221588135,0.71233940124511719,True,1227,0.0187225341796875,0.8907340341896921,True,179,115,1,True,1139,5570,0.20448833034111311,174.24531377343112,120.02037489812551,256,256,Q4
f8c75b3d35149a713c6f9194,31e0704ff1da6906,pcb1/Data/Images/Anomaly/053.JPG,pcb1/Data/Masks/Anomaly/053.png,"melt,scratch,missing",scratch,"[""melt"", ""scratch"", ""missing""]",3,3.1124095916748047,2.4000701904296875,1.8157923221588135,0.71233940124511719,True,1227,0.0187225341796875,0.8907340341896921,True,179,115,1,True,1139,5570,0.20448833034111311,174.24531377343112,120.02037489812551,256,256,Q4
f8c75b3d35149a713c6f9194,31e0704ff1da6906,pcb1/Data/Images/Anomaly/053.JPG,pcb1/Data/Masks/Anomaly/053.png,"melt,scratch,missing",missing,"[""melt"", ""scratch"", ""missing""]",3,3.1124095916748047,2.4000701904296875,1.8157923221588135,0.71233940124511719,True,1227,0.0187225341796875,0.8907340341896921,True,179,115,1,True,1139,5570,0.20448833034111311,174.24531377343112,120.02037489812551,256,256,Q4
de611bce473c840af8adafcd,31e0704ff1da6906,pcb1/Data/Images/Anomaly/054.JPG,pcb1/Data/Masks/Anomaly/054.png,missing,missing,"[""missing""]",1,3.3806717395782471,2.4000701904296875,1.8157923221588135,0.98060154914855957,True,2585,0.0394439697265625,0.99142359681593939,True,179,124,1,True,2585,7002,0.36918023421879465,177.89284332688587,120.39690522243714,256,256,Q4
2f3b6929e46e26cbd6efaf83,31e0704ff1da6906,pcb1/Data/Images/Anomaly/055.JPG,pcb1/Data/Masks/Anomaly/055.png,missing,missing,"[""missing""]",1,3.081268310546875,2.4000701904296875,1.8157923221588135,0.6811981201171875,True,2571,0.0392303466796875,0.95165003283836802,True,68,116,1,True,2570,6431,0.39962680765044317,70.267989109295996,120.59898872034228,256,256,Q4
58c7b18bac131308bc92b375,31e0704ff1da6906,pcb1/Data/Images/Anomaly/056.JPG,pcb1/Data/Masks/Anomaly/056.png,missing,missing,"[""missing""]",1,3.1030941009521484,2.4000701904296875,1.8157923221588135,0.70302391052246094,True,1280,0.01953125,0.93000812083232176,True,171,115,1,True,1280,7095,0.18040873854827344,170.25156250000001,118.29765625,256,256,Q4
717172f0116db667e0dce7d7,31e0704ff1da6906,pcb1/Data/Images/Anomaly/057.JPG,pcb1/Data/Masks/Anomaly/057.png,missing,missing,"[""missing""]",1,2.3060336112976074,2.4000701904296875,1.8157923221588135,-0.094036579132080078,False,168,0.0025634765625,0.016509631646026722,False,164,116,1,True,63,3483,0.018087855297157621,111.97619047619048,191.8095238095238,256,256,Q3
2f63d640d4f13c0be8d245aa,31e0704ff1da6906,pcb1/Data/Images/Anomaly/058.JPG,pcb1/Data/Masks/Anomaly/058.png,missing,missing,"[""missing""]",1,2.2607412338256836,2.4000701904296875,1.8157923221588135,-0.13932895660400391,False,94,0.001434326171875,0.005200527648481201,False,60,92,1,False,0,2404,0,110.97872340425532,194.18085106382978,256,256,Q1
59093f01f637a9d6917b2974,31e0704ff1da6906,pcb1/Data/Images/Anomaly/059.JPG,pcb1/Data/Masks/Anomaly/059.png,missing,missing,"[""missing""]",1,3.2913508415222168,2.4000701904296875,1.8157923221588135,0.8912806510925293,True,3486,0.053192138671875,0.9645176199992529,True,179,116,1,True,3480,8038,0.43294351828813138,175.36890418818129,124.02667814113597,256,256,Q4
28cfef727f84eaa01e9e5c2f,31e0704ff1da6906,pcb1/Data/Images/Anomaly/060.JPG,pcb1/Data/Masks/Anomaly/060.png,melt,melt,"[""melt""]",1,2.1099369525909424,2.4000701904296875,1.8157923221588135,-0.29013323783874512,False,63,0.0009613037109375,0.0041091326250616809,False,52,164,1,False,0,1866,0,121.17460317460318,148.12698412698413,256,256,Q1
ed801f703c4806f247f18f48,31e0704ff1da6906,pcb1/Data/Images/Anomaly/061.JPG,pcb1/Data/Masks/Anomaly/061.png,melt,melt,"[""melt""]",1,2.1632010936737061,2.4000701904296875,1.8157923221588135,-0.23686909675598145,False,73,0.0011138916015625,0.0079015207013720667,False,67,99,1,False,0,1832,0,101.95890410958904,88.178082191780817,256,256,Q1
1d91386b1f478d2daa4db014,31e0704ff1da6906,pcb1/Data/Images/Anomaly/062.JPG,pcb1/Data/Masks/Anomaly/062.png,melt,melt,"[""melt""]",1,2.332686185836792,2.4000701904296875,1.8157923221588135,-0.067384004592895508,False,79,0.0012054443359375,0.0058962071114887155,False,179,100,1,False,0,2404,0,107.92405063291139,135.53164556962025,256,256,Q1
016abd4045700c4284b5e89c,31e0704ff1da6906,pcb1/Data/Images/Anomaly/063.JPG,pcb1/Data/Masks/Anomaly/063.png,melt,melt,"[""melt""]",1,2.4111950397491455,2.4000701904296875,1.8157923221588135,0.011124849319458008,True,130,0.001983642578125,0.018838987566450124,False,156,91,1,True,21,2038,0.010304219823356232,121.36923076923077,113.76153846153846,256,256,Q2
2dda7ca3f73238832b2ca1a1,31e0704ff1da6906,pcb1/Data/Images/Anomaly/064.JPG,pcb1/Data/Masks/Anomaly/064.png,melt,melt,"[""melt""]",1,2.2925355434417725,2.4000701904296875,1.8157923221588135,-0.10753464698791504,False,141,0.0021514892578125,0.072940523496411197,False,188,100,1,True,96,2689,0.035701004090740049,120.75886524822695,141.77304964539007,256,256,Q3
d513967cbf2cbf166191b214,31e0704ff1da6906,pcb1/Data/Images/Anomaly/065.JPG,pcb1/Data/Masks/Anomaly/065.png,melt,melt,"[""melt""]",1,2.4410827159881592,2.4000701904296875,1.8157923221588135,0.04101252555847168,True,52,0.00079345703125,0.60049090392576276,True,115,203,1,True,49,3339,0.014675052410901468,111.98076923076923,200.67307692307693,256,256,Q1
9663d051f8bd8b2f73b6865a,31e0704ff1da6906,pcb1/Data/Images/Anomaly/066.JPG,pcb1/Data/Masks/Anomaly/066.png,melt,melt,"[""melt""]",1,2.4179606437683105,2.4000701904296875,1.8157923221588135,0.017890453338623047,True,144,0.002197265625,0.047636844928329522,False,76,108,1,True,144,4195,0.034326579261025031,130.09722222222223,166.47222222222223,256,256,Q3
f512f563bc839ae91c3233a3,31e0704ff1da6906,pcb1/Data/Images/Anomaly/067.JPG,pcb1/Data/Masks/Anomaly/067.png,melt,melt,"[""melt""]",1,2.3009583950042725,2.4000701904296875,1.8157923221588135,-0.099111795425415039,False,93,0.0014190673828125,0.011702172462879593,False,68,92,1,True,23,2026,0.011352418558736426,60.311827956989248,172.40860215053763,256,256,Q1
101fcc171c95b290221f360e,31e0704ff1da6906,pcb1/Data/Images/Anomaly/068.JPG,pcb1/Data/Masks/Anomaly/068.png,melt,melt,"[""melt""]",1,2.7786471843719482,2.4000701904296875,1.8157923221588135,0.37857699394226074,True,97,0.0014801025390625,0.45667684761241673,False,108,195,1,True,79,3843,0.020556856622430394,112.31958762886597,193.16494845360825,256,256,Q1
dbfcb690087fc5c6e36dc581,31e0704ff1da6906,pcb1/Data/Images/Anomaly/069.JPG,pcb1/Data/Masks/Anomaly/069.png,"melt,scratch",melt,"[""melt"", ""scratch""]",2,2.3645079135894775,2.4000701904296875,1.8157923221588135,-0.035562276840209961,False,255,0.0038909912109375,0.021548830867745276,False,155,91,1,True,58,2903,0.019979331725800895,132.61176470588236,97.223529411764702,256,256,Q4
dbfcb690087fc5c6e36dc581,31e0704ff1da6906,pcb1/Data/Images/Anomaly/069.JPG,pcb1/Data/Masks/Anomaly/069.png,"melt,scratch",scratch,"[""melt"", ""scratch""]",2,2.3645079135894775,2.4000701904296875,1.8157923221588135,-0.035562276840209961,False,255,0.0038909912109375,0.021548830867745276,False,155,91,1,True,58,2903,0.019979331725800895,132.61176470588236,97.223529411764702,256,256,Q4
f11d875c11fa86f5bb6e1a71,31e0704ff1da6906,pcb1/Data/Images/Anomaly/070.JPG,pcb1/Data/Masks/Anomaly/070.png,melt,melt,"[""melt""]",1,2.7449893951416016,2.4000701904296875,1.8157923221588135,0.34491920471191406,True,131,0.0019989013671875,0.50117906287325042,False,123,91,1,True,131,3623,0.036157880209770905,119.19083969465649,82.832061068702288,256,256,Q2
d350b5790f9636c1195fe4fa,31e0704ff1da6906,pcb1/Data/Images/Anomaly/071.JPG,pcb1/Data/Masks/Anomaly/071.png,melt,melt,"[""melt""]",1,2.5183417797088623,2.4000701904296875,1.8157923221588135,0.1182715892791748,True,346,0.005279541015625,0.3332844753845941,False,116,131,1,True,287,3787,0.075785582255083181,113.63583815028902,127.79768786127168,256,256,Q4
22de1b996a922d9d0db53c92,31e0704ff1da6906,pcb1/Data/Images/Anomaly/072.JPG,pcb1/Data/Masks/Anomaly/072.png,melt,melt,"[""melt""]",1,2.4686243534088135,2.4000701904296875,1.8157923221588135,0.068554162979125977,True,58,0.000885009765625,0.39278596131860544,False,139,196,1,True,48,2210,0.02171945701357466,134.72413793103448,192.56896551724137,256,256,Q1
b8931522a714116c4dd2ec42,31e0704ff1da6906,pcb1/Data/Images/Anomaly/073.JPG,pcb1/Data/Masks/Anomaly/073.png,melt,melt,"[""melt""]",1,2.3213181495666504,2.4000701904296875,1.8157923221588135,-0.078752040863037109,False,144,0.002197265625,0.009332788579757046,False,155,91,1,False,0,3509,0,132.56944444444446,86.555555555555557,256,256,Q3
7adbebfe65a2433dc4c13658,31e0704ff1da6906,pcb1/Data/Images/Anomaly/074.JPG,pcb1/Data/Masks/Anomaly/074.png,melt,melt,"[""melt""]",1,2.3227365016937256,2.4000701904296875,1.8157923221588135,-0.077333688735961914,False,119,0.0018157958984375,0.0098034594397632298,False,155,91,1,False,0,2242,0,130.98319327731093,96.436974789915965,256,256,Q2
5134ff6eb4cbd37e5c32664a,31e0704ff1da6906,pcb1/Data/Images/Anomaly/075.JPG,pcb1/Data/Masks/Anomaly/075.png,melt,melt,"[""melt""]",1,2.2400789260864258,2.4000701904296875,1.8157923221588135,-0.15999126434326172,False,81,0.0012359619140625,0.0023719317560597104,False,164,116,1,True,1,3010,0.00033222591362126248,133.69135802469137,171.71604938271605,256,256,Q1
ae7f2a6fa10101021813040a,31e0704ff1da6906,pcb1/Data/Images/Anomaly/076.JPG,pcb1/Data/Masks/Anomaly/076.png,melt,melt,"[""melt""]",1,2.268341064453125,2.4000701904296875,1.8157923221588135,-0.1317291259765625,False,70,0.001068115234375,0.0043144909591807824,False,179,92,1,True,4,2435,0.0016427104722792608,103.67142857142858,173.80000000000001,256,256,Q1
d72dd10cae3fe674b0e231bd,31e0704ff1da6906,pcb1/Data/Images/Anomaly/077.JPG,pcb1/Data/Masks/Anomaly/077.png,melt,melt,"[""melt""]",1,2.5801758766174316,2.4000701904296875,1.8157923221588135,0.18010568618774414,True,334,0.005096435546875,0.1492271399521326,True,172,147,1,True,216,3886,0.055584148224395266,177.82035928143713,148.36227544910179,256,256,Q4
f354f7c22295245113ee90eb,31e0704ff1da6906,pcb1/Data/Images/Anomaly/078.JPG,pcb1/Data/Masks/Anomaly/078.png,melt,melt,"[""melt""]",1,2.4433705806732178,2.4000701904296875,1.8157923221588135,0.043300390243530273,True,71,0.0010833740234375,0.14718528445537421,False,60,91,1,True,71,2669,0.026601723491944548,69.352112676056336,83.873239436619713,256,256,Q1
2f46384a7490aa62ee5c7f37,31e0704ff1da6906,pcb1/Data/Images/Anomaly/079.JPG,pcb1/Data/Masks/Anomaly/079.png,melt,melt,"[""melt""]",1,2.3922266960144043,2.4000701904296875,1.8157923221588135,-0.0078434944152832031,False,84,0.00128173828125,0.0056996022261971901,False,179,116,1,False,0,3951,0,103.70238095238095,82.178571428571431,256,256,Q1
eba73c42e7e6f64f7fd6a631,31e0704ff1da6906,pcb1/Data/Images/Anomaly/080.JPG,pcb1/Data/Masks/Anomaly/080.png,"melt,scratch",melt,"[""melt"", ""scratch""]",2,2.3508102893829346,2.4000701904296875,1.8157923221588135,-0.04925990104675293,False,120,0.0018310546875,0.14929898123456317,False,124,196,1,True,110,3275,0.033587786259541987,120.875,200.15833333333333,256,256,Q2
eba73c42e7e6f64f7fd6a631,31e0704ff1da6906,pcb1/Data/Images/Anomaly/080.JPG,pcb1/Data/Masks/Anomaly/080.png,"melt,scratch",scratch,"[""melt"", ""scratch""]",2,2.3508102893829346,2.4000701904296875,1.8157923221588135,-0.04925990104675293,False,120,0.0018310546875,0.14929898123456317,False,124,196,1,True,110,3275,0.033587786259541987,120.875,200.15833333333333,256,256,Q2
331e9b6fcbed21ffd9237275,31e0704ff1da6906,pcb1/Data/Images/Anomaly/081.JPG,pcb1/Data/Masks/Anomaly/081.png,melt,melt,"[""melt""]",1,2.1932201385498047,2.4000701904296875,1.8157923221588135,-0.20685005187988281,False,273,0.0041656494140625,0.056262196564469673,False,75,116,1,True,146,2084,0.070057581573896355,132.73626373626374,87.831501831501825,256,256,Q4
e7105e4d0bbef7df12e60654,31e0704ff1da6906,pcb1/Data/Images/Anomaly/082.JPG,pcb1/Data/Masks/Anomaly/082.png,melt,melt,"[""melt""]",1,2.1573371887207031,2.4000701904296875,1.8157923221588135,-0.24273300170898438,False,132,0.00201416015625,0.076767413476053786,False,75,132,1,True,49,975,0.050256410256410255,103.18181818181819,73.86363636363636,256,256,Q3
d6d15a18364da11d6dcc2359,31e0704ff1da6906,pcb1/Data/Images/Anomaly/083.JPG,pcb1/Data/Masks/Anomaly/083.png,melt,melt,"[""melt""]",1,2.1393613815307617,2.4000701904296875,1.8157923221588135,-0.26070880889892578,False,68,0.00103759765625,0.0071845657487070872,False,180,131,1,False,0,1495,0,127.85294117647059,48.073529411764703,256,256,Q1
6bd77e18179d473652739b16,31e0704ff1da6906,pcb1/Data/Images/Anomaly/084.JPG,pcb1/Data/Masks/Anomaly/084.png,"melt,scratch",melt,"[""melt"", ""scratch""]",2,2.0901155471801758,2.4000701904296875,1.8157923221588135,-0.30995464324951172,False,157,0.0023956298828125,0.015981785057892255,False,75,124,1,True,6,1805,0.0033240997229916896,123.36305732484077,74.541401273885356,256,256,Q3
6bd77e18179d473652739b16,31e0704ff1da6906,pcb1/Data/Images/Anomaly/084.JPG,pcb1/Data/Masks/Anomaly/084.png,"melt,scratch",scratch,"[""melt"", ""scratch""]",2,2.0901155471801758,2.4000701904296875,1.8157923221588135,-0.30995464324951172,False,157,0.0023956298828125,0.015981785057892255,False,75,124,1,True,6,1805,0.0033240997229916896,123.36305732484077,74.541401273885356,256,256,Q3
9b5f33859edd4f4ae5b7f3ae,31e0704ff1da6906,pcb1/Data/Images/Anomaly/085.JPG,pcb1/Data/Masks/Anomaly/085.png,scratch,scratch,"[""scratch""]",1,2.3685684204101562,2.4000701904296875,1.8157923221588135,-0.03150177001953125,False,102,0.001556396484375,0.0062372999773056461,False,35,76,1,True,9,3164,0.0028445006321112516,106.43137254901961,154.75490196078431,256,256,Q2
ef6143041222529aa5aaae7c,31e0704ff1da6906,pcb1/Data/Images/Anomaly/086.JPG,pcb1/Data/Masks/Anomaly/086.png,scratch,scratch,"[""scratch""]",1,1.9538575410842896,2.4000701904296875,1.8157923221588135,-0.44621264934539795,False,180,0.00274658203125,0.054501107834546932,False,180,139,1,True,11,438,0.025114155251141551,115.29444444444445,118.34444444444445,256,256,Q3
0ef8731731cdd59ea690ee45,31e0704ff1da6906,pcb1/Data/Images/Anomaly/087.JPG,pcb1/Data/Masks/Anomaly/087.png,scratch,scratch,"[""scratch""]",1,2.168926477432251,2.4000701904296875,1.8157923221588135,-0.23114371299743652,False,96,0.00146484375,0.0040257075451900085,False,179,99,1,True,3,2571,0.0011668611435239206,139.26041666666666,162.42708333333334,256,256,Q1
b6a93f21715bab46a8ff2907,31e0704ff1da6906,pcb1/Data/Images/Anomaly/088.JPG,pcb1/Data/Masks/Anomaly/088.png,scratch,scratch,"[""scratch""]",1,2.3378665447235107,2.4000701904296875,1.8157923221588135,-0.062203645706176758,False,150,0.002288818359375,0.011134936923079259,False,68,92,1,True,42,3545,0.011847672778561354,126.04000000000001,122.87333333333333,256,256,Q3
97526c60892843bb396a370c,31e0704ff1da6906,pcb1/Data/Images/Anomaly/089.JPG,pcb1/Data/Masks/Anomaly/089.png,scratch,scratch,"[""scratch""]",1,2.3462085723876953,2.4000701904296875,1.8157923221588135,-0.053861618041992188,False,242,0.003692626953125,0.018235704926302117,False,179,92,1,True,41,2407,0.017033651848774409,94.834710743801651,156.98347107438016,256,256,Q4
2b1b6488aa13538b6a2520e8,31e0704ff1da6906,pcb1/Data/Images/Anomaly/090.JPG,pcb1/Data/Masks/Anomaly/090.png,scratch,scratch,"[""scratch""]",1,2.2634792327880859,2.4000701904296875,1.8157923221588135,-0.13659095764160156,False,175,0.0026702880859375,0.015933577529823172,False,171,115,1,True,54,3220,0.016770186335403725,117.84,148.25142857142856,256,256,Q3
af57cbee2341ab925ede767b,31e0704ff1da6906,pcb1/Data/Images/Anomaly/091.JPG,pcb1/Data/Masks/Anomaly/091.png,scratch,scratch,"[""scratch""]",1,2.221768856048584,2.4000701904296875,1.8157923221588135,-0.17830133438110352,False,243,0.0037078857421875,0.037657858182050162,False,59,99,1,True,95,2744,0.034620991253644318,55.209876543209873,171.11934156378601,256,256,Q4
ddab2ad51cf8caf1b4373f11,31e0704ff1da6906,pcb1/Data/Images/Anomaly/092.JPG,pcb1/Data/Masks/Anomaly/092.png,scratch,scratch,"[""scratch""]",1,2.2266972064971924,2.4000701904296875,1.8157923221588135,-0.17337298393249512,False,299,0.0045623779296875,0.12653318377603837,True,123,132,1,True,161,2535,0.063510848126232741,116.26086956521739,142.51505016722408,256,256,Q4
6b08c45dcbaabb986ad7863d,31e0704ff1da6906,pcb1/Data/Images/Anomaly/093.JPG,pcb1/Data/Masks/Anomaly/093.png,scratch,scratch,"[""scratch""]",1,2.4296982288360596,2.4000701904296875,1.8157923221588135,0.02962803840637207,True,130,0.001983642578125,0.0088593573680234624,False,43,76,1,True,51,4776,0.010678391959798994,116.77692307692308,146.02307692307693,256,256,Q2
163bca9aa13a5cbd7f2da266,31e0704ff1da6906,pcb1/Data/Images/Anomaly/094.JPG,pcb1/Data/Masks/Anomaly/094.png,scratch,scratch,"[""scratch""]",1,2.2779030799865723,2.4000701904296875,1.8157923221588135,-0.12216711044311523,False,160,0.00244140625,0.0062009954432128006,False,59,99,1,False,0,2291,0,127.05625000000001,153.57499999999999,256,256,Q3
8383e0e103301b901c6c13c1,31e0704ff1da6906,pcb1/Data/Images/Anomaly/095.JPG,pcb1/Data/Masks/Anomaly/095.png,scratch,scratch,"[""scratch""]",1,2.2219440937042236,2.4000701904296875,1.8157923221588135,-0.17812609672546387,False,92,0.00140380859375,0.0098681471414710162,False,179,100,1,True,18,2441,0.0073740270380991393,145.55434782608697,167.53260869565219,256,256,Q1
8803ca563ee51897e52eb53c,31e0704ff1da6906,pcb1/Data/Images/Anomaly/096.JPG,pcb1/Data/Masks/Anomaly/096.png,scratch,scratch,"[""scratch""]",1,2.3775806427001953,2.4000701904296875,1.8157923221588135,-0.022489547729492188,False,116,0.00177001953125,0.013109926967651163,False,155,91,1,True,25,1941,0.01287995878413189,93.612068965517238,85.784482758620683,256,256,Q2
70bac58e77ae3e0a0bd14646,31e0704ff1da6906,pcb1/Data/Images/Anomaly/097.JPG,pcb1/Data/Masks/Anomaly/097.png,"melt,scratch",melt,"[""melt"", ""scratch""]",2,2.2826766967773438,2.4000701904296875,1.8157923221588135,-0.11739349365234375,False,136,0.0020751953125,0.0059528426360948156,False,52,92,1,False,0,2184,0,119.77205882352941,111.54411764705883,256,256,Q3
70bac58e77ae3e0a0bd14646,31e0704ff1da6906,pcb1/Data/Images/Anomaly/097.JPG,pcb1/Data/Masks/Anomaly/097.png,"melt,scratch",scratch,"[""melt"", ""scratch""]",2,2.2826766967773438,2.4000701904296875,1.8157923221588135,-0.11739349365234375,False,136,0.0020751953125,0.0059528426360948156,False,52,92,1,False,0,2184,0,119.77205882352941,111.54411764705883,256,256,Q3
24f83fa05771a9d377782faf,31e0704ff1da6906,pcb1/Data/Images/Anomaly/098.JPG,pcb1/Data/Masks/Anomaly/098.png,scratch,scratch,"[""scratch""]",1,2.1817021369934082,2.4000701904296875,1.8157923221588135,-0.2183680534362793,False,118,0.001800537109375,0.013709762082741628,False,187,84,1,True,23,2548,0.0090266875981161697,116.76271186440678,150.70338983050848,256,256,Q2
06a000c3b7f783f28804f8a4,31e0704ff1da6906,pcb1/Data/Images/Anomaly/099.JPG,pcb1/Data/Masks/Anomaly/099.png,scratch,scratch,"[""scratch""]",1,2.3366260528564453,2.4000701904296875,1.8157923221588135,-0.063444137573242188,False,150,0.002288818359375,0.23550974399636943,True,115,147,1,True,134,3136,0.042729591836734693,115.09333333333333,143.96666666666667,256,256,Q3
