recipe,image_id,label,gt_pixels,predicted_pixels,false_positive_pixels,false_negative_pixels,intersection,union
pcb2_d1_primary,2bea857039ef9c03907fb299,anomaly,1152,32390,31238,0,1152,32390
pcb2_d1_primary,735d89d870bbb25b3bc3dfce,anomaly,168,29865,29697,0,168,29865
pcb2_d1_primary,bfebbd19caf4dad38fd66eab,anomaly,50,29230,29180,0,50,29230
pcb2_d1_primary,9bd08200d5d939f4a498aae7,anomaly,1104,29544,28440,0,1104,29544
pcb2_d1_primary,76964f3ab9f7c03b08de6900,anomaly,2012,30434,28422,0,2012,30434
pcb2_d1_primary,d664d5515d0f8355c2df16ea,anomaly,657,11513,10876,20,637,11533
pcb2_d1_primary,31656a11b9780d9f8a2fa83f,anomaly,585,7979,7398,4,581,7983
pcb2_d1_primary,c6f55ba2051edb1e35f9131c,normal,0,6865,6865,0,0,6865
pcb2_d1_primary,f47ac1b5ffc4a30190f75ecb,anomaly,929,7760,6831,0,929,7760
pcb2_d1_primary,ec4e48b6b9adcb98383ae5e7,normal,0,6567,6567,0,0,6567
pcb2_d1_primary,e9a182d87ded8090921b62f5,anomaly,367,6279,5912,0,367,6279
pcb2_d1_primary,846cfdd3fbe431251239629c,anomaly,2375,8003,5628,0,2375,8003
pcb2_d1_primary,3c5ec43df6b0c27e160df537,anomaly,256,5820,5564,0,256,5820
pcb2_d1_primary,14a83651ed9a4f616caa6729,anomaly,192,5610,5418,0,192,5610
pcb2_d1_primary,f316425a0a5da9c324b8ff3c,anomaly,219,5566,5364,17,202,5583
pcb2_d1_primary,166db33b924deb15dc0a50d8,anomaly,174,5356,5182,0,174,5356
pcb2_d1_primary,23a0d4f93b65c3d4c7999361,anomaly,442,5536,5094,0,442,5536
pcb2_d1_primary,742e2a8ff4aa5d512df73fda,anomaly,165,5223,5058,0,165,5223
pcb2_d1_primary,b369595e56e69503f81e4901,anomaly,775,5637,5012,150,625,5787
pcb2_d1_primary,d7c7197b3cab34fe93f2fada,anomaly,178,5167,4991,2,176,5169
pcb2_d1_primary,ff459de5519f27a8cb717372,anomaly,184,5149,4965,0,184,5149
pcb2_d1_primary,31c82c66a7fccb2763c06c8c,anomaly,269,4956,4715,28,241,4984
pcb2_d1_primary,27a4cb4918036207cdfdc810,anomaly,306,4898,4592,0,306,4898
pcb2_d1_primary,6039bd78d688a37977631738,anomaly,257,4812,4555,0,257,4812
pcb2_d1_primary,989748a316d5781c15aa24a6,anomaly,36,4500,4466,2,34,4502
pcb2_d1_primary,71a397a43897d23245179113,anomaly,205,4649,4454,10,195,4659
pcb2_d1_primary,25ec33aab6cc9475a4e49915,anomaly,287,4542,4255,0,287,4542
pcb2_d1_primary,3a193415be845c758a9f790f,anomaly,132,4278,4146,0,132,4278
pcb2_d1_primary,b9bd4f2bc63c2c7651916ea0,anomaly,346,4293,3951,4,342,4297
pcb2_d1_primary,25a492906921005d25cd44b3,anomaly,239,4173,3934,0,239,4173
pcb2_d1_primary,c2b89aa8e214ceaec0783be2,anomaly,228,4088,3862,2,226,4090
pcb2_d1_primary,0333ff525de4a8a11f200628,anomaly,119,3948,3829,0,119,3948
pcb2_d1_primary,b5d4c77df9634ecb828a64ca,anomaly,122,3904,3785,3,119,3907
pcb2_d1_primary,454fde2976c690adb252f174,anomaly,92,3815,3777,54,38,3869
pcb2_d1_primary,5deb743d4a2a5651892cd335,anomaly,294,4062,3768,0,294,4062
pcb2_d1_primary,d91345bdc375c79088437f11,anomaly,215,3853,3638,0,215,3853
pcb2_d1_primary,b12a028d7cef91259468f264,anomaly,159,3771,3612,0,159,3771
pcb2_d1_primary,2d37b1ca970ab988e2a93625,anomaly,218,3805,3587,0,218,3805
pcb2_d1_primary,4f5abf5368f26200d4992a53,anomaly,147,3719,3584,12,135,3731
pcb2_d1_primary,ab48d54a454beacaf51a6fff,anomaly,111,3543,3432,0,111,3543
pcb2_d1_primary,7c459783721c82f677ac35c7,anomaly,170,3461,3301,10,160,3471
pcb2_d1_primary,4076b6b5665b0bbf381948de,anomaly,204,3457,3287,34,170,3491
pcb2_d1_primary,78a69a1922ebd38aabe053c8,anomaly,243,3503,3260,0,243,3503
pcb2_d1_primary,596996fa0816db1d904389d5,anomaly,119,3355,3251,15,104,3370
pcb2_d1_primary,9d17ee5e0a75493b8f4210c0,anomaly,206,3263,3057,0,206,3263
pcb2_d1_primary,4a64187887711c775f428d0f,anomaly,179,3206,3027,0,179,3206
pcb2_d1_primary,e29dae89a422801349d5d030,anomaly,56,3056,3000,0,56,3056
pcb2_d1_primary,a4566fb447572e53a3508a6c,anomaly,198,3100,2902,0,198,3100
pcb2_d1_primary,e5628e506633f6123990ae36,anomaly,119,2999,2880,0,119,2999
pcb2_d1_primary,566d247031de1517a7bf7c75,normal,0,2863,2863,0,0,2863
pcb2_d1_primary,b88ef2d118cce22b2c6f6b12,anomaly,222,2993,2771,0,222,2993
pcb2_d1_primary,d17c6a6b5114e1294ad9cc22,anomaly,188,2940,2752,0,188,2940
pcb2_d1_primary,ccb69f884e0466da8bf7341e,anomaly,275,3025,2750,0,275,3025
pcb2_d1_primary,8a393ef07e4999ab89669d93,anomaly,406,2838,2735,303,103,3141
pcb2_d1_primary,0174183097ea8fa63bbe3153,anomaly,1238,3963,2725,0,1238,3963
pcb2_d1_primary,c5158c1aa4bbc8cbdbd24874,anomaly,270,2979,2709,0,270,2979
pcb2_d1_primary,2dcc7ada2b6bfab6a91a3742,anomaly,170,2841,2698,27,143,2868
pcb2_d1_primary,2744e38a1b628fcbf2067bd4,anomaly,238,2867,2647,18,220,2885
pcb2_d1_primary,c3946a4668660ea1badeeb09,anomaly,266,2863,2632,35,231,2898
pcb2_d1_primary,72798c294d594c84ea7d2040,anomaly,141,2761,2620,0,141,2761
pcb2_d1_primary,1dcaeae3fbbedfbfa04722ec,anomaly,183,2776,2593,0,183,2776
pcb2_d1_primary,824de58bab8ab9b7d07b673c,anomaly,175,2718,2543,0,175,2718
pcb2_d1_primary,bbf2be5ae37229d562a5ce85,normal,0,2524,2524,0,0,2524
pcb2_d1_primary,6769687e7725f6474ea47da3,anomaly,201,2680,2479,0,201,2680
pcb2_d1_primary,b55803eaf5bb3067295b2cf5,anomaly,87,2475,2388,0,87,2475
pcb2_d1_primary,e1f62c6c20085b5c157be757,normal,0,2355,2355,0,0,2355
pcb2_d1_primary,fa34ec9ecc44f946a375d974,anomaly,170,2512,2342,0,170,2512
pcb2_d1_primary,ddd9dd1abe20d8d0ae63882e,anomaly,406,2737,2331,0,406,2737
pcb2_d1_primary,19c7eaaf7a7c2b71d5da1dc8,anomaly,107,2243,2178,42,65,2285
pcb2_d1_primary,c4de673e229af6580007c4be,anomaly,97,2259,2162,0,97,2259
pcb2_d1_primary,f29f971c989e3457da844b2b,anomaly,262,2392,2151,21,241,2413
pcb2_d1_primary,e7c4839b7c04c852846a8800,anomaly,282,2390,2131,23,259,2413
pcb2_d1_primary,4f15590f560ec8dab6dc09f2,normal,0,2102,2102,0,0,2102
pcb2_d1_primary,56b0ca13e534cebedf32c5c1,anomaly,167,2177,2023,13,154,2190
pcb2_d1_primary,73f39067f4c09d66b5e9dedf,normal,0,1960,1960,0,0,1960
pcb2_d1_primary,0cfaf8dea93dc0646a1d60dd,anomaly,111,2031,1925,5,106,2036
pcb2_d1_primary,ead24842cb7981c9674e9d4e,anomaly,150,1986,1922,86,64,2072
pcb2_d1_primary,f8d29a19edc548c8cc6e6d89,anomaly,173,2035,1862,0,173,2035
pcb2_d1_primary,61d4113d82822d875a099bfd,anomaly,256,2098,1858,16,240,2114
pcb2_d1_primary,0dafbc81c75425b6d986d52b,normal,0,1853,1853,0,0,1853
pcb2_d1_primary,8e283e953bb207214a134d47,anomaly,250,2070,1820,0,250,2070
pcb2_d1_primary,40bd4bb7b874a3ca7af54e0d,anomaly,158,1941,1787,4,154,1945
pcb2_d1_primary,1af9364f2fa6938fa08d80d7,normal,0,1732,1732,0,0,1732
pcb2_d1_primary,65f1164cd43edb4c9aaf3a8e,anomaly,141,1806,1682,17,124,1823
pcb2_d1_primary,fea34ce33cdd25b0ede4efe4,anomaly,81,1745,1676,12,69,1757
pcb2_d1_primary,2f970964dab90ea6ebf65ef6,anomaly,216,1808,1592,0,216,1808
pcb2_d1_primary,a37c1228e9ff3279e16377fc,anomaly,164,1702,1538,0,164,1702
pcb2_d1_primary,e5628f4b63d7b4897d073d44,anomaly,108,1581,1527,54,54,1635
pcb2_d1_primary,14980ec28efed557021b5113,normal,0,1523,1523,0,0,1523
pcb2_d1_primary,ca6447e395d2e4c9a41a9343,normal,0,1517,1517,0,0,1517
pcb2_d1_primary,696b15fa7935c77bc6332efd,anomaly,60,1538,1478,0,60,1538
pcb2_d1_primary,e68d2653f5376170791a8674,anomaly,113,1533,1473,53,60,1586
pcb2_d1_primary,1f6be8b2d2e29e8e8d8952db,anomaly,155,1616,1465,4,151,1620
pcb2_d1_primary,86317f47cc684a4a33717793,anomaly,52,1423,1423,52,0,1475
pcb2_d1_primary,7b21e295e4c564254de297cd,anomaly,94,1478,1384,0,94,1478
pcb2_d1_primary,d7df11e6c55823bc9ebf76b0,normal,0,1331,1331,0,0,1331
pcb2_d1_primary,24a02107e447d68b081e46e7,normal,0,1322,1322,0,0,1322
pcb2_d1_primary,d5b4d184035e0b8f1126f99a,normal,0,1322,1322,0,0,1322
pcb2_d1_primary,d179fa18b9c1d78dce355509,anomaly,167,1407,1320,80,87,1487
pcb2_d1_primary,a7e7261362d3ab9b5fa975d0,anomaly,69,1343,1304,30,39,1373
pcb2_d1_primary,1737d9c73fe23cb012799cc8,normal,0,1290,1290,0,0,1290
pcb2_d1_primary,bf35ab64688b9cebf87efb76,anomaly,117,1299,1256,74,43,1373
pcb2_d1_primary,b08d5dfe16f0c5e3c2cc69f1,normal,0,1254,1254,0,0,1254
pcb2_d1_primary,156066904c1735208479fb72,normal,0,1240,1240,0,0,1240
pcb2_d1_primary,cdafe117a8af8b75d42e22e2,anomaly,127,1327,1221,21,106,1348
pcb2_d1_primary,5b7bb2dd865c569317014e7a,anomaly,150,1345,1210,15,135,1360
pcb2_d1_primary,961755159b280739cc1ba46d,normal,0,1200,1200,0,0,1200
pcb2_d1_primary,ce4859a6c6cd0f9caa9c4564,anomaly,159,1333,1174,0,159,1333
pcb2_d1_primary,f2ebf08071002f3b55c192a2,normal,0,1156,1156,0,0,1156
pcb2_d1_primary,56a0dfb39e86f8201ac299b6,anomaly,132,1264,1132,0,132,1264
pcb2_d1_primary,96f21f047487f62f50f32ff6,anomaly,169,1264,1119,24,145,1288
pcb2_d1_primary,f42c89c5f3cc09c28a9b722e,normal,0,1117,1117,0,0,1117
pcb2_d1_primary,2662b4037283d35b28570faf,normal,0,1110,1110,0,0,1110
pcb2_d1_primary,87ea983f62b27d0f02a72bde,normal,0,1098,1098,0,0,1098
pcb2_d1_primary,904d32fddf6e1ee052a5e000,anomaly,102,1176,1081,7,95,1183
pcb2_d1_primary,ee12763d9a69961a567037e5,normal,0,1079,1079,0,0,1079
pcb2_d1_primary,d8b1b8fdf7b7f8e78db9b3da,anomaly,260,1307,1063,16,244,1323
pcb2_d1_primary,17be65e9b30bb93d48a0c633,normal,0,1061,1061,0,0,1061
pcb2_d1_primary,f210dd5f4d74b3edf87a8edc,anomaly,90,1135,1045,0,90,1135
pcb2_d1_primary,ae2bf0ea32353e5714332a3e,normal,0,1022,1022,0,0,1022
pcb2_d1_primary,cd7d0ca80c321f5f4c0e83ed,normal,0,1013,1013,0,0,1013
pcb2_d1_primary,ea10de32d4034b13bea5cb13,normal,0,1003,1003,0,0,1003
pcb2_d1_primary,622c7a21c4068548b6d75b4f,normal,0,980,980,0,0,980
pcb2_d1_primary,d086b78f683af0d19bb68594,anomaly,53,972,972,53,0,1025
pcb2_d1_primary,dfb2c185a44a2d33dea3516f,normal,0,957,957,0,0,957
pcb2_d1_primary,5b26e8174612cbac5bf361c6,anomaly,103,988,885,0,103,988
pcb2_d1_primary,7e156c1c6f8db3ce7e3ccad0,normal,0,876,876,0,0,876
pcb2_d1_primary,9af51eeeedd5685174612ad4,normal,0,866,866,0,0,866
pcb2_d1_primary,26570c03543a2e6324e09243,normal,0,863,863,0,0,863
pcb2_d1_primary,0be6a9d652c5bc82c5d0a148,normal,0,842,842,0,0,842
pcb2_d1_primary,b86d36c40af62aafb6b0074f,normal,0,840,840,0,0,840
pcb2_d1_primary,3345a7559e85193f82fc78f4,normal,0,794,794,0,0,794
pcb2_d1_primary,64be38abeac63bef2d999f46,normal,0,753,753,0,0,753
pcb2_d1_primary,abd28ac017018f790aba3758,normal,0,736,736,0,0,736
pcb2_d1_primary,30fc45da793691fbfd74e995,normal,0,731,731,0,0,731
pcb2_d1_primary,2b6a7d049fa1b9e094d4b1b7,normal,0,685,685,0,0,685
pcb2_d1_primary,ef5ec1f69e4986a868b4d224,normal,0,683,683,0,0,683
pcb2_d1_primary,e194687c728b162906b9c214,normal,0,668,668,0,0,668
pcb2_d1_primary,156203b86fd0a31b58234f24,anomaly,77,737,660,0,77,737
pcb2_d1_primary,dc6046917e9e86adee57ce3f,normal,0,654,654,0,0,654
pcb2_d1_primary,452f2685edcad7b69fecd9b6,normal,0,647,647,0,0,647
pcb2_d1_primary,aabb50dfd6fa95309b6e460a,normal,0,638,638,0,0,638
pcb2_d1_primary,d7ec6afa2fc6caca16d5701c,normal,0,634,634,0,0,634
pcb2_d1_primary,550983ee30b980727bb33675,normal,0,630,630,0,0,630
pcb2_d1_primary,68b9e3462b7bb3850fb406a7,anomaly,108,705,606,9,99,714
pcb2_d1_primary,098152f95bce223133b4eaf6,normal,0,561,561,0,0,561
pcb2_d1_primary,3684efe93fd3b7afa813281f,normal,0,546,546,0,0,546
pcb2_d1_primary,48ad272fcc28e7771d6392e5,normal,0,544,544,0,0,544
pcb2_d1_primary,096528d5d7875e34d1ce7795,normal,0,539,539,0,0,539
pcb2_d1_primary,60fe972d68352e6821269288,normal,0,515,515,0,0,515
pcb2_d1_primary,e15b9790767114a2828c1672,normal,0,511,511,0,0,511
pcb2_d1_primary,375fd2c746b090e60f3f7340,normal,0,504,504,0,0,504
pcb2_d1_primary,48eea2da9c92409f5437f19f,normal,0,497,497,0,0,497
pcb2_d1_primary,372581c3ce28a2517b1109c7,normal,0,482,482,0,0,482
pcb2_d1_primary,b2c29250de881ef717620575,normal,0,474,474,0,0,474
pcb2_d1_primary,02aae52ee66ba6314996782a,normal,0,453,453,0,0,453
pcb2_d1_primary,51599afeb8b177237f862bf6,normal,0,450,450,0,0,450
pcb2_d1_primary,d1bd146b3e2c069af7e68092,normal,0,426,426,0,0,426
pcb2_d1_primary,5f1fdd3eda3bda2c26f6b7b4,normal,0,421,421,0,0,421
pcb2_d1_primary,973f2cf5735887a4f3ce1597,normal,0,418,418,0,0,418
pcb2_d1_primary,5834ab9c460489057897a4be,normal,0,416,416,0,0,416
pcb2_d1_primary,b930a578ee0d8cbee9eabfc5,normal,0,412,412,0,0,412
pcb2_d1_primary,382bf0865d25414790e9ea61,normal,0,407,407,0,0,407
pcb2_d1_primary,35ec358c4f85bbdc6c79646b,normal,0,401,401,0,0,401
pcb2_d1_primary,1909f465333614830dff44f2,normal,0,398,398,0,0,398
pcb2_d1_primary,2f3b3f7aaf40cd0b5e920590,normal,0,380,380,0,0,380
pcb2_d1_primary,4053335d3bde455cde81acdb,normal,0,372,372,0,0,372
pcb2_d1_primary,93c63850a99e3167013fea89,normal,0,364,364,0,0,364
pcb2_d1_primary,66c4aa0948e7b6625b018f38,normal,0,363,363,0,0,363
pcb2_d1_primary,53fe2b96c7614eef9f61e761,normal,0,358,358,0,0,358
pcb2_d1_primary,95cc752fc86f263bfca7d12b,normal,0,334,334,0,0,334
pcb2_d1_primary,de99daf2757aff1c8cb4ca86,normal,0,334,334,0,0,334
pcb2_d1_primary,2dffce1dbe6997fc6f6e3e1b,normal,0,319,319,0,0,319
pcb2_d1_primary,4ae29c9501c432b69a8cc15e,normal,0,300,300,0,0,300
pcb2_d1_primary,56e735259c27809568b70e19,normal,0,298,298,0,0,298
pcb2_d1_primary,eecd6eb5060453a25dedb777,normal,0,294,294,0,0,294
pcb2_d1_primary,273cad5f26957e4c7d06f7e3,normal,0,271,271,0,0,271
pcb2_d1_primary,db2ce9aae41ccd9feda36d97,normal,0,271,271,0,0,271
pcb2_d1_primary,a44f87b6ff4debf5efe4bd01,normal,0,270,270,0,0,270
pcb2_d1_primary,7b451c6c324d6bb30a354118,normal,0,198,198,0,0,198
pcb2_d1_primary,69f74f45bee4081bfa4d94bb,normal,0,197,197,0,0,197
pcb2_d1_primary,0accc51b6cbde741542000fe,normal,0,183,183,0,0,183
pcb2_d1_primary,205a95773fd9f4d7baade61c,normal,0,177,177,0,0,177
pcb2_d1_primary,b0da84ae91f95b36bfca45ff,normal,0,177,177,0,0,177
pcb2_d1_primary,e00d4ae25bf79e94a10d6503,normal,0,176,176,0,0,176
pcb2_d1_primary,781ed00408bb76171df9c478,normal,0,165,165,0,0,165
pcb2_d1_primary,1dd7a0396140bca72ac7681e,normal,0,149,149,0,0,149
pcb2_d1_primary,86ba4c2ba433f83d3ef72b7b,normal,0,126,126,0,0,126
pcb2_d1_primary,d21081ff25bdec6b7b70285d,normal,0,122,122,0,0,122
pcb2_d1_primary,abd584aa4166098b27ad3783,normal,0,118,118,0,0,118
pcb2_d1_primary,e4d01f5bb7bf376177f723b4,normal,0,98,98,0,0,98
pcb2_d1_primary,24696494ba3fa35e11bffd53,normal,0,92,92,0,0,92
pcb2_d1_primary,b42b96bcc8da76dd7917b679,normal,0,90,90,0,0,90
pcb2_d1_primary,24bddc73e51fafa8d2e8096c,normal,0,83,83,0,0,83
pcb2_d1_primary,7add970b6fffd5a0361046c7,normal,0,73,73,0,0,73
pcb2_d1_primary,926f45ae46975296f27d7760,normal,0,59,59,0,0,59
pcb2_d1_primary,733208e2c25e1af5454d93f2,anomaly,103,58,58,103,0,161
pcb2_d1_primary,56639c20153c027d1b98e342,normal,0,55,55,0,0,55
pcb2_d1_primary,17f72ccbd097e9fd071db250,normal,0,54,54,0,0,54
pcb2_d1_primary,9de01ef43dbefdf8c5261a51,normal,0,30,30,0,0,30
pcb2_d2_secondary,bfebbd19caf4dad38fd66eab,anomaly,50,20561,20511,0,50,20561
pcb2_d2_secondary,735d89d870bbb25b3bc3dfce,anomaly,168,19795,19627,0,168,19795
pcb2_d2_secondary,2bea857039ef9c03907fb299,anomaly,1152,20519,19367,0,1152,20519
pcb2_d2_secondary,9bd08200d5d939f4a498aae7,anomaly,1104,20208,19104,0,1104,20208
pcb2_d2_secondary,76964f3ab9f7c03b08de6900,anomaly,2012,20553,18541,0,2012,20553
pcb2_d2_secondary,31656a11b9780d9f8a2fa83f,anomaly,585,5118,4553,20,565,5138
pcb2_d2_secondary,d664d5515d0f8355c2df16ea,anomaly,657,3873,3671,455,202,4328
pcb2_d2_secondary,31c82c66a7fccb2763c06c8c,anomaly,269,3847,3594,16,253,3863
pcb2_d2_secondary,166db33b924deb15dc0a50d8,anomaly,174,3567,3393,0,174,3567
pcb2_d2_secondary,f316425a0a5da9c324b8ff3c,anomaly,219,3411,3212,20,199,3431
pcb2_d2_secondary,846cfdd3fbe431251239629c,anomaly,2375,5528,3164,11,2364,5539
pcb2_d2_secondary,f47ac1b5ffc4a30190f75ecb,anomaly,929,3974,3045,0,929,3974
pcb2_d2_secondary,27a4cb4918036207cdfdc810,anomaly,306,3120,2826,12,294,3132
pcb2_d2_secondary,23a0d4f93b65c3d4c7999361,anomaly,442,3092,2650,0,442,3092
pcb2_d2_secondary,ff459de5519f27a8cb717372,anomaly,184,2811,2627,0,184,2811
pcb2_d2_secondary,454fde2976c690adb252f174,anomaly,92,2618,2526,0,92,2618
pcb2_d2_secondary,14a83651ed9a4f616caa6729,anomaly,192,2656,2464,0,192,2656
pcb2_d2_secondary,3c5ec43df6b0c27e160df537,anomaly,256,2715,2459,0,256,2715
pcb2_d2_secondary,989748a316d5781c15aa24a6,anomaly,36,2454,2418,0,36,2454
pcb2_d2_secondary,ccb69f884e0466da8bf7341e,anomaly,275,2667,2392,0,275,2667
pcb2_d2_secondary,b12a028d7cef91259468f264,anomaly,159,2549,2390,0,159,2549
pcb2_d2_secondary,ddd9dd1abe20d8d0ae63882e,anomaly,406,2789,2383,0,406,2789
pcb2_d2_secondary,742e2a8ff4aa5d512df73fda,anomaly,165,2478,2313,0,165,2478
pcb2_d2_secondary,2d37b1ca970ab988e2a93625,anomaly,218,2527,2309,0,218,2527
pcb2_d2_secondary,56b0ca13e534cebedf32c5c1,anomaly,167,2442,2275,0,167,2442
pcb2_d2_secondary,c2b89aa8e214ceaec0783be2,anomaly,228,2487,2259,0,228,2487
pcb2_d2_secondary,6039bd78d688a37977631738,anomaly,257,2457,2200,0,257,2457
pcb2_d2_secondary,8a393ef07e4999ab89669d93,anomaly,406,2561,2196,41,365,2602
pcb2_d2_secondary,c5158c1aa4bbc8cbdbd24874,anomaly,270,2439,2171,2,268,2441
pcb2_d2_secondary,3a193415be845c758a9f790f,anomaly,132,2300,2168,0,132,2300
pcb2_d2_secondary,25ec33aab6cc9475a4e49915,anomaly,287,2446,2159,0,287,2446
pcb2_d2_secondary,4076b6b5665b0bbf381948de,anomaly,204,2328,2148,24,180,2352
pcb2_d2_secondary,71a397a43897d23245179113,anomaly,205,2264,2077,18,187,2282
pcb2_d2_secondary,d91345bdc375c79088437f11,anomaly,215,2284,2069,0,215,2284
pcb2_d2_secondary,596996fa0816db1d904389d5,anomaly,119,2153,2034,0,119,2153
pcb2_d2_secondary,72798c294d594c84ea7d2040,anomaly,141,2170,2029,0,141,2170
pcb2_d2_secondary,d7c7197b3cab34fe93f2fada,anomaly,178,2204,2029,3,175,2207
pcb2_d2_secondary,b369595e56e69503f81e4901,anomaly,775,2166,1940,549,226,2715
pcb2_d2_secondary,1af9364f2fa6938fa08d80d7,normal,0,1883,1883,0,0,1883
pcb2_d2_secondary,5deb743d4a2a5651892cd335,anomaly,294,2176,1882,0,294,2176
pcb2_d2_secondary,e7c4839b7c04c852846a8800,anomaly,282,2158,1882,6,276,2164
pcb2_d2_secondary,fa34ec9ecc44f946a375d974,anomaly,170,2052,1882,0,170,2052
pcb2_d2_secondary,e5628e506633f6123990ae36,anomaly,119,1991,1872,0,119,1991
pcb2_d2_secondary,4f5abf5368f26200d4992a53,anomaly,147,2001,1861,7,140,2008
pcb2_d2_secondary,25a492906921005d25cd44b3,anomaly,239,2085,1851,5,234,2090
pcb2_d2_secondary,2dcc7ada2b6bfab6a91a3742,anomaly,170,1998,1849,21,149,2019
pcb2_d2_secondary,b9bd4f2bc63c2c7651916ea0,anomaly,346,2185,1844,5,341,2190
pcb2_d2_secondary,c3946a4668660ea1badeeb09,anomaly,266,2073,1831,24,242,2097
pcb2_d2_secondary,ab48d54a454beacaf51a6fff,anomaly,111,1938,1827,0,111,1938
pcb2_d2_secondary,e29dae89a422801349d5d030,anomaly,56,1796,1740,0,56,1796
pcb2_d2_secondary,0174183097ea8fa63bbe3153,anomaly,1238,2955,1727,10,1228,2965
pcb2_d2_secondary,c6f55ba2051edb1e35f9131c,normal,0,1693,1693,0,0,1693
pcb2_d2_secondary,0333ff525de4a8a11f200628,anomaly,119,1761,1642,0,119,1761
pcb2_d2_secondary,e9a182d87ded8090921b62f5,anomaly,367,1817,1637,187,180,2004
pcb2_d2_secondary,9d17ee5e0a75493b8f4210c0,anomaly,206,1825,1619,0,206,1825
pcb2_d2_secondary,4a64187887711c775f428d0f,anomaly,179,1772,1593,0,179,1772
pcb2_d2_secondary,96f21f047487f62f50f32ff6,anomaly,169,1733,1578,14,155,1747
pcb2_d2_secondary,61d4113d82822d875a099bfd,anomaly,256,1832,1577,1,255,1833
pcb2_d2_secondary,904d32fddf6e1ee052a5e000,anomaly,102,1666,1571,7,95,1673
pcb2_d2_secondary,14980ec28efed557021b5113,normal,0,1553,1553,0,0,1553
pcb2_d2_secondary,824de58bab8ab9b7d07b673c,anomaly,175,1705,1530,0,175,1705
pcb2_d2_secondary,4f15590f560ec8dab6dc09f2,normal,0,1469,1469,0,0,1469
pcb2_d2_secondary,cdafe117a8af8b75d42e22e2,anomaly,127,1582,1456,1,126,1583
pcb2_d2_secondary,d8b1b8fdf7b7f8e78db9b3da,anomaly,260,1677,1425,8,252,1685
pcb2_d2_secondary,78a69a1922ebd38aabe053c8,anomaly,243,1658,1418,3,240,1661
pcb2_d2_secondary,e5628f4b63d7b4897d073d44,anomaly,108,1508,1411,11,97,1519
pcb2_d2_secondary,696b15fa7935c77bc6332efd,anomaly,60,1465,1405,0,60,1465
pcb2_d2_secondary,6769687e7725f6474ea47da3,anomaly,201,1580,1379,0,201,1580
pcb2_d2_secondary,8e283e953bb207214a134d47,anomaly,250,1604,1360,6,244,1610
pcb2_d2_secondary,e1f62c6c20085b5c157be757,normal,0,1346,1346,0,0,1346
pcb2_d2_secondary,2f970964dab90ea6ebf65ef6,anomaly,216,1559,1343,0,216,1559
pcb2_d2_secondary,2744e38a1b628fcbf2067bd4,anomaly,238,1419,1329,148,90,1567
pcb2_d2_secondary,d17c6a6b5114e1294ad9cc22,anomaly,188,1513,1325,0,188,1513
pcb2_d2_secondary,b5d4c77df9634ecb828a64ca,anomaly,122,1394,1295,23,99,1417
pcb2_d2_secondary,65f1164cd43edb4c9aaf3a8e,anomaly,141,1414,1281,8,133,1422
pcb2_d2_secondary,566d247031de1517a7bf7c75,normal,0,1248,1248,0,0,1248
pcb2_d2_secondary,f8d29a19edc548c8cc6e6d89,anomaly,173,1411,1238,0,173,1411
pcb2_d2_secondary,b55803eaf5bb3067295b2cf5,anomaly,87,1299,1212,0,87,1299
pcb2_d2_secondary,a37c1228e9ff3279e16377fc,anomaly,164,1369,1205,0,164,1369
pcb2_d2_secondary,b88ef2d118cce22b2c6f6b12,anomaly,222,1420,1198,0,222,1420
pcb2_d2_secondary,a4566fb447572e53a3508a6c,anomaly,198,1308,1151,41,157,1349
pcb2_d2_secondary,26570c03543a2e6324e09243,normal,0,1144,1144,0,0,1144
pcb2_d2_secondary,4ae29c9501c432b69a8cc15e,normal,0,1140,1140,0,0,1140
pcb2_d2_secondary,d5b4d184035e0b8f1126f99a,normal,0,1138,1138,0,0,1138
pcb2_d2_secondary,f2ebf08071002f3b55c192a2,normal,0,1126,1126,0,0,1126
pcb2_d2_secondary,1dcaeae3fbbedfbfa04722ec,anomaly,183,1283,1108,8,175,1291
pcb2_d2_secondary,0cfaf8dea93dc0646a1d60dd,anomaly,111,1187,1085,9,102,1196
pcb2_d2_secondary,c4de673e229af6580007c4be,anomaly,97,1180,1083,0,97,1180
pcb2_d2_secondary,eecd6eb5060453a25dedb777,normal,0,1075,1075,0,0,1075
pcb2_d2_secondary,0be6a9d652c5bc82c5d0a148,normal,0,1072,1072,0,0,1072
pcb2_d2_secondary,7b21e295e4c564254de297cd,anomaly,94,1160,1066,0,94,1160
pcb2_d2_secondary,bf35ab64688b9cebf87efb76,anomaly,117,1179,1064,2,115,1181
pcb2_d2_secondary,3345a7559e85193f82fc78f4,normal,0,1062,1062,0,0,1062
pcb2_d2_secondary,5b7bb2dd865c569317014e7a,anomaly,150,1203,1056,3,147,1206
pcb2_d2_secondary,19c7eaaf7a7c2b71d5da1dc8,anomaly,107,1154,1055,8,99,1162
pcb2_d2_secondary,dfb2c185a44a2d33dea3516f,normal,0,1044,1044,0,0,1044
pcb2_d2_secondary,73f39067f4c09d66b5e9dedf,normal,0,1031,1031,0,0,1031
pcb2_d2_secondary,b86d36c40af62aafb6b0074f,normal,0,1018,1018,0,0,1018
pcb2_d2_secondary,2b6a7d049fa1b9e094d4b1b7,normal,0,1008,1008,0,0,1008
pcb2_d2_secondary,a7e7261362d3ab9b5fa975d0,anomaly,69,1075,1006,0,69,1075
pcb2_d2_secondary,e4d01f5bb7bf376177f723b4,normal,0,1003,1003,0,0,1003
pcb2_d2_secondary,95cc752fc86f263bfca7d12b,normal,0,987,987,0,0,987
pcb2_d2_secondary,02aae52ee66ba6314996782a,normal,0,964,964,0,0,964
pcb2_d2_secondary,dc6046917e9e86adee57ce3f,normal,0,952,952,0,0,952
pcb2_d2_secondary,7e156c1c6f8db3ce7e3ccad0,normal,0,946,946,0,0,946
pcb2_d2_secondary,4053335d3bde455cde81acdb,normal,0,931,931,0,0,931
pcb2_d2_secondary,7c459783721c82f677ac35c7,anomaly,170,1076,921,15,155,1091
pcb2_d2_secondary,bbf2be5ae37229d562a5ce85,normal,0,917,917,0,0,917
pcb2_d2_secondary,156203b86fd0a31b58234f24,anomaly,77,981,913,9,68,990
pcb2_d2_secondary,24a02107e447d68b081e46e7,normal,0,908,908,0,0,908
pcb2_d2_secondary,1f6be8b2d2e29e8e8d8952db,anomaly,155,1054,903,4,151,1058
pcb2_d2_secondary,86317f47cc684a4a33717793,anomaly,52,923,899,28,24,951
pcb2_d2_secondary,9af51eeeedd5685174612ad4,normal,0,877,877,0,0,877
pcb2_d2_secondary,ce4859a6c6cd0f9caa9c4564,anomaly,159,1027,868,0,159,1027
pcb2_d2_secondary,156066904c1735208479fb72,normal,0,840,840,0,0,840
pcb2_d2_secondary,fea34ce33cdd25b0ede4efe4,anomaly,81,896,832,17,64,913
pcb2_d2_secondary,ae2bf0ea32353e5714332a3e,normal,0,830,830,0,0,830
pcb2_d2_secondary,f29f971c989e3457da844b2b,anomaly,262,917,826,171,91,1088
pcb2_d2_secondary,d086b78f683af0d19bb68594,anomaly,53,848,819,24,29,872
pcb2_d2_secondary,2662b4037283d35b28570faf,normal,0,803,803,0,0,803
pcb2_d2_secondary,d1bd146b3e2c069af7e68092,normal,0,802,802,0,0,802
pcb2_d2_secondary,0accc51b6cbde741542000fe,normal,0,801,801,0,0,801
pcb2_d2_secondary,9de01ef43dbefdf8c5261a51,normal,0,796,796,0,0,796
pcb2_d2_secondary,5b26e8174612cbac5bf361c6,anomaly,103,898,795,0,103,898
pcb2_d2_secondary,e194687c728b162906b9c214,normal,0,793,793,0,0,793
pcb2_d2_secondary,ead24842cb7981c9674e9d4e,anomaly,150,883,783,50,100,933
pcb2_d2_secondary,1737d9c73fe23cb012799cc8,normal,0,774,774,0,0,774
pcb2_d2_secondary,30fc45da793691fbfd74e995,normal,0,765,765,0,0,765
pcb2_d2_secondary,0dafbc81c75425b6d986d52b,normal,0,754,754,0,0,754
pcb2_d2_secondary,ca6447e395d2e4c9a41a9343,normal,0,753,753,0,0,753
pcb2_d2_secondary,d7df11e6c55823bc9ebf76b0,normal,0,746,746,0,0,746
pcb2_d2_secondary,f42c89c5f3cc09c28a9b722e,normal,0,746,746,0,0,746
pcb2_d2_secondary,3684efe93fd3b7afa813281f,normal,0,712,712,0,0,712
pcb2_d2_secondary,e68d2653f5376170791a8674,anomaly,113,732,703,84,29,816
pcb2_d2_secondary,35ec358c4f85bbdc6c79646b,normal,0,687,687,0,0,687
pcb2_d2_secondary,48eea2da9c92409f5437f19f,normal,0,682,682,0,0,682
pcb2_d2_secondary,205a95773fd9f4d7baade61c,normal,0,662,662,0,0,662
pcb2_d2_secondary,1909f465333614830dff44f2,normal,0,659,659,0,0,659
pcb2_d2_secondary,ec4e48b6b9adcb98383ae5e7,normal,0,652,652,0,0,652
pcb2_d2_secondary,ea10de32d4034b13bea5cb13,normal,0,649,649,0,0,649
pcb2_d2_secondary,68b9e3462b7bb3850fb406a7,anomaly,108,744,636,0,108,744
pcb2_d2_secondary,40bd4bb7b874a3ca7af54e0d,anomaly,158,770,630,18,140,788
pcb2_d2_secondary,f210dd5f4d74b3edf87a8edc,anomaly,90,695,619,14,76,709
pcb2_d2_secondary,d179fa18b9c1d78dce355509,anomaly,167,782,615,0,167,782
pcb2_d2_secondary,66c4aa0948e7b6625b018f38,normal,0,609,609,0,0,609
pcb2_d2_secondary,273cad5f26957e4c7d06f7e3,normal,0,608,608,0,0,608
pcb2_d2_secondary,b0da84ae91f95b36bfca45ff,normal,0,604,604,0,0,604
pcb2_d2_secondary,b08d5dfe16f0c5e3c2cc69f1,normal,0,599,599,0,0,599
pcb2_d2_secondary,452f2685edcad7b69fecd9b6,normal,0,571,571,0,0,571
pcb2_d2_secondary,17be65e9b30bb93d48a0c633,normal,0,569,569,0,0,569
pcb2_d2_secondary,56a0dfb39e86f8201ac299b6,anomaly,132,698,566,0,132,698
pcb2_d2_secondary,a44f87b6ff4debf5efe4bd01,normal,0,564,564,0,0,564
pcb2_d2_secondary,733208e2c25e1af5454d93f2,anomaly,103,591,555,67,36,658
pcb2_d2_secondary,550983ee30b980727bb33675,normal,0,554,554,0,0,554
pcb2_d2_secondary,e15b9790767114a2828c1672,normal,0,548,548,0,0,548
pcb2_d2_secondary,db2ce9aae41ccd9feda36d97,normal,0,533,533,0,0,533
pcb2_d2_secondary,781ed00408bb76171df9c478,normal,0,527,527,0,0,527
pcb2_d2_secondary,93c63850a99e3167013fea89,normal,0,526,526,0,0,526
pcb2_d2_secondary,5834ab9c460489057897a4be,normal,0,523,523,0,0,523
pcb2_d2_secondary,56e735259c27809568b70e19,normal,0,521,521,0,0,521
pcb2_d2_secondary,7add970b6fffd5a0361046c7,normal,0,515,515,0,0,515
pcb2_d2_secondary,48ad272fcc28e7771d6392e5,normal,0,505,505,0,0,505
pcb2_d2_secondary,961755159b280739cc1ba46d,normal,0,497,497,0,0,497
pcb2_d2_secondary,375fd2c746b090e60f3f7340,normal,0,496,496,0,0,496
pcb2_d2_secondary,51599afeb8b177237f862bf6,normal,0,491,491,0,0,491
pcb2_d2_secondary,622c7a21c4068548b6d75b4f,normal,0,470,470,0,0,470
pcb2_d2_secondary,aabb50dfd6fa95309b6e460a,normal,0,469,469,0,0,469
pcb2_d2_secondary,87ea983f62b27d0f02a72bde,normal,0,436,436,0,0,436
pcb2_d2_secondary,d21081ff25bdec6b7b70285d,normal,0,433,433,0,0,433
pcb2_d2_secondary,d7ec6afa2fc6caca16d5701c,normal,0,427,427,0,0,427
pcb2_d2_secondary,096528d5d7875e34d1ce7795,normal,0,426,426,0,0,426
pcb2_d2_secondary,2dffce1dbe6997fc6f6e3e1b,normal,0,425,425,0,0,425
pcb2_d2_secondary,53fe2b96c7614eef9f61e761,normal,0,421,421,0,0,421
pcb2_d2_secondary,56639c20153c027d1b98e342,normal,0,415,415,0,0,415
pcb2_d2_secondary,64be38abeac63bef2d999f46,normal,0,402,402,0,0,402
pcb2_d2_secondary,b42b96bcc8da76dd7917b679,normal,0,381,381,0,0,381
pcb2_d2_secondary,de99daf2757aff1c8cb4ca86,normal,0,381,381,0,0,381
pcb2_d2_secondary,926f45ae46975296f27d7760,normal,0,359,359,0,0,359
pcb2_d2_secondary,24696494ba3fa35e11bffd53,normal,0,352,352,0,0,352
pcb2_d2_secondary,1dd7a0396140bca72ac7681e,normal,0,345,345,0,0,345
pcb2_d2_secondary,098152f95bce223133b4eaf6,normal,0,341,341,0,0,341
pcb2_d2_secondary,86ba4c2ba433f83d3ef72b7b,normal,0,337,337,0,0,337
pcb2_d2_secondary,abd28ac017018f790aba3758,normal,0,295,295,0,0,295
pcb2_d2_secondary,24bddc73e51fafa8d2e8096c,normal,0,291,291,0,0,291
pcb2_d2_secondary,cd7d0ca80c321f5f4c0e83ed,normal,0,289,289,0,0,289
pcb2_d2_secondary,69f74f45bee4081bfa4d94bb,normal,0,284,284,0,0,284
pcb2_d2_secondary,b930a578ee0d8cbee9eabfc5,normal,0,268,268,0,0,268
pcb2_d2_secondary,382bf0865d25414790e9ea61,normal,0,266,266,0,0,266
pcb2_d2_secondary,e00d4ae25bf79e94a10d6503,normal,0,265,265,0,0,265
pcb2_d2_secondary,60fe972d68352e6821269288,normal,0,248,248,0,0,248
pcb2_d2_secondary,372581c3ce28a2517b1109c7,normal,0,230,230,0,0,230
pcb2_d2_secondary,973f2cf5735887a4f3ce1597,normal,0,216,216,0,0,216
pcb2_d2_secondary,5f1fdd3eda3bda2c26f6b7b4,normal,0,206,206,0,0,206
pcb2_d2_secondary,abd584aa4166098b27ad3783,normal,0,204,204,0,0,204
pcb2_d2_secondary,ef5ec1f69e4986a868b4d224,normal,0,203,203,0,0,203
pcb2_d2_secondary,7b451c6c324d6bb30a354118,normal,0,201,201,0,0,201
pcb2_d2_secondary,17f72ccbd097e9fd071db250,normal,0,183,183,0,0,183
pcb2_d2_secondary,ee12763d9a69961a567037e5,normal,0,167,167,0,0,167
pcb2_d2_secondary,2f3b3f7aaf40cd0b5e920590,normal,0,149,149,0,0,149
pcb2_d2_secondary,b2c29250de881ef717620575,normal,0,82,82,0,0,82
