image_id,recipe,label,score,detected,pixel_ap,peak_inside,overlap
a37c1228e9ff3279e16377fc,D1 primary,anomaly,1.6288065910339355,True,0.6582547175073491,True,True
a37c1228e9ff3279e16377fc,D2 secondary,anomaly,2.402571201324463,True,0.7723869421454359,True,True
7c459783721c82f677ac35c7,D1 primary,anomaly,1.6424897909164429,True,0.115763664744313,False,True
7c459783721c82f677ac35c7,D2 secondary,anomaly,2.070619583129883,True,0.3588935032756703,True,True
696b15fa7935c77bc6332efd,D1 primary,anomaly,1.6241285800933838,False,0.1137780527472696,False,True
696b15fa7935c77bc6332efd,D2 secondary,anomaly,2.146731376647949,True,0.8424086636377215,True,True
8a393ef07e4999ab89669d93,D1 primary,anomaly,1.6091670989990234,False,0.0368556548753826,False,True
8a393ef07e4999ab89669d93,D2 secondary,anomaly,2.2154061794281006,True,0.3163138743871695,True,True
2662b4037283d35b28570faf,D1 primary,normal,1.7066298723220823,True,,False,False
2662b4037283d35b28570faf,D2 secondary,normal,1.993708252906799,False,,False,False
4f15590f560ec8dab6dc09f2,D1 primary,normal,1.7050848007202148,True,,False,False
4f15590f560ec8dab6dc09f2,D2 secondary,normal,2.0593066215515137,False,,False,False
989748a316d5781c15aa24a6,D1 primary,anomaly,1.6921627521514893,True,0.0052993825812285,False,True
989748a316d5781c15aa24a6,D2 secondary,anomaly,2.001406192779541,False,0.1321593585483626,False,True
bfebbd19caf4dad38fd66eab,D1 primary,anomaly,2.7259650230407715,True,0.001707745829624,False,True
bfebbd19caf4dad38fd66eab,D2 secondary,anomaly,2.8748042583465576,True,0.0020275523526147,False,True
846cfdd3fbe431251239629c,D1 primary,anomaly,2.5636558532714844,True,0.8430512954543684,True,True
846cfdd3fbe431251239629c,D2 secondary,anomaly,3.127152919769287,True,0.8557555419512997,True,True
76964f3ab9f7c03b08de6900,D1 primary,anomaly,2.827420949935913,True,0.4121176462634138,True,True
76964f3ab9f7c03b08de6900,D2 secondary,anomaly,2.8920321464538574,True,0.4694483444791922,True,True
a4566fb447572e53a3508a6c,D1 primary,anomaly,1.9116803407669067,True,0.117587988921846,False,True
a4566fb447572e53a3508a6c,D2 secondary,anomaly,2.2690589427948,True,0.2973963925488345,False,True
ce4859a6c6cd0f9caa9c4564,D1 primary,anomaly,1.85279643535614,True,0.9059333963053956,True,True
ce4859a6c6cd0f9caa9c4564,D2 secondary,anomaly,2.483290433883667,True,0.7277713373171423,True,True
e9a182d87ded8090921b62f5,D1 primary,anomaly,2.01947283744812,True,0.1125926418136661,False,True
e9a182d87ded8090921b62f5,D2 secondary,anomaly,2.3825364112854004,True,0.1548553589395577,False,True
4076b6b5665b0bbf381948de,D1 primary,anomaly,2.1320722103118896,True,0.6330664231317107,True,True
4076b6b5665b0bbf381948de,D2 secondary,anomaly,2.7224390506744385,True,0.6738385982978045,True,True
205a95773fd9f4d7baade61c,D1 primary,normal,1.4639770984649658,False,,False,False
205a95773fd9f4d7baade61c,D2 secondary,normal,2.1263349056243896,True,,False,False
26570c03543a2e6324e09243,D1 primary,normal,1.4853650331497192,False,,False,False
26570c03543a2e6324e09243,D2 secondary,normal,2.1539103984832764,True,,False,False
0333ff525de4a8a11f200628,D1 primary,anomaly,2.8191542625427246,True,0.3302935700740556,False,True
0333ff525de4a8a11f200628,D2 secondary,anomaly,3.2378733158111572,True,0.4318665830285199,True,True
0174183097ea8fa63bbe3153,D1 primary,anomaly,2.3243112564086914,True,0.87795211204367,True,True
0174183097ea8fa63bbe3153,D2 secondary,anomaly,3.0314815044403076,True,0.888382218709332,True,True
