image_id,image_path,label,score,detected,seconds,fallback,crop_area_fraction,pixel_ap,peak_inside,overlap,intersection,union,iou,mask_area_fraction,defect_types,size_quartile,source_pixel_ap,source_peak_inside,source_overlap,source_intersection,source_union,source_iou,source_mask_area_fraction,source_annotation_outside_crop_fraction
06f40448dee1a930bf10c4ea,pcb1/Data/Images/Anomaly/000.JPG,anomaly,2.1444852352142334,True,1.0928508750002948,False,0.598490294751977,0.5295853905684536,True,True,65,2383,0.027276542173730593,0.0009918212890625,"[""bent""]",Q1,0.5156669293067443,True,True,1524.0,55886.0,0.027269799234155245,0.0010144580238038183,0.0
2f825d9d344c559d7d72cdec,pcb1/Data/Images/Anomaly/001.JPG,anomaly,2.723572254180908,True,1.0777404999971623,False,0.612828500678968,0.36397873579948026,True,True,73,2136,0.03417602996254682,0.0011138916015625,"[""bent""]",Q1,0.36668565917712637,True,True,1687.0,50758.0,0.03323614011584381,0.001122959767819581,0.0
de960b7437d8b5f529bf279f,pcb1/Data/Images/Anomaly/002.JPG,anomaly,3.112382173538208,True,1.0782003749991418,False,0.6068096493330138,0.3876840213143017,True,True,72,2600,0.027692307692307693,0.0010986328125,"[""bent""]",Q1,0.37463288361681546,True,True,1702.0,60905.0,0.027945160495854198,0.0011329445908885162,0.0
acb837b71ab9fc67f9faee80,pcb1/Data/Images/Anomaly/003.JPG,anomaly,2.994208574295044,True,1.074384875002579,False,0.620483531698485,0.33452416777186766,False,True,73,3301,0.022114510754316873,0.0011138916015625,"[""bent""]",Q1,0.3169952152357472,False,True,1618.0,76809.0,0.021065239750550066,0.001077029581702479,0.0
c6d0a9a2fa5268e44909c6fa,pcb1/Data/Images/Anomaly/004.JPG,anomaly,2.880826234817505,True,1.0770063329982804,False,0.5966078227760471,0.34092013588736036,False,True,95,2980,0.031879194630872486,0.0014495849609375,"[""bent""]",Q1,0.33464974040223383,False,True,2201.0,69477.0,0.03167954862760338,0.0014651063716484276,0.0
efd3a55951e74b6f4ee6bc3e,pcb1/Data/Images/Anomaly/005.JPG,anomaly,3.262624502182007,True,1.075340250001318,False,0.6269563596666401,0.47457798857835815,False,True,123,3440,0.03575581395348837,0.0018768310546875,"[""bent""]",Q2,0.5008680861304899,False,True,2792.0,79918.0,0.034935809204434544,0.0018585084005644753,0.0
d974322eff775a646b101f0e,pcb1/Data/Images/Anomaly/006.JPG,anomaly,2.5208585262298584,True,1.074825542000326,False,0.6151130281971403,0.40057259966851894,True,True,115,4556,0.0252414398595259,0.0018463134765625,"[""bent""]",Q2,0.3965402963784677,True,True,2728.0,105180.0,0.0259364898269633,0.001894453763612642,0.0
b0700bc6b29aae01a84814ed,pcb1/Data/Images/Anomaly/007.JPG,anomaly,2.781682252883911,True,1.073698541997146,False,0.6029595015576324,0.2541320108545271,False,True,118,4209,0.028035162746495604,0.001800537109375,"[""bent""]",Q2,0.2498080042900363,True,True,2765.0,97692.0,0.02830323875035827,0.001840535719040392,0.0
937e457652aea2b05a14772c,pcb1/Data/Images/Anomaly/008.JPG,anomaly,3.3456594944000244,True,1.079912333003449,False,0.599568655643422,0.5468229136699198,True,True,167,3359,0.0497171777314677,0.0025482177734375,"[""bent""]",Q3,0.54216013315274,True,True,3739.0,78507.0,0.047626326314850906,0.0024888835636499187,0.0
8c0f93633237201e215dfe01,pcb1/Data/Images/Anomaly/009.JPG,anomaly,3.3521080017089844,True,1.083099375002348,False,0.6084511542455467,0.46479597683073887,True,True,204,4699,0.04341349223238987,0.00311279296875,"[""bent"", ""melt""]",Q3,0.4628430818033006,True,True,4769.0,109209.0,0.04366856211484402,0.003174508081050137,0.0
fba1a82359c4e960a7f81c43,pcb1/Data/Images/Anomaly/010.JPG,anomaly,3.7695140838623047,True,1.0746580000013637,False,0.590941768511862,0.4547197304039751,True,True,229,2291,0.09995635093845483,0.0034942626953125,"[""bent""]",Q4,0.44206115082451275,True,True,5153.0,53684.0,0.0959876313240444,0.003430119551614879,0.0
d9a35e62add18f84d5fe6ab2,pcb1/Data/Images/Anomaly/011.JPG,anomaly,3.1991775035858154,True,1.0790867089999665,False,0.5925593098490295,0.5400538000659785,True,True,169,2737,0.061746437705516986,0.0025787353515625,"[""bent""]",Q3,0.5456462496031135,True,True,3890.0,63979.0,0.06080120039387924,0.002589397449210533,0.0
5d14f6175a2be9fad38b82eb,pcb1/Data/Images/Anomaly/012.JPG,anomaly,2.731010675430298,True,1.0830137500015553,False,0.5936716191389089,0.36296924309675205,True,True,162,2686,0.06031273268801191,0.0024871826171875,"[""bent""]",Q3,0.3593303307371777,True,True,3676.0,62908.0,0.05843453932727157,0.0024709108821258353,0.0
cc46aee3364a0a34fe29d893,pcb1/Data/Images/Anomaly/013.JPG,anomaly,3.3075804710388184,True,1.0763280000028317,False,0.6013379662912374,0.34442848131101494,True,True,245,4222,0.05802936996684036,0.0037384033203125,"[""bent""]",Q4,0.34149877845958454,True,True,5660.0,98584.0,0.05741296762152073,0.003767606571344889,0.0
99eaf79ae38a0e02fd89262b,pcb1/Data/Images/Anomaly/014.JPG,anomaly,3.31134295463562,True,1.07534575000318,False,0.5880235375562478,0.3411694874871985,False,True,206,4852,0.04245671887881286,0.003143310546875,"[""bent""]",Q3,0.3403550171687581,False,True,4636.0,112170.0,0.04133012391905144,0.003085975983172245,0.0
cc6f2b8f5db2df27cc8f45d7,pcb1/Data/Images/Anomaly/015.JPG,anomaly,2.1032159328460693,True,1.0820892079973419,False,0.5954855286630988,0.6262210823845598,True,True,103,1312,0.07850609756097561,0.0015716552734375,"[""melt""]",Q2,0.6357746161302034,True,True,2392.0,31547.0,0.07582337464735157,0.0015922464520595361,0.0
0544dcfb259d8b0c921e8cf2,pcb1/Data/Images/Anomaly/016.JPG,anomaly,3.32745361328125,True,1.0775469170002907,False,0.6024323028995926,0.6935817491324439,True,True,159,2123,0.07489401789919925,0.0024261474609375,"[""melt""]",Q3,0.6702096989494604,True,True,3542.0,50390.0,0.07029172454852153,0.0023577495540112363,0.0
e96fc0a78e0f560962fe98b9,pcb1/Data/Images/Anomaly/017.JPG,anomaly,2.0718839168548584,True,1.0955673749995185,False,0.6049957398088239,0.3661952321413477,False,True,127,2860,0.044405594405594405,0.0019378662109375,"[""melt""]",Q2,0.3704819327851774,False,True,2948.0,66894.0,0.04406972224713726,0.0019623505604814016,0.0
b2665a4734aca10982f55f97,pcb1/Data/Images/Anomaly/018.JPG,anomaly,2.2181453704833984,True,1.222841625000001,False,0.5914809489575845,0.6122317266886034,True,True,98,5744,0.017061281337047353,0.001495361328125,"[""melt""]",Q1,0.6094373671412123,True,True,2331.0,132618.0,0.017576799529475638,0.0015516415049125329,0.0
19ddc36fffb2ae41a480851f,pcb1/Data/Images/Anomaly/019.JPG,anomaly,2.5430307388305664,True,1.1374472079987754,False,0.5947539739595814,0.746682338661154,True,True,154,1945,0.07917737789203085,0.00262451171875,"[""melt""]",Q3,0.7337183726739014,True,True,3601.0,45505.0,0.07913416108119987,0.002695902228612509,0.0
37a5f7103193e235d49f1e76,pcb1/Data/Images/Anomaly/020.JPG,anomaly,2.3246147632598877,True,1.082254875000217,False,0.5896330910349602,0.6394099037764487,True,True,266,3427,0.07761890866647213,0.0042724609375,"[""melt"", ""scratch""]",Q4,0.62941386478343,True,True,5930.0,79734.0,0.07437228785712494,0.004172324733072397,0.0
5461e26868dd5bd657830961,pcb1/Data/Images/Anomaly/021.JPG,anomaly,2.498210906982422,True,1.082924082998943,False,0.5827761802060868,0.5568419978638195,True,True,115,2503,0.04594486616060727,0.0017547607421875,"[""melt""]",Q2,0.5704559342401503,True,True,2627.0,58735.0,0.04472631310121733,0.001748675346806188,0.0
b8888974f860bf6b0c0215c8,pcb1/Data/Images/Anomaly/022.JPG,anomaly,2.2750566005706787,True,1.0813554999986081,False,0.5827182682322869,0.8251329976862127,True,True,143,2690,0.053159851301115245,0.002197265625,"[""melt""]",Q3,0.7944491117243044,True,True,3102.0,63449.0,0.048889659411495846,0.0020901562957637725,0.0
d5d1387098de672909855830,pcb1/Data/Images/Anomaly/023.JPG,anomaly,2.4569520950317383,True,1.082242958000279,False,0.5979511143062545,0.4758083481491914,True,True,74,2131,0.034725480994838104,0.0011444091796875,"[""melt""]",Q1,0.4865662778513684,True,True,1658.0,50184.0,0.033038418619480314,0.0011262880421758926,0.0
a1ac0b3e3bb6fa4e732f03c5,pcb1/Data/Images/Anomaly/024.JPG,anomaly,2.1504554748535156,True,1.083826666999812,False,0.590941768511862,0.7461754309288192,True,True,109,1597,0.06825297432686286,0.0016632080078125,"[""melt""]",Q2,0.7309050461541218,False,True,2485.0,38120.0,0.06518887722980063,0.0016541523550869346,0.0
401b8aaa829c62cd6e5e4b37,pcb1/Data/Images/Anomaly/025.JPG,anomaly,1.9748671054840088,False,1.0796609579992946,False,0.5853742311686236,0.31518266653072635,True,True,91,2795,0.03255813953488372,0.0013885498046875,"[""melt""]",Q1,0.28369048745738573,False,True,2146.0,65342.0,0.03284258210645526,0.0014284953537289987,0.0
cf0b7d2b92f0fb2e900016bc,pcb1/Data/Images/Anomaly/026.JPG,anomaly,2.030258893966675,True,1.0772824589985248,False,0.6049957398088239,0.29774946738422137,False,True,98,4024,0.024353876739562623,0.001495361328125,"[""melt""]",Q1,0.2665876713548901,False,True,2271.0,94039.0,0.02414955497187337,0.001511702212636792,0.0
0aef9397e857664be50586e6,pcb1/Data/Images/Anomaly/027.JPG,anomaly,2.3349928855895996,True,1.0969962090021,False,0.6048140160289693,0.4307650240569126,True,True,145,2791,0.05195270512361161,0.0024566650390625,"[""melt""]",Q3,0.43054602911927053,True,True,3420.0,64776.0,0.05279733234531308,0.0025035279708176903,0.0
058e7c1cfa361985e0c768c7,pcb1/Data/Images/Anomaly/028.JPG,anomaly,2.3299484252929688,True,1.097755209000752,False,0.5821870756450196,0.44816226324696967,True,True,92,2595,0.035452793834296725,0.00140380859375,"[""melt""]",Q1,0.4434900831739836,True,True,2106.0,60733.0,0.03467637034231801,0.0014018691588785046,0.0
f0259e5eda4cbee36218f2e8,pcb1/Data/Images/Anomaly/029.JPG,anomaly,2.2424776554107666,True,1.0937904170023103,False,0.587574886173017,0.7149800095750967,True,True,114,2117,0.0538497874350496,0.001739501953125,"[""melt""]",Q2,0.707169629996311,True,True,2654.0,49960.0,0.053122497998398716,0.0017666480283302713,0.0
52249861bad3bd5cc6943c9b,pcb1/Data/Images/Anomaly/030.JPG,anomaly,2.572028875350952,True,1.0892032090014254,False,0.594176851186197,0.5425122871817164,True,True,118,1997,0.05908863294942414,0.001800537109375,"[""melt""]",Q2,0.5279711502391502,True,True,2749.0,46930.0,0.05857660345194971,0.0018298852411001943,0.0
2f84a33fef692ee5bf520862,pcb1/Data/Images/Anomaly/031.JPG,anomaly,2.3209986686706543,True,1.0855777910001052,False,0.582317543999787,0.3276975251175299,True,True,152,3680,0.041304347826086954,0.0023651123046875,"[""melt""]",Q3,0.3044271998919746,True,True,3353.0,85497.0,0.03921775033042095,0.002269217456133344,0.0
a9b088cb5fbeb8650e53adca,pcb1/Data/Images/Anomaly/032.JPG,anomaly,2.9286978244781494,True,1.0799030420021154,False,0.5947539739595814,0.3665735013468749,False,True,126,2355,0.0535031847133758,0.001922607421875,"[""melt""]",Q2,0.3552204896371557,False,True,2908.0,55446.0,0.05244742632471233,0.0019357243656309077,0.0
fc0e0c77761b585a8ee21495,pcb1/Data/Images/Anomaly/033.JPG,anomaly,2.346903085708618,True,1.0767022500003804,False,0.5859753175173736,0.9469936422871051,True,True,106,1641,0.06459475929311395,0.001617431640625,"[""melt""]",Q2,0.9298351067182474,True,True,2393.0,38837.0,0.061616499729639264,0.0015929121069307986,0.0
c3d4944f94350960e97d6e48,pcb1/Data/Images/Anomaly/034.JPG,anomaly,2.261652946472168,True,1.079198166000424,False,0.5930984902947519,0.8075853128401576,True,True,178,2142,0.08309990662931839,0.002716064453125,"[""melt""]",Q3,0.8113972657928938,True,True,4049.0,50455.0,0.08024972747993261,0.0026952365737412465,0.0
5c7634efa4149dc1c41b584a,pcb1/Data/Images/Anomaly/035.JPG,anomaly,2.1988537311553955,True,1.0769001670014404,False,0.5807279601672125,0.5848679759306125,True,True,108,2328,0.04639175257731959,0.00164794921875,"[""melt""]",Q2,0.570670740447416,True,True,2443.0,54688.0,0.0446715915740199,0.0016315200894640148,0.0
8d0cec0332c073969b2b983b,pcb1/Data/Images/Anomaly/036.JPG,anomaly,2.398555278778076,True,1.0781805000005988,False,0.587574886173017,0.8396263205366882,True,True,130,2425,0.05360824742268041,0.001983642578125,"[""melt""]",Q2,0.8336214467262139,True,True,2981.0,56992.0,0.052305586749017405,0.001984317171233059,0.0
868416b86aae26b7d6e9d885,pcb1/Data/Images/Anomaly/037.JPG,anomaly,1.9786471128463745,False,1.0777180420009245,False,0.6138948797827303,0.04598348721299035,False,True,55,2548,0.021585557299843013,0.001129150390625,"[""melt""]",Q1,0.0453585703438801,False,True,1223.0,59364.0,0.020601711474967994,0.0011056527411667598,0.0
818f50144b35ecb779aabdf6,pcb1/Data/Images/Anomaly/038.JPG,anomaly,3.0383737087249756,True,1.0789643329990213,False,0.5880235375562478,0.4210350729127925,False,True,109,2069,0.05268245529241179,0.0016632080078125,"[""melt""]",Q2,0.43185379568675003,False,True,2517.0,48273.0,0.05214094835622397,0.0016754533109673297,0.0
9ed49634ee0c9fa6fe0a2752,pcb1/Data/Images/Anomaly/039.JPG,anomaly,2.6520752906799316,True,1.0777749170010793,False,0.584311845994089,0.5902402395426831,True,True,150,1882,0.07970244420828905,0.00238037109375,"[""melt""]",Q3,0.6089040023723374,True,True,3432.0,44023.0,0.07795924857460873,0.0023524243150411374,0.0
203c5e27d6a34c52a904149b,pcb1/Data/Images/Anomaly/040.JPG,anomaly,3.1855547428131104,True,1.0770283750025555,False,0.582317543999787,0.9763593031251406,True,True,3246,6341,0.5119066393313357,0.0495758056640625,"[""scratch"", ""missing""]",Q4,0.9754550779840897,True,True,74382.0,145997.0,0.509476222114153,0.049556008200868015,0.0
7a8d7f208fe54661aac4c264,pcb1/Data/Images/Anomaly/041.JPG,anomaly,3.3227529525756836,True,1.0744752919999883,False,0.590941768511862,0.9923855307969379,True,True,6757,10784,0.6265764094955489,0.1031036376953125,"[""missing""]",Q4,0.9922019881367461,True,True,155020.0,248233.0,0.624493923048104,0.10318981814308917,0.0
f4849b27e3a9671e0d552fa1,pcb1/Data/Images/Anomaly/042.JPG,anomaly,2.8946526050567627,True,1.0775242500021704,False,0.5807279601672125,0.9158588605251462,True,True,680,8989,0.07564801423962621,0.0103759765625,"[""missing""]",Q4,0.9128835966420745,True,True,15523.0,207650.0,0.07475559836262942,0.010332960566605426,0.0
195e220a16863d9f12a1bbe2,pcb1/Data/Images/Anomaly/043.JPG,anomaly,3.430190086364746,True,1.0806596250004077,False,0.6090282770189313,0.9900658238781199,True,True,8338,13390,0.6227035100821509,0.127227783203125,"[""missing""]",Q4,0.9899319615420733,True,True,191177.0,307180.0,0.6223614818673091,0.12725856697819315,0.0
3a4bfd8639e5c413622c95d7,pcb1/Data/Images/Anomaly/044.JPG,anomaly,3.1398558616638184,True,1.0766204579995247,False,0.590941768511862,0.9926581497343764,True,True,5179,8182,0.6329748227817159,0.0790252685546875,"[""missing""]",Q4,0.992442353336185,True,True,118645.0,188397.0,0.6297605588199388,0.07897662220092126,0.0
a5ea8d7cc5f3fe4879fe2a2d,pcb1/Data/Images/Anomaly/045.JPG,anomaly,2.986273765563965,True,1.0779274999986228,False,0.5771966610751658,0.994345633174509,True,True,5175,8014,0.6457449463438982,0.0789642333984375,"[""missing""]",Q4,0.9943109903525205,True,True,118583.0,184318.0,0.6433609305656528,0.07893601725377426,0.0
2bd9079483b74cb788201bf4,pcb1/Data/Images/Anomaly/046.JPG,anomaly,3.584113359451294,True,1.0785608750011306,False,0.5837806534068216,0.9940279741471162,True,True,4150,6510,0.6374807987711214,0.063323974609375,"[""missing""]",Q4,0.9940732873977595,True,True,95116.0,149953.0,0.6343054156969183,0.06331442873498948,0.0
87158bd8ef0b4800fac96184,pcb1/Data/Images/Anomaly/047.JPG,anomaly,2.0450382232666016,True,1.0758691660012119,False,0.5771966610751658,0.8281412548134364,True,True,124,1396,0.08882521489971347,0.00189208984375,"[""missing""]",Q2,0.8145767223175439,True,True,2769.0,33336.0,0.08306335493160547,0.0018431983385254413,0.0
9df2670f76428def52163447,pcb1/Data/Images/Anomaly/048.JPG,anomaly,1.9237524271011353,False,1.0756600410022656,False,0.5896330910349602,0.00980241861173204,False,True,11,1474,0.007462686567164179,0.0011138916015625,"[""missing""]",Q1,0.005992659049528896,False,True,212.0,35123.0,0.006035930871508698,0.0010856830950288893,0.0
43ed28b7189e5aecf0912bd1,pcb1/Data/Images/Anomaly/049.JPG,anomaly,2.2119317054748535,True,1.0766927089971432,False,0.5902408339324228,0.014140777688352587,False,True,77,9618,0.008005822416302766,0.0064697265625,"[""missing""]",Q4,0.015061369709083058,False,True,1859.0,222180.0,0.00836708974705194,0.006962084298532897,0.0
941fc11ace7235f6a8c754a4,pcb1/Data/Images/Anomaly/050.JPG,anomaly,3.426211357116699,True,1.0762096250000468,False,0.5976801927736507,0.9897368475571025,True,True,4180,7253,0.5763132496897836,0.06378173828125,"[""missing""]",Q4,0.9894113048737772,True,True,95936.0,167392.0,0.5731217740393806,0.0638602657294246,0.0
ca6517206c7ed606f1334b73,pcb1/Data/Images/Anomaly/051.JPG,anomaly,2.190782070159912,True,1.0763289169990458,False,0.5778097292115983,0.005821444935967993,False,True,34,5081,0.006691596142491636,0.002655029296875,"[""melt"", ""missing""]",Q3,0.006482393388721508,False,True,846.0,118408.0,0.007144787514357138,0.0028856138669222783,0.0
e291315ff3baf606d5b6f512,pcb1/Data/Images/Anomaly/052.JPG,anomaly,2.1447362899780273,True,1.078673667001567,False,0.584311845994089,0.25054357126854754,False,True,104,4117,0.025261112460529513,0.001617431640625,"[""missing""]",Q2,0.22240215782860648,False,True,2359.0,96098.0,0.02454785739557535,0.0015869212130894374,0.0
f8c75b3d35149a713c6f9194,pcb1/Data/Images/Anomaly/053.JPG,anomaly,2.477423667907715,True,1.077775792000466,False,0.5859753175173736,0.6254884682751014,True,True,1226,5874,0.2087163772557031,0.0187225341796875,"[""melt"", ""scratch"", ""missing""]",Q4,0.6214733861935005,True,True,27968.0,135666.0,0.2061533471908953,0.0186603030060974,0.0
de611bce473c840af8adafcd,pcb1/Data/Images/Anomaly/054.JPG,anomaly,2.9354779720306396,True,1.0766059999987192,False,0.6249860212477035,0.9934421082617341,True,True,2585,5095,0.507360157016683,0.0394439697265625,"[""missing""]",Q4,0.9931331438281462,True,True,59252.0,118012.0,0.5020845337762262,0.03944138243203664,0.0
2f3b6929e46e26cbd6efaf83,pcb1/Data/Images/Anomaly/055.JPG,anomaly,2.794673204421997,True,1.0747348750010133,False,0.5885600553824852,0.9918370976171299,True,True,2571,4345,0.5917146144994246,0.0392303466796875,"[""missing""]",Q4,0.9917412238447814,True,True,58847.0,100365.0,0.5863298958800378,0.03917179220917539,0.0
58c7b18bac131308bc92b375,pcb1/Data/Images/Anomaly/056.JPG,anomaly,2.9930830001831055,True,1.087755084001401,False,0.590941768511862,0.6063256627829444,True,True,1280,5514,0.23213638012332244,0.01953125,"[""missing""]",Q4,0.6025524686166833,True,True,29268.0,127975.0,0.2287009181480758,0.019482386772106397,0.0
717172f0116db667e0dce7d7,pcb1/Data/Images/Anomaly/057.JPG,anomaly,1.9719218015670776,False,1.0805472920001193,False,0.5872939798173443,0.0032383536313237596,False,False,0,2027,0.0,0.0025634765625,"[""missing""]",Q3,0.002913016821457918,False,False,0.0,47786.0,0.0,0.002378384855020369,0.0
2f63d640d4f13c0be8d245aa,pcb1/Data/Images/Anomaly/058.JPG,anomaly,2.0139498710632324,False,1.086979750001774,False,0.594176851186197,0.002074913267657085,False,False,0,1878,0.0,0.001434326171875,"[""missing""]",Q1,0.0017013625980534732,False,False,0.0,43856.0,0.0,0.001201507042628538,0.0
59093f01f637a9d6917b2974,pcb1/Data/Images/Anomaly/059.JPG,anomaly,3.4471688270568848,True,1.0757986669996171,False,0.590941768511862,0.977763121415206,True,True,3486,6093,0.5721319547021172,0.053192138671875,"[""missing""]",Q4,0.9783729983485733,True,True,79992.0,140653.0,0.5687187617754331,0.05324706446201773,0.0
28cfef727f84eaa01e9e5c2f,pcb1/Data/Images/Anomaly/060.JPG,anomaly,2.602144479751587,True,1.1124824159996933,False,0.6095814362169503,0.9615512931233272,True,True,63,1076,0.05855018587360595,0.0009613037109375,"[""melt""]",Q1,0.9621137728889828,True,True,1395.0,25769.0,0.054134813147580424,0.0009285885454109753,0.0
ed801f703c4806f247f18f48,pcb1/Data/Images/Anomaly/061.JPG,anomaly,2.5698959827423096,True,1.0786975420014642,False,0.6051681444204808,0.9621797056129023,True,True,73,2921,0.0249914412872304,0.0011138916015625,"[""melt""]",Q1,0.9619667774202831,True,True,1621.0,68646.0,0.023613903213588555,0.001079026546316266,0.0
1d91386b1f478d2daa4db014,pcb1/Data/Images/Anomaly/062.JPG,anomaly,2.7673470973968506,True,1.1414886250022391,False,0.5880235375562478,0.7640176370271833,True,True,79,1564,0.05051150895140665,0.0012054443359375,"[""melt""]",Q1,0.7765365773337908,True,True,1867.0,36804.0,0.05072818171937833,0.0012427776446468034,0.0
016abd4045700c4284b5e89c,pcb1/Data/Images/Anomaly/063.JPG,anomaly,2.650186061859131,True,1.0852774579980178,False,0.5993117128631147,0.8226213115218471,True,True,130,1947,0.0667693888032871,0.001983642578125,"[""melt""]",Q2,0.8034709234834914,True,True,2919.0,46172.0,0.06322013341419042,0.0019430465692147935,0.0
2dda7ca3f73238832b2ca1a1,pcb1/Data/Images/Anomaly/064.JPG,anomaly,2.6386234760284424,True,1.078036457998678,False,0.6042641851053066,0.5143160540665158,True,True,109,2107,0.05173232083531087,0.0021514892578125,"[""melt""]",Q3,0.49170434369623545,True,True,2455.0,49593.0,0.049502954045933904,0.002097478499347658,0.0
d513967cbf2cbf166191b214,pcb1/Data/Images/Anomaly/065.JPG,anomaly,3.0894153118133545,True,1.0757845000007364,False,0.6018851345954149,0.7957515226107809,True,True,51,1845,0.027642276422764227,0.00079345703125,"[""melt""]",Q1,0.788141396220445,True,True,1139.0,43560.0,0.026147842056932966,0.0007655031019517001,0.0
9663d051f8bd8b2f73b6865a,pcb1/Data/Images/Anomaly/066.JPG,anomaly,2.34213924407959,True,1.0779211250010121,False,0.5889015363314428,0.6350919510755363,True,True,144,2279,0.06318560772268539,0.002197265625,"[""melt""]",Q3,0.6217651191559201,True,True,3321.0,54057.0,0.06143515178422776,0.0022106398274622575,0.0
f512f563bc839ae91c3233a3,pcb1/Data/Images/Anomaly/067.JPG,anomaly,2.6441447734832764,True,1.0884417499983101,False,0.590941768511862,0.8150111203889894,True,True,89,2307,0.03857824013870828,0.0014190673828125,"[""melt""]",Q1,0.8065181028103502,True,True,2071.0,54455.0,0.038031402075107884,0.0014318236280853104,0.0
101fcc171c95b290221f360e,pcb1/Data/Images/Anomaly/068.JPG,anomaly,2.9234275817871094,True,1.0877685839986952,False,0.5905090928455414,0.5803996263929703,True,True,97,2325,0.04172043010752688,0.0014801025390625,"[""melt""]",Q1,0.6098523609642307,True,True,2130.0,54860.0,0.03882610280714546,0.0014338205926990974,0.0
dbfcb690087fc5c6e36dc581,pcb1/Data/Images/Anomaly/069.JPG,anomaly,2.8224375247955322,True,1.0837868750022608,False,0.590941768511862,0.4328713777788522,False,True,236,2814,0.08386638237384506,0.0038909912109375,"[""melt"", ""scratch""]",Q4,0.4145343915196352,False,True,5324.0,65754.0,0.08096845819265748,0.003864792182549192,0.0
f11d875c11fa86f5bb6e1a71,pcb1/Data/Images/Anomaly/070.JPG,anomaly,3.1095802783966064,True,1.1306210840011772,False,0.6080690683494422,0.7866394086832751,True,True,131,3180,0.04119496855345912,0.0019989013671875,"[""melt""]",Q2,0.7698091935335948,True,True,2975.0,75185.0,0.03956906297798763,0.001980323242005485,0.0
d350b5790f9636c1195fe4fa,pcb1/Data/Images/Anomaly/071.JPG,anomaly,2.8111929893493652,True,1.0962361250021786,False,0.5807279601672125,0.6677277801338166,True,True,346,2980,0.11610738255033556,0.005279541015625,"[""melt""]",Q4,0.663725715554225,True,True,7834.0,69710.0,0.11237985941758714,0.005223393774795644,0.0
22de1b996a922d9d0db53c92,pcb1/Data/Images/Anomaly/072.JPG,anomaly,2.8761396408081055,True,1.1323405410003033,False,0.5954855286630988,0.2541407456985913,False,True,48,1937,0.0247805885389778,0.000885009765625,"[""melt""]",Q1,0.26006549495534176,False,True,1137.0,45155.0,0.025179935776768907,0.0009052906249167931,0.0
b8931522a714116c4dd2ec42,pcb1/Data/Images/Anomaly/073.JPG,anomaly,2.3923442363739014,True,1.0841156669994234,False,0.5872939798173443,0.5950867844377499,True,True,135,2760,0.04891304347826087,0.002197265625,"[""melt""]",Q3,0.5566662994301033,True,True,3117.0,64085.0,0.04863852695638605,0.002192667145938174,0.0
7adbebfe65a2433dc4c13658,pcb1/Data/Images/Anomaly/074.JPG,anomaly,2.61649751663208,True,1.104098542000429,False,0.5827182682322869,0.4750173960030274,False,True,117,3860,0.030310880829015546,0.0018157958984375,"[""melt""]",Q2,0.4938105266282626,True,True,2660.0,90675.0,0.029335539012958368,0.0018072529754772746,0.0
5134ff6eb4cbd37e5c32664a,pcb1/Data/Images/Anomaly/075.JPG,anomaly,2.0786550045013428,True,1.0955257909990905,False,0.6079219586228932,0.3783316036319012,False,True,81,2649,0.030577576443941108,0.0012359619140625,"[""melt""]",Q1,0.35586653125385437,False,True,1847.0,61886.0,0.02984519923730731,0.0012427776446468034,0.0
ae7f2a6fa10101021813040a,pcb1/Data/Images/Anomaly/076.JPG,anomaly,2.087985038757324,True,1.0986254589988675,False,0.6029794712037703,0.776879684470994,True,True,70,1328,0.05271084337349398,0.001068115234375,"[""melt""]",Q1,0.7605191552035084,True,True,1604.0,31453.0,0.050996725272629,0.001067710413504806,0.0
d72dd10cae3fe674b0e231bd,pcb1/Data/Images/Anomaly/077.JPG,anomaly,2.3627049922943115,True,1.1682092919982097,False,0.5915069094975637,0.42417589668962113,True,True,266,2410,0.11037344398340249,0.005096435546875,"[""melt""]",Q4,0.4284125192482701,True,True,6191.0,56328.0,0.10990981394688254,0.005166813110738344,0.0
f354f7c22295245113ee90eb,pcb1/Data/Images/Anomaly/078.JPG,anomaly,2.4727044105529785,True,1.1082681250009045,False,0.6048140160289693,0.7654125112573611,True,True,71,1565,0.04536741214057508,0.0010833740234375,"[""melt""]",Q1,0.7428997319418964,True,True,1628.0,37121.0,0.04385657713962447,0.0010836861304151025,0.0
2f46384a7490aa62ee5c7f37,pcb1/Data/Images/Anomaly/079.JPG,anomaly,2.4937448501586914,True,1.1354275839985348,False,0.590941768511862,0.8577438168218933,True,True,84,1481,0.05671843349088454,0.00128173828125,"[""melt""]",Q1,0.8802646176535145,True,True,1960.0,35441.0,0.05530317993284614,0.0013046835476742018,0.0
eba73c42e7e6f64f7fd6a631,pcb1/Data/Images/Anomaly/080.JPG,anomaly,2.452702760696411,True,1.1699106660016696,False,0.584311845994089,0.5632939631449947,True,True,110,1805,0.060941828254847646,0.0018310546875,"[""melt"", ""scratch""]",Q2,0.5401734206026431,True,True,2480.0,42729.0,0.058040206885253576,0.0018019277365071758,0.0
331e9b6fcbed21ffd9237275,pcb1/Data/Images/Anomaly/081.JPG,anomaly,2.3143391609191895,True,1.1206646249993355,False,0.6026146923343185,0.8240073847180301,True,True,255,2204,0.11569872958257713,0.0041656494140625,"[""melt""]",Q4,0.8271236346604425,True,True,5977.0,52107.0,0.11470627746751876,0.004242218494554943,0.0
e7105e4d0bbef7df12e60654,pcb1/Data/Images/Anomaly/082.JPG,anomaly,2.717989444732666,True,1.1595779579984082,False,0.6497111057858721,0.29395063687322276,False,True,132,3630,0.03636363636363636,0.00201416015625,"[""melt""]",Q3,0.30727096039702206,False,True,3019.0,84194.0,0.03585766206618049,0.0020096120563410282,0.0
d6d15a18364da11d6dcc2359,pcb1/Data/Images/Anomaly/083.JPG,anomaly,2.5578348636627197,True,1.1542988330002117,False,0.6544771946641106,0.24294368450430814,False,True,68,3547,0.01917113053284466,0.00103759765625,"[""melt""]",Q1,0.24198211142095785,False,True,1573.0,82520.0,0.019062045564711586,0.0010470751124956733,0.0
6bd77e18179d473652739b16,pcb1/Data/Images/Anomaly/084.JPG,anomaly,2.403207540512085,True,1.1230600000017148,False,0.6432995180658732,0.23557571184099305,False,True,156,7692,0.0202808112324493,0.0023956298828125,"[""melt"", ""scratch""]",Q3,0.21727281038276033,False,True,3396.0,177830.0,0.01909689028847776,0.002271214420747131,0.0
9b5f33859edd4f4ae5b7f3ae,pcb1/Data/Images/Anomaly/085.JPG,anomaly,2.375187397003174,True,1.1210961670003599,False,0.6029595015576324,0.24401583371138333,False,True,92,2786,0.033022254127781765,0.001556396484375,"[""scratch""]",Q2,0.2496857284522737,True,True,2068.0,65748.0,0.03145342824116323,0.0015190244162206778,0.0
ef6143041222529aa5aaae7c,pcb1/Data/Images/Anomaly/086.JPG,anomaly,2.7654855251312256,True,1.1103188329980185,False,0.6014870729824001,0.5226701787968764,True,True,179,5402,0.033135875601629027,0.00274658203125,"[""scratch""]",Q3,0.5394073949747573,True,True,4124.0,125745.0,0.03279653266531472,0.0027618020608674815,0.0
0ef8731731cdd59ea690ee45,pcb1/Data/Images/Anomaly/087.JPG,anomaly,2.513681411743164,True,1.1054832500012708,False,0.6114119871129217,0.3275509950261151,False,True,96,2968,0.03234501347708895,0.00146484375,"[""scratch""]",Q1,0.33716119633816855,True,True,2328.0,69257.0,0.0336139307218043,0.0015496445402987458,0.0
b6a93f21715bab46a8ff2907,pcb1/Data/Images/Anomaly/088.JPG,anomaly,2.3927996158599854,True,1.101287958001194,False,0.6014870729824001,0.3012102702846808,False,True,142,5384,0.02637444279346211,0.002288818359375,"[""scratch""]",Q3,0.28592984261992127,False,True,3294.0,124923.0,0.026368242837587954,0.0022958436509838377,0.0
97526c60892843bb396a370c,pcb1/Data/Images/Anomaly/089.JPG,anomaly,2.212773323059082,True,1.0871040419988276,False,0.6144700055915009,0.39977574869002025,True,True,220,3497,0.06291106662853875,0.003692626953125,"[""scratch""]",Q4,0.4052777003336231,True,True,5131.0,81447.0,0.06299802325438629,0.0037050350134462283,0.0
2b1b6488aa13538b6a2520e8,pcb1/Data/Images/Anomaly/090.JPG,anomaly,2.602609872817993,True,1.0929744169989135,False,0.6084511542455467,0.7034304023895768,True,True,175,3476,0.050345224395857306,0.0026702880859375,"[""scratch""]",Q3,0.6765828033908153,False,True,3860.0,81018.0,0.047643733491322914,0.002569427803072663,0.0
af57cbee2341ab925ede767b,pcb1/Data/Images/Anomaly/091.JPG,anomaly,2.233837604522705,True,1.0880448329990031,False,0.618814069281359,0.40106407380769843,False,True,240,3858,0.06220839813374806,0.0037078857421875,"[""scratch""]",Q4,0.39800620487805155,True,True,5423.0,89218.0,0.060783698356833823,0.003645126075032617,0.0
ddab2ad51cf8caf1b4373f11,pcb1/Data/Images/Anomaly/092.JPG,anomaly,2.7470037937164307,True,1.0848405409997213,False,0.6081130015709455,0.44079640071922754,True,True,299,3907,0.07652930637317636,0.0045623779296875,"[""scratch""]",Q4,0.4553325088513733,True,True,7044.0,90623.0,0.07772861194178078,0.004688872913171978,0.0
6b08c45dcbaabb986ad7863d,pcb1/Data/Images/Anomaly/093.JPG,anomaly,2.6306874752044678,True,1.0901890410023043,False,0.5979511143062545,0.29020056872180167,True,True,130,3103,0.04189494038027715,0.001983642578125,"[""scratch""]",Q2,0.255372485431312,True,True,2885.0,72529.0,0.039777192571247365,0.0019204143035918737,0.0
163bca9aa13a5cbd7f2da266,pcb1/Data/Images/Anomaly/094.JPG,anomaly,2.6840615272521973,True,1.0901737089989183,False,0.6009039593151743,0.4259243349756137,True,True,160,4154,0.038517091959557055,0.00244140625,"[""scratch""]",Q3,0.4054287454607501,True,True,3657.0,96335.0,0.03796128094669642,0.002434299864206406,0.0
8383e0e103301b901c6c13c1,pcb1/Data/Images/Anomaly/095.JPG,anomaly,2.4265496730804443,True,1.087578417002078,False,0.582317543999787,0.2800056579257902,False,True,89,1561,0.057014734144778985,0.00140380859375,"[""scratch""]",Q1,0.2744867735584149,False,True,2048.0,36761.0,0.055711215690541604,0.0014018691588785046,0.0
8803ca563ee51897e52eb53c,pcb1/Data/Images/Anomaly/096.JPG,anomaly,2.204282522201538,True,1.0842788749978354,False,0.5859753175173736,0.6692517904179865,True,True,114,2749,0.041469625318297565,0.00177001953125,"[""scratch""]",Q2,0.6748409649102062,True,True,2615.0,64467.0,0.04056338902073929,0.0017673136832015337,0.0
70bac58e77ae3e0a0bd14646,pcb1/Data/Images/Anomaly/097.JPG,anomaly,2.2285304069519043,True,1.0912744579982245,False,0.6002336448598131,0.26722256920225756,True,True,130,2788,0.046628407460545196,0.0020751953125,"[""melt"", ""scratch""]",Q3,0.23764177874524037,False,True,2895.0,65145.0,0.044439327653695605,0.0020269190829938495,0.0
24f83fa05771a9d377782faf,pcb1/Data/Images/Anomaly/098.JPG,anomaly,2.3488898277282715,True,1.0917247079996741,False,0.582317543999787,0.4308712985925673,False,True,118,2340,0.05042735042735043,0.001800537109375,"[""scratch""]",Q2,0.4436220545058795,False,True,2807.0,54944.0,0.05108838089691322,0.0018684932236334106,0.0
06a000c3b7f783f28804f8a4,pcb1/Data/Images/Anomaly/099.JPG,anomaly,2.8421742916107178,True,1.0868131660026847,False,0.5885600553824852,0.6312911285707643,True,True,150,2127,0.07052186177715092,0.002288818359375,"[""scratch""]",Q3,0.6486575302677708,False,True,3418.0,50264.0,0.0680009549578227,0.002275208349974705,0.0
556667850af971635cb30fff,pcb1/Data/Images/Normal/0011.JPG,normal,1.8529196977615356,False,1.084858666999935,False,0.5787722661554437,,False,False,0,725,0.0,0.0,,,,,,,,,,
cbfed2d91c4d35a51150b3e9,pcb1/Data/Images/Normal/0013.JPG,normal,1.8993518352508545,False,1.0887447080021957,False,0.6020309130122214,,False,False,0,545,0.0,0.0,,,,,,,,,,
491b4556c783776b10d624da,pcb1/Data/Images/Normal/0016.JPG,normal,1.844722867012024,False,1.0934972499999276,False,0.6095454908539021,,False,False,0,273,0.0,0.0,,,,,,,,,,
2a49642847cbe676f49bd4a1,pcb1/Data/Images/Normal/0024.JPG,normal,1.80972421169281,False,1.088608750000276,False,0.5758380594829193,,False,False,0,230,0.0,0.0,,,,,,,,,,
0dba220ba6fb75f467422d47,pcb1/Data/Images/Normal/0026.JPG,normal,1.9139395952224731,False,1.0879666250002629,False,0.605363846952632,,False,False,0,405,0.0,0.0,,,,,,,,,,
f0459370faa43efcf8bca2c8,pcb1/Data/Images/Normal/0027.JPG,normal,1.762573480606079,False,1.0889814160000242,False,0.5947959102164709,,False,False,0,131,0.0,0.0,,,,,,,,,,
1e05b0d5671299cfd7543018,pcb1/Data/Images/Normal/0046.JPG,normal,1.903741478919983,False,1.094426667001244,False,0.6052939531911494,,False,False,0,357,0.0,0.0,,,,,,,,,,
463d50ba01a9a4ad0655511c,pcb1/Data/Images/Normal/0100.JPG,normal,1.9297715425491333,False,1.0930249169978197,False,0.5892057406076098,,False,False,0,574,0.0,0.0,,,,,,,,,,
79fc5ec6e3c3615ea82fd202,pcb1/Data/Images/Normal/0107.JPG,normal,1.8682094812393188,False,1.086196291998931,False,0.5860265729424607,,False,False,0,994,0.0,0.0,,,,,,,,,,
251d402d8f2192e1ad51e756,pcb1/Data/Images/Normal/0159.JPG,normal,1.8517717123031616,False,1.0831532499978493,False,0.596333572969087,,False,False,0,424,0.0,0.0,,,,,,,,,,
4126de2e066d240b3f7186f7,pcb1/Data/Images/Normal/0168.JPG,normal,1.8795783519744873,False,1.092794332998892,False,0.6036624331016854,,False,False,0,749,0.0,0.0,,,,,,,,,,
7fca7f998a90ae309e8d2601,pcb1/Data/Images/Normal/0170.JPG,normal,1.9128299951553345,False,1.0898545829986688,False,0.5931883537023724,,False,False,0,447,0.0,0.0,,,,,,,,,,
50d15478cc2eed94a03b73fb,pcb1/Data/Images/Normal/0172.JPG,normal,1.8560971021652222,False,1.1349335839986452,False,0.5874990015176931,,False,False,0,300,0.0,0.0,,,,,,,,,,
b7532bc4c5961ede826a7b14,pcb1/Data/Images/Normal/0174.JPG,normal,1.7921044826507568,False,1.0926049160007096,False,0.5942600580451047,,False,False,0,223,0.0,0.0,,,,,,,,,,
2808405920efb8f612858a20,pcb1/Data/Images/Normal/0178.JPG,normal,2.031039237976074,True,1.0910248330001195,False,0.5860265729424607,,False,False,0,493,0.0,0.0,,,,,,,,,,
5fd73fb69558e1b061b9ef9f,pcb1/Data/Images/Normal/0187.JPG,normal,1.844356656074524,False,1.078857959000743,False,0.5926525015310062,,False,False,0,429,0.0,0.0,,,,,,,,,,
c1589f1e5cb0f45a4572c9f8,pcb1/Data/Images/Normal/0196.JPG,normal,1.9030487537384033,False,1.0750067500011937,False,0.5905090928455414,,False,False,0,936,0.0,0.0,,,,,,,,,,
a25aa8366e034a3772cd4eaf,pcb1/Data/Images/Normal/0208.JPG,normal,1.8916581869125366,False,1.076605500002188,False,0.6105919003115264,,False,False,0,438,0.0,0.0,,,,,,,,,,
b058b076cbe1f3aa73777223,pcb1/Data/Images/Normal/0214.JPG,normal,1.9312260150909424,False,1.0725466669973684,False,0.6151130281971403,,False,False,0,886,0.0,0.0,,,,,,,,,,
ca2a5d83fa709ec818761d2d,pcb1/Data/Images/Normal/0215.JPG,normal,2.0400350093841553,True,1.0745721250023053,False,0.6060967329658918,,False,False,0,1034,0.0,0.0,,,,,,,,,,
cc382503edb83f7a1d103fae,pcb1/Data/Images/Normal/0237.JPG,normal,1.880969762802124,False,1.1126012500026263,False,0.5860265729424607,,False,False,0,292,0.0,0.0,,,,,,,,,,
6bb3f94762876b037978efe5,pcb1/Data/Images/Normal/0261.JPG,normal,1.9445773363113403,False,1.0754453749977984,False,0.5860265729424607,,False,False,0,350,0.0,0.0,,,,,,,,,,
2d9785bfcf1a7dc74d0fbf98,pcb1/Data/Images/Normal/0286.JPG,normal,1.8524106740951538,False,1.0745261250012845,False,0.6057153127246585,,False,False,0,455,0.0,0.0,,,,,,,,,,
00b64bd580c8d09f962d7bb7,pcb1/Data/Images/Normal/0294.JPG,normal,1.9401617050170898,False,1.0762852499974542,False,0.598490294751977,,False,False,0,384,0.0,0.0,,,,,,,,,,
21e6fa47368b66a47c75f924,pcb1/Data/Images/Normal/0297.JPG,normal,1.9184234142303467,False,1.0754647920002753,False,0.5966078227760471,,False,False,0,999,0.0,0.0,,,,,,,,,,
4076f6bfb6953866c349e268,pcb1/Data/Images/Normal/0303.JPG,normal,1.8187839984893799,False,1.0767780829992262,False,0.6138036850653673,,False,False,0,614,0.0,0.0,,,,,,,,,,
3f63eec4c68e447f5194cad6,pcb1/Data/Images/Normal/0306.JPG,normal,2.319277048110962,True,1.0749698340005125,False,0.5865564342199856,,False,False,0,878,0.0,0.0,,,,,,,,,,
0438e965f1679055ec619e77,pcb1/Data/Images/Normal/0320.JPG,normal,1.8334709405899048,False,1.0748831669989158,False,0.6093997124370956,,False,False,0,465,0.0,0.0,,,,,,,,,,
890903084496d64321ddd732,pcb1/Data/Images/Normal/0333.JPG,normal,2.10942006111145,True,1.1202990410019993,False,0.6260031418909924,,False,False,0,1283,0.0,0.0,,,,,,,,,,
4e75be47e80286aa75c2a052,pcb1/Data/Images/Normal/0363.JPG,normal,1.8724889755249023,False,1.077663667001616,False,0.5902408339324228,,False,False,0,329,0.0,0.0,,,,,,,,,,
1042f3dd45c162558c45200f,pcb1/Data/Images/Normal/0377.JPG,normal,1.8186877965927124,False,1.0777550840030017,False,0.6140067098011023,,False,False,0,481,0.0,0.0,,,,,,,,,,
78240ede377ebee702114fdc,pcb1/Data/Images/Normal/0394.JPG,normal,1.9024416208267212,False,1.0909181669994723,False,0.5936376707404745,,False,False,0,1017,0.0,0.0,,,,,,,,,,
2f0c4c52a767a109c60bb6ce,pcb1/Data/Images/Normal/0400.JPG,normal,1.8622885942459106,False,1.0799850409966893,False,0.6206446201773305,,False,False,0,741,0.0,0.0,,,,,,,,,,
47333b633851172c9f062795,pcb1/Data/Images/Normal/0402.JPG,normal,2.1286048889160156,True,1.0779984580003656,False,0.5897076443805416,,False,False,0,1342,0.0,0.0,,,,,,,,,,
c1fc84b66b7e7871b424b484,pcb1/Data/Images/Normal/0417.JPG,normal,1.8545682430267334,False,1.076133916998515,False,0.6161834012301302,,False,False,0,645,0.0,0.0,,,,,,,,,,
9020fd5340397a9b81e2f509,pcb1/Data/Images/Normal/0423.JPG,normal,1.7867166996002197,False,1.0832717080011207,False,0.5931883537023724,,False,False,0,371,0.0,0.0,,,,,,,,,,
c00f11dd1e9e8759f290ab80,pcb1/Data/Images/Normal/0427.JPG,normal,1.8582788705825806,False,1.0754103750005015,False,0.587574886173017,,False,False,0,735,0.0,0.0,,,,,,,,,,
770ad2a69864e439b192c236,pcb1/Data/Images/Normal/0457.JPG,normal,1.8728203773498535,False,1.075595375001285,False,0.594176851186197,,False,False,0,338,0.0,0.0,,,,,,,,,,
c01658744c534f03ed9f4e93,pcb1/Data/Images/Normal/0469.JPG,normal,1.9027742147445679,False,1.0742590000008931,False,0.6189991213355699,,False,False,0,375,0.0,0.0,,,,,,,,,,
37e7b42bc75d5b019ed8f890,pcb1/Data/Images/Normal/0479.JPG,normal,1.8399863243103027,False,1.0772916249989066,False,0.6121521953297654,,False,False,0,325,0.0,0.0,,,,,,,,,,
50b94b6bb6440330d03cf03c,pcb1/Data/Images/Normal/0483.JPG,normal,1.8975872993469238,False,1.1160513750000973,False,0.6269563596666401,,False,False,0,702,0.0,0.0,,,,,,,,,,
749f9feb6032b5b2e06600c6,pcb1/Data/Images/Normal/0484.JPG,normal,1.8158488273620605,False,1.0926709170016693,False,0.6200974518731528,,False,False,0,685,0.0,0.0,,,,,,,,,,
590f1df98441884c4fd7ad21,pcb1/Data/Images/Normal/0488.JPG,normal,1.9380987882614136,False,1.1348487079994811,False,0.5906861570412972,,False,False,0,654,0.0,0.0,,,,,,,,,,
26f548b22a3fb7168ac0bffc,pcb1/Data/Images/Normal/0490.JPG,normal,1.8932085037231445,False,1.0804140829968674,False,0.5912426445136726,,False,False,0,883,0.0,0.0,,,,,,,,,,
60e0210da58a698ef2b9d297,pcb1/Data/Images/Normal/0514.JPG,normal,1.8607951402664185,False,1.1223262089988566,False,0.6200974518731528,,False,False,0,568,0.0,0.0,,,,,,,,,,
b83892b2662e523e63bdd68e,pcb1/Data/Images/Normal/0518.JPG,normal,1.827223300933838,False,1.0973814169992693,False,0.6020309130122214,,False,False,0,266,0.0,0.0,,,,,,,,,,
e4b8f8664a72da3d41fe0361,pcb1/Data/Images/Normal/0520.JPG,normal,1.8323204517364502,False,1.1071410000004107,False,0.5876161567750353,,False,False,0,292,0.0,0.0,,,,,,,,,,
5b5d277bc5ee2ffca0f3ada6,pcb1/Data/Images/Normal/0525.JPG,normal,1.8945214748382568,False,1.0776732080012152,False,0.6031185930718641,,False,False,0,575,0.0,0.0,,,,,,,,,,
3262a9232e141085b36a6c7e,pcb1/Data/Images/Normal/0545.JPG,normal,1.9450570344924927,False,1.0755339579991414,False,0.6024323028995926,,False,False,0,509,0.0,0.0,,,,,,,,,,
92e5c81770474cceb0fab794,pcb1/Data/Images/Normal/0552.JPG,normal,1.9781721830368042,False,1.0805972500020289,False,0.5874990015176931,,False,False,0,1657,0.0,0.0,,,,,,,,,,
85a25f1c3a7e0dd4cb2ec7a6,pcb1/Data/Images/Normal/0569.JPG,normal,1.8253982067108154,False,1.0788958750017628,False,0.5830817157919962,,False,False,0,430,0.0,0.0,,,,,,,,,,
122c351f4783e562322ae0b4,pcb1/Data/Images/Normal/0615.JPG,normal,1.937294840812683,False,1.0845012919999135,False,0.5827182682322869,,False,False,0,645,0.0,0.0,,,,,,,,,,
a768ba39fe2237fb19491ff3,pcb1/Data/Images/Normal/0617.JPG,normal,2.011186361312866,False,1.0757258750018082,False,0.5885600553824852,,False,False,0,1140,0.0,0.0,,,,,,,,,,
cf7bde26ebeb128101689e87,pcb1/Data/Images/Normal/0619.JPG,normal,1.8620163202285767,False,1.0782125830010045,False,0.5889015363314428,,False,False,0,814,0.0,0.0,,,,,,,,,,
c2cb0c43c0ca98cca3fb3747,pcb1/Data/Images/Normal/0621.JPG,normal,1.9008783102035522,False,1.0827807909990952,False,0.590941768511862,,False,False,0,1183,0.0,0.0,,,,,,,,,,
f88884345b9a3f0e3d62f4c4,pcb1/Data/Images/Normal/0629.JPG,normal,1.908825159072876,False,1.1448075839980447,False,0.6013379662912374,,False,False,0,941,0.0,0.0,,,,,,,,,,
ba73472d0152531aab096510,pcb1/Data/Images/Normal/0631.JPG,normal,1.8764342069625854,False,1.0944250409993401,False,0.5805934978832175,,False,False,0,542,0.0,0.0,,,,,,,,,,
8dc18a3f70fab36098dd0d52,pcb1/Data/Images/Normal/0648.JPG,normal,1.887542486190796,False,1.083447166998667,False,0.5843757488617302,,False,False,0,740,0.0,0.0,,,,,,,,,,
c373f1e8d89bb18df5ca4b77,pcb1/Data/Images/Normal/0654.JPG,normal,1.8916716575622559,False,1.0780767090000154,False,0.5880235375562478,,False,False,0,972,0.0,0.0,,,,,,,,,,
5a4cfc749e5301a5b31a22c4,pcb1/Data/Images/Normal/0657.JPG,normal,1.8369237184524536,False,1.0782919169978413,False,0.5993117128631147,,False,False,0,600,0.0,0.0,,,,,,,,,,
e42a8414f718895b1721abec,pcb1/Data/Images/Normal/0659.JPG,normal,1.8654567003250122,False,1.091324375000113,False,0.5856864233032457,,False,False,0,718,0.0,0.0,,,,,,,,,,
7895eccb31b5b2a85262e062,pcb1/Data/Images/Normal/0674.JPG,normal,1.8570653200149536,False,1.0911870830022963,False,0.5960486726841867,,False,False,0,598,0.0,0.0,,,,,,,,,,
0cf3e157e4c0e17cd58cc981,pcb1/Data/Images/Normal/0684.JPG,normal,1.8846783638000488,False,1.089999916999659,False,0.5864139840775355,,False,False,0,1336,0.0,0.0,,,,,,,,,,
da356b58499dca132a6d67b6,pcb1/Data/Images/Normal/0685.JPG,normal,1.8998233079910278,False,1.0907972079985484,False,0.5872939798173443,,False,False,0,539,0.0,0.0,,,,,,,,,,
f9d2b6149075e1d272a14267,pcb1/Data/Images/Normal/0688.JPG,normal,1.9046810865402222,False,1.0892583330023626,False,0.5872939798173443,,False,False,0,1762,0.0,0.0,,,,,,,,,,
725fabcc4c44c5ee51246d78,pcb1/Data/Images/Normal/0690.JPG,normal,1.99247145652771,False,1.08874137499879,False,0.5872939798173443,,False,False,0,1195,0.0,0.0,,,,,,,,,,
420fdcf5c247957d9c950174,pcb1/Data/Images/Normal/0694.JPG,normal,2.3381290435791016,True,1.09426483399875,False,0.579138376334638,,False,False,0,1181,0.0,0.0,,,,,,,,,,
3dda55abf4ae34b8adcb4e65,pcb1/Data/Images/Normal/0705.JPG,normal,1.9882322549819946,False,1.0854371660025208,False,0.6167006150651011,,False,False,0,1528,0.0,0.0,,,,,,,,,,
eef86025d524ff6dfd52ad1c,pcb1/Data/Images/Normal/0725.JPG,normal,1.8167308568954468,False,1.0780950830012443,False,0.5878298319887105,,False,False,0,983,0.0,0.0,,,,,,,,,,
a64830cbe19e5ca56ad89629,pcb1/Data/Images/Normal/0730.JPG,normal,1.9414397478103638,False,1.077410999998392,False,0.5837806534068216,,False,False,0,1247,0.0,0.0,,,,,,,,,,
71c67983c6d96f70049d9ac6,pcb1/Data/Images/Normal/0735.JPG,normal,1.8973205089569092,False,1.0940237079994404,False,0.5807279601672125,,False,False,0,811,0.0,0.0,,,,,,,,,,
46583c79db81086d05eed549,pcb1/Data/Images/Normal/0739.JPG,normal,2.0583953857421875,True,1.077633249999053,False,0.5849089384136114,,False,False,0,890,0.0,0.0,,,,,,,,,,
30967b1394262f3786dbc812,pcb1/Data/Images/Normal/0751.JPG,normal,1.9404678344726562,False,1.1953948750015115,False,0.590941768511862,,False,False,0,1257,0.0,0.0,,,,,,,,,,
c1c7961f1378e8dad399290f,pcb1/Data/Images/Normal/0755.JPG,normal,1.9009807109832764,False,1.12987691699891,False,0.582317543999787,,False,False,0,659,0.0,0.0,,,,,,,,,,
74e3591b66d5b59925b026b8,pcb1/Data/Images/Normal/0764.JPG,normal,1.7985399961471558,False,1.1904409580020001,False,0.5944171525947227,,False,False,0,327,0.0,0.0,,,,,,,,,,
cce23dc9ed8f89aeedb38811,pcb1/Data/Images/Normal/0768.JPG,normal,2.0006752014160156,False,1.1474880409987236,False,0.5938599994674761,,False,False,0,1403,0.0,0.0,,,,,,,,,,
156f5d883036b4cc5f95980d,pcb1/Data/Images/Normal/0779.JPG,normal,1.9091975688934326,False,1.0814015420000942,False,0.5912426445136726,,False,False,0,604,0.0,0.0,,,,,,,,,,
b763db5ef601318b84ff6946,pcb1/Data/Images/Normal/0784.JPG,normal,1.9215939044952393,False,1.0779615840001497,False,0.587574886173017,,False,False,0,1132,0.0,0.0,,,,,,,,,,
1c6b7a93d59f386e27b64780,pcb1/Data/Images/Normal/0796.JPG,normal,1.9783347845077515,False,1.0756906249989697,False,0.6115797321404798,,False,False,0,1741,0.0,0.0,,,,,,,,,,
6d2bad128a1ab5061fb42af5,pcb1/Data/Images/Normal/0797.JPG,normal,2.0563981533050537,True,1.0767212909995578,False,0.589863407620417,,False,False,0,2602,0.0,0.0,,,,,,,,,,
3a39d097d286e1453c1467fc,pcb1/Data/Images/Normal/0800.JPG,normal,2.084214448928833,True,1.0803484579992073,False,0.6132491945576057,,False,False,0,1070,0.0,0.0,,,,,,,,,,
7aa55a1abfbcccf798285c97,pcb1/Data/Images/Normal/0804.JPG,normal,1.9688794612884521,False,1.0762160420017608,False,0.6088492158585617,,False,False,0,1477,0.0,0.0,,,,,,,,,,
23df30821328eba2553753c3,pcb1/Data/Images/Normal/0811.JPG,normal,1.8773798942565918,False,1.0767490420003014,False,0.5828474052773118,,False,False,0,1857,0.0,0.0,,,,,,,,,,
e7094972aed37eec180929cb,pcb1/Data/Images/Normal/0844.JPG,normal,1.8453012704849243,False,1.0782355000010284,False,0.5889015363314428,,False,False,0,515,0.0,0.0,,,,,,,,,,
7e097e31d56b3e6629e11194,pcb1/Data/Images/Normal/0869.JPG,normal,1.9239486455917358,False,1.0807809580001049,False,0.6239635753654446,,False,False,0,1558,0.0,0.0,,,,,,,,,,
d0a03a58633036a118803633,pcb1/Data/Images/Normal/0871.JPG,normal,1.8870407342910767,False,1.0749827500003448,False,0.6140067098011023,,False,False,0,458,0.0,0.0,,,,,,,,,,
9c8ffbaf9ffa7a56b654d1f1,pcb1/Data/Images/Normal/0892.JPG,normal,1.8203076124191284,False,1.075946249999106,False,0.5889015363314428,,False,False,0,434,0.0,0.0,,,,,,,,,,
61aef9a6b5d0c6bcb75b1266,pcb1/Data/Images/Normal/0900.JPG,normal,2.0325214862823486,True,1.0776274589989043,False,0.5860265729424607,,False,False,0,841,0.0,0.0,,,,,,,,,,
2a88f74644bac5ccdedb5aeb,pcb1/Data/Images/Normal/0920.JPG,normal,2.712057113647461,True,1.0784198750006908,False,0.5747663551401869,,False,False,0,1111,0.0,0.0,,,,,,,,,,
19b63757ea88b3963e7004e0,pcb1/Data/Images/Normal/0923.JPG,normal,1.7954424619674683,False,1.07578566599841,False,0.5839071278323614,,False,False,0,75,0.0,0.0,,,,,,,,,,
4fa1a001da9cb7eb8c7fb3ae,pcb1/Data/Images/Normal/0935.JPG,normal,1.8208857774734497,False,1.078053084002022,False,0.603882099209202,,False,False,0,140,0.0,0.0,,,,,,,,,,
eab554e08045a3856fa203bc,pcb1/Data/Images/Normal/0940.JPG,normal,1.8443260192871094,False,1.0793281250007567,False,0.6029794712037703,,False,False,0,326,0.0,0.0,,,,,,,,,,
30f2a82e3553a151af9f0e20,pcb1/Data/Images/Normal/0952.JPG,normal,1.8950079679489136,False,1.0752949999987322,False,0.5880301941049605,,False,False,0,810,0.0,0.0,,,,,,,,,,
f42f9a075db5a562ffec3770,pcb1/Data/Images/Normal/0957.JPG,normal,2.018435478210449,False,1.0746226249975734,False,0.6081130015709455,,False,False,0,944,0.0,0.0,,,,,,,,,,
ed960dd36746d6c7a28d527d,pcb1/Data/Images/Normal/0964.JPG,normal,1.9049547910690308,False,1.079156708001392,False,0.6059136778762947,,False,False,0,744,0.0,0.0,,,,,,,,,,
e480b5ced51ba8c3a59cf8dd,pcb1/Data/Images/Normal/0971.JPG,normal,1.8384685516357422,False,1.0751120420027291,False,0.5912426445136726,,False,False,0,184,0.0,0.0,,,,,,,,,,
9a6ab4df3b2ef0d2b7859652,pcb1/Data/Images/Normal/0974.JPG,normal,1.9001673460006714,False,1.0768152909986384,False,0.5865564342199856,,False,False,0,179,0.0,0.0,,,,,,,,,,
9ac51c113742157b45e40d79,pcb1/Data/Images/Normal/0989.JPG,normal,1.8597702980041504,False,1.0759027919993969,False,0.6123472322070453,,False,False,0,350,0.0,0.0,,,,,,,,,,
f50bf0a6b60c8a6ac945231b,pcb1/Data/Images/Normal/0994.JPG,normal,1.8582124710083008,False,1.0742192500001693,False,0.594176851186197,,False,False,0,255,0.0,0.0,,,,,,,,,,
bfa8a3427a285784650ef7d2,pcb1/Data/Images/Normal/1000.JPG,normal,1.8809106349945068,False,1.0789681669994025,False,0.5787722661554437,,False,False,0,489,0.0,0.0,,,,,,,,,,
