image_id,recipe,comparison_scope,detected,image_score,image_threshold,pixel_threshold,score_minus_threshold,score_divided_by_threshold,pixel_ap,fp_pixels,gt_max_score_common256,outside_gt_max_score_common256,inside_minus_outside,gt_max_divided_by_pixel_threshold,outside_gt_max_divided_by_pixel_threshold,intersection
2bea857039ef9c03907fb299,historical_D1,cross-recipe contextual comparison — not pure resolution causality,True,2.928386926651001,1.6270664930343628,1.348502516746521,1.3013204336166382,1.7997954841966959,0.49182902240297904,31238,2.9070563316345215,2.859808921813965,0.04724740982055664,2.15576633749877,2.1207293915281027,1152
735d89d870bbb25b3bc3dfce,historical_D1,cross-recipe contextual comparison — not pure resolution causality,True,2.861748456954956,1.6270664930343628,1.348502516746521,1.2346819639205933,1.7588392786689373,0.004844919538585368,29697,1.9936678409576416,2.8075363636016846,-0.813868522644043,1.4784309381696117,2.0819659798450485,168
76964f3ab9f7c03b08de6900,historical_D1,cross-recipe contextual comparison — not pure resolution causality,True,2.827420949935913,1.6270664930343628,1.348502516746521,1.2003544569015503,1.7377414887715958,0.41211764626341385,28422,2.8092100620269775,2.7538106441497803,0.055399417877197266,2.0832071332018334,2.04212495709225,2012
9bd08200d5d939f4a498aae7,historical_D1,cross-recipe contextual comparison — not pure resolution causality,True,2.86572003364563,1.6270664930343628,1.348502516746521,1.238653540611267,1.7612802217451278,0.07569434708194898,28440,2.476062536239624,2.830129861831665,-0.354067325592041,1.836157148756031,2.098720489346811,1104
bfebbd19caf4dad38fd66eab,historical_D1,cross-recipe contextual comparison — not pure resolution causality,True,2.7259650230407715,1.6270664930343628,1.348502516746521,1.0988985300064087,1.6753863684802712,0.001707745829624057,29180,2.069566011428833,2.6855874061584473,-0.6160213947296143,1.5347142372577796,1.991533106395573,50
2bea857039ef9c03907fb299,stage5B_D1_orientation,cross-recipe contextual comparison — not pure resolution causality,True,2.529639959335327,1.6270664930343628,1.348502516746521,0.9025734663009644,1.5547243890553786,0.848447309182567,5877,2.51218318939209,2.4539215564727783,0.05826163291931152,1.8629429001386928,1.8197382103470288,1152
735d89d870bbb25b3bc3dfce,stage5B_D1_orientation,cross-recipe contextual comparison — not pure resolution causality,True,1.6507543325424194,1.6270664930343628,1.348502516746521,0.02368783950805664,1.0145586179848622,0.21443187616743112,2645,1.5831347703933716,1.6176536083221436,-0.03451883792877197,1.1739946724110968,1.1995925763824251,165
76964f3ab9f7c03b08de6900,stage5B_D1_orientation,cross-recipe contextual comparison — not pure resolution causality,True,2.8040571212768555,1.6270664930343628,1.348502516746521,1.1769906282424927,1.7233820088369525,0.8313890793497676,5980,2.7678844928741455,2.633958578109741,0.1339259147644043,2.0525616070425374,1.9532470613882054,2012
9bd08200d5d939f4a498aae7,stage5B_D1_orientation,cross-recipe contextual comparison — not pure resolution causality,True,2.619816541671753,1.6270664930343628,1.348502516746521,0.9927500486373901,1.6101471899811435,0.8349607202887485,2544,2.5949954986572266,2.494903087615967,0.10009241104125977,1.924353470928679,1.8501286105385413,1104
bfebbd19caf4dad38fd66eab,stage5B_D1_orientation,cross-recipe contextual comparison — not pure resolution causality,False,1.5801284313201904,1.6270664930343628,1.348502516746521,-0.04693806171417236,0.9711517249509354,0.025757215191295157,1111,1.4464181661605835,1.54546320438385,-0.0990450382232666,1.0726106538164273,1.1460588209449756,31
2bea857039ef9c03907fb299,historical_D2,cross-recipe contextual comparison — not pure resolution causality,True,2.8405849933624268,2.060171127319336,1.6943607330322266,0.7804138660430908,1.3788102142070857,0.37559751246816975,19367,2.809056282043457,2.70721435546875,0.10184192657470703,1.6578856127150516,1.597779211174188,1152
735d89d870bbb25b3bc3dfce,historical_D2,cross-recipe contextual comparison — not pure resolution causality,True,2.880894184112549,2.060171127319336,1.6943607330322266,0.8207230567932129,1.398376157159879,0.007597548055129823,19627,2.3936991691589355,2.8559207916259766,-0.462221622467041,1.4127447139755025,1.6855447225308526,168
76964f3ab9f7c03b08de6900,historical_D2,cross-recipe contextual comparison — not pure resolution causality,True,2.8920321464538574,2.060171127319336,1.6943607330322266,0.8318610191345215,1.4037824858835521,0.4694483444791922,18541,2.8635149002075195,2.777021646499634,0.08649325370788574,1.6900267129556146,1.6389789921121922,2012
9bd08200d5d939f4a498aae7,historical_D2,cross-recipe contextual comparison — not pure resolution causality,True,2.8347275257110596,2.060171127319336,1.6943607330322266,0.7745563983917236,1.3759670194968536,0.27394003117827903,19104,2.825232982635498,2.787569046020508,0.037663936614990234,1.6674329896559061,1.645203994448028,1104
bfebbd19caf4dad38fd66eab,historical_D2,cross-recipe contextual comparison — not pure resolution causality,True,2.8748042583465576,2.060171127319336,1.6943607330322266,0.8146331310272217,1.3954201280780059,0.0020275523526147527,20511,2.173537492752075,2.8404340744018555,-0.6668965816497803,1.2828068134359525,1.676404569007343,50
2bea857039ef9c03907fb299,stage5C_D2_orientation,cross-recipe contextual comparison — not pure resolution causality,True,2.6548216342926025,2.060171127319336,1.6943607330322266,0.5946505069732666,1.2886413167759598,0.8491297814812562,3157,2.615081310272217,2.4829018115997314,0.13217949867248535,1.5434029243538179,1.4653914973326445,1152
735d89d870bbb25b3bc3dfce,stage5C_D2_orientation,cross-recipe contextual comparison — not pure resolution causality,True,2.2976410388946533,2.060171127319336,1.6943607330322266,0.23746991157531738,1.1152670806935876,0.5064634194026023,1475,2.2697370052337646,2.2282235622406006,0.04151344299316406,1.339583101156886,1.3150821538769808,168
76964f3ab9f7c03b08de6900,stage5C_D2_orientation,cross-recipe contextual comparison — not pure resolution causality,True,2.892320156097412,2.060171127319336,1.6943607330322266,0.8321490287780762,1.4039222847768262,0.8604692676037425,2605,2.869753122329712,2.7674741744995117,0.1022789478302002,1.6937084685585249,1.6333441400916098,2010
9bd08200d5d939f4a498aae7,stage5C_D2_orientation,cross-recipe contextual comparison — not pure resolution causality,True,2.75555419921875,2.060171127319336,1.6943607330322266,0.6953830718994141,1.3375365583364116,0.8739005233596703,1553,2.7296032905578613,2.5961618423461914,0.13344144821166992,1.610993006001128,1.5322367850794691,1104
bfebbd19caf4dad38fd66eab,stage5C_D2_orientation,cross-recipe contextual comparison — not pure resolution causality,True,2.0922768115997314,2.060171127319336,1.6943607330322266,0.03210568428039551,1.015583989045692,0.31407896384944073,1940,2.058973789215088,2.0230934619903564,0.035880327224731445,1.2151921070139238,1.1940157857470115,48
