image_id,recipe,coordinate_system,denominator_pixels,gt_pixels,intersection,union,fp_pixels,predicted_positive_pixels,iou,pixel_ap,peak_inside,overlap
2bea857039ef9c03907fb299,historical_D2,original source,1502280,26320,26320,470835,444515,470835,0.055900687077213886,0.37030370449731076,True,True
735d89d870bbb25b3bc3dfce,historical_D2,original source,1502280,3849,3849,453977,450128,453977,0.008478403090905487,0.007587499881594739,False,True
76964f3ab9f7c03b08de6900,historical_D2,original source,1502280,46827,46827,470841,424014,470841,0.09945395579399414,0.46714274982224746,True,True
9bd08200d5d939f4a498aae7,historical_D2,original source,1502280,25509,25509,463232,437723,463232,0.05506743920972644,0.27579559012060023,True,True
bfebbd19caf4dad38fd66eab,historical_D2,original source,1502280,1288,1288,472066,470778,472066,0.002728432041282363,0.00220733235607019,False,True
2bea857039ef9c03907fb299,orientation_D2,original source,1502280,26320,26320,100123,73803,100123,0.2628766617061015,0.8557220182729629,True,True
735d89d870bbb25b3bc3dfce,orientation_D2,original source,1502280,3849,3815,38872,35023,38838,0.0981426219386705,0.5049263802283076,True,True
76964f3ab9f7c03b08de6900,orientation_D2,original source,1502280,46827,46730,106499,59672,106402,0.4387834627555188,0.8622648056775742,True,True
9bd08200d5d939f4a498aae7,orientation_D2,original source,1502280,25509,25497,61480,35971,61468,0.41472023422251136,0.8805125804514836,True,True
bfebbd19caf4dad38fd66eab,orientation_D2,original source,1502280,1288,1262,47575,46287,47549,0.026526537046768262,0.3374276202647669,True,True
