image_id,pose_label,decode_seconds,geometry_seconds,pose_seconds,rotation_seconds,total_preprocessing_seconds,tensor_preparation_seconds,feature_extraction_seconds,nearest_scoring_and_historical_inverse_seconds,d2_inference_seconds,common_inverse_seconds,source_inverse_seconds,inverse_map_seconds,end_to_end_seconds
fea34ce33cdd25b0ede4efe4,canonical,0.0036164159973850474,0.013426500001514796,0.041852583999570925,0.0,0.06015100100194104,0.004871917000855319,0.05281254200235708,1.0413820000030682,1.0413826670010167,0.0028584579995367676,0.0024815420001687016,0.005339999999705469,1.1633142499995301
596996fa0816db1d904389d5,canonical,0.003938625002774643,0.01441641700148466,0.04214266700000735,0.0,0.06139016700035427,0.004831082998862257,0.03554170799907297,1.0354599999991478,1.035460625000269,0.002864207999664359,0.0022812909992353525,0.005145498998899711,1.1414881250020699
0333ff525de4a8a11f200628,canonical,0.003747290997125674,0.013469083998643328,0.0421183749967895,0.0,0.060388250996766146,0.0048007920013333205,0.03463604099670192,1.036883749999106,1.0368841660019825,0.0029564579999714624,0.002336292000109097,0.005292750000080559,1.1409554579986434
40bd4bb7b874a3ca7af54e0d,canonical,0.0037542919999395963,0.01333708300080616,0.04215824999846518,0.0,0.06046729100125958,0.0049719580019882414,0.03421362500012037,1.007310167002288,1.0073104580005747,0.002879292002035072,0.002202499999839347,0.005081792001874419,1.1108352499977627
14a83651ed9a4f616caa6729,canonical,0.0037709169992012903,0.0134002499980852,0.04163045899986173,0.0,0.059870917997614015,0.004840208999667084,0.03288754100140068,1.007743833000859,1.0077441670000553,0.0029154580006434117,0.002268124997499399,0.0051835829981428105,1.1094694579987845
a4566fb447572e53a3508a6c,canonical,0.003661499998997897,0.013271208998048678,0.04144649999943795,0.0,0.05948425099632004,0.004766541998833418,0.033295165998424636,1.0088287079997826,1.0088292910004384,0.0028933330031577498,0.002190416998928413,0.005083750002086163,1.110367249999399
71a397a43897d23245179113,canonical,0.003632291998656001,0.01333616700139828,0.04151787500086357,0.0,0.05968020900400006,0.004826167001738213,0.03285074999803328,1.0082609580022108,1.00826145800238,0.002900000003137393,0.002204125001298962,0.005104125004436355,1.1095354999997653
d91345bdc375c79088437f11,canonical,0.0035187920002499595,0.013230041000497295,0.04110975000003236,0.0,0.059144833001482766,0.004805042000953108,0.033045208001567516,1.0082909589982592,1.0082912919970113,0.0028904999999213032,0.002262125002744142,0.005152625002665445,1.109158874998684
5deb743d4a2a5651892cd335,canonical,0.003643042000476271,0.013271374999021646,0.0415905420013587,0.0,0.05963158400118118,0.004769667000800837,0.03324537499793223,1.0096403329989698,1.009640832999139,0.002847416999429697,0.0021698750024370383,0.0050172920018667355,1.111185249999835
c2b89aa8e214ceaec0783be2,canonical,0.0036669590008386876,0.013186042000597809,0.041768209001020296,0.0,0.05970445899947663,0.004750207997858524,0.03269233299943153,1.007641208001587,1.0076416250012699,0.0028692079977190588,0.0022157500025059562,0.005084958000225015,1.108797708999191
e5628f4b63d7b4897d073d44,canonical,0.0036621669969463255,0.013218457999755628,0.0415972500013595,0.0,0.05955949900089763,0.0047437909997825045,0.033623874998738756,1.0098537500016391,1.0098540830003913,0.002921582999988459,0.0022633750013483223,0.005184958001336781,1.1118912919992
f47ac1b5ffc4a30190f75ecb,uncertain,0.003625875000579981,0.013258874998427927,0.04187029199965764,0.0,0.05978675000005751,0.004657583001971943,0.033126667000033194,1.0082495419992483,1.0082499999989523,0.002816000000166241,0.0022124170027382206,0.005028417002904462,1.1098268749992712
3a193415be845c758a9f790f,canonical,0.0037749160001112614,0.013206957999500446,0.04161845799899311,0.0,0.059590040997136384,0.00476462499864283,0.03301433399974485,1.007565333002276,1.0075657500019588,0.002859707998140948,0.00220108399662422,0.005060791994765168,1.1090125829978206
23a0d4f93b65c3d4c7999361,uncertain,0.003671333000966115,0.013298125002620509,0.04170308399989153,0.0,0.05970641700332635,0.004705208000814309,0.03269587499744375,1.0085233339996194,1.0085237919993233,0.0028557090008689556,0.0022127079973870423,0.005068416998255998,1.1096722500005853
2d37b1ca970ab988e2a93625,canonical,0.0035742920008488,0.013340792000235524,0.042267790999176214,0.0,0.06029795799986459,0.004689375000452856,0.03296420799961197,1.0075106250005774,1.0075111250007467,0.0028723750001518056,0.0022206670000741724,0.005093042000225978,1.1094475840000086
c3946a4668660ea1badeeb09,canonical,0.0038727920000383165,0.013262332999147475,0.041663416999654146,0.0,0.05961999999999534,0.004694250001193723,0.03280454100240604,1.0089045829990937,1.0089049579983111,0.002844708000338869,0.0021980839992465917,0.005042791999585461,1.1102525000023888
742e2a8ff4aa5d512df73fda,canonical,0.003790250000747619,0.013255500001832843,0.04157554199991864,0.0,0.05959145800443366,0.004760416002682177,0.03317587499986985,1.0072071250033332,1.0072075000025507,0.0028218329971423373,0.0021972909999021795,0.005019123997044517,1.1087925830033782
6769687e7725f6474ea47da3,canonical,0.00388770900099189,0.013231250002718298,0.041777541002375074,0.0,0.059775374003947945,0.004766582998854574,0.03342808299930766,1.0072172500003944,1.0072177090005425,0.002875832997233374,0.002214165997429518,0.005089998994662892,1.1094073339991155
735d89d870bbb25b3bc3dfce,reversed_180,0.003872084002068732,0.013211875000706641,0.04162420899956487,0.003728250001586275,0.06498183399889967,0.010145749998628162,0.03311624999696505,1.008988749999844,1.0089889170012611,0.0036419579992070794,0.0029039580003882293,0.006545915999595309,1.1175115420010115
27a4cb4918036207cdfdc810,canonical,0.003812040999036981,0.013278207999974256,0.041885334001563024,0.0,0.059945875000266824,0.004782332998729544,0.03317883299678215,1.0081899580000027,1.0081902909987548,0.0028767920011887327,0.0022465420006483328,0.0051233340018370654,1.1102566249974188
72798c294d594c84ea7d2040,canonical,0.0037995000020600855,0.013296000000991626,0.042217250000248896,0.0,0.06027879200337338,0.004765542002132861,0.0327166249990114,1.0075451669981703,1.0075455419973878,0.0028495830010797363,0.002237999997305451,0.005087582998385187,1.1094361249997746
61d4113d82822d875a099bfd,canonical,0.003791667000768939,0.013207791998866014,0.04179216700140387,0.0,0.059647292000590824,0.004647333000320941,0.03300191599919344,1.008699334000994,1.008699958998477,0.0029155000011087395,0.002215833999798633,0.005131334000907373,1.1102784169997904
56a0dfb39e86f8201ac299b6,canonical,0.0037987499999871943,0.013223999998444924,0.04176037499928498,0.0,0.059692374994483544,0.004707999996753642,0.032712666998122586,1.0109506250009872,1.0109510000002047,0.002828042001056019,0.0021684580024157185,0.004996500003471738,1.1121574580029119
f316425a0a5da9c324b8ff3c,canonical,0.0037286670012690593,0.013206084000557894,0.04161933300201781,0.0,0.05959429200083832,0.004768874998262618,0.03290054199896986,1.0084770419998677,1.008477416999085,0.0028746249990945216,0.0022027089980838355,0.005077333997178357,1.1097859170004085
d8b1b8fdf7b7f8e78db9b3da,canonical,0.003776458001084393,0.013257041999167996,0.04186679199847276,0.0,0.05992066699764109,0.004796833000000333,0.03260458400109201,1.0085516670005745,1.0085520829998131,0.002868124996894039,0.0022290839988272637,0.005097208995721303,1.1099578329994984
e7c4839b7c04c852846a8800,canonical,0.003860000000713626,0.013295583998115035,0.04176129099869286,0.0,0.059855415995116346,0.004798540998308454,0.03290920800282038,1.0075507080000534,1.007551250000688,0.0028688339989457745,0.0022209999988263007,0.005089833997772075,1.1092718750005588
ff459de5519f27a8cb717372,canonical,0.003983375001553213,0.014342208000016399,0.04323929200108978,0.0,0.062393417003477225,0.004811917002371047,0.03364216599948122,1.0152647079994495,1.0152650000018184,0.00280979200033471,0.0021514579966606107,0.0049612499969953205,1.1202528750000056
b88ef2d118cce22b2c6f6b12,canonical,0.0036684589977085125,0.013305749998835381,0.04114641699925414,0.0,0.05909262499699253,0.004640457998903003,0.03329212500102585,1.0086684160014556,1.0086688330011384,0.0028670829997281544,0.0022148329990159255,0.00508191599874408,1.109811999998783
ddd9dd1abe20d8d0ae63882e,canonical,0.003627792000770569,0.013284333999763476,0.041597583000111626,0.0,0.05960324999978184,0.0047213329999067355,0.03312033299880568,1.0070610420007142,1.0070614579999528,0.0028794170029868837,0.002224833999207476,0.00510425100219436,1.1085234169986506
2f970964dab90ea6ebf65ef6,canonical,0.0037708329982706346,0.013300792001246009,0.04168004199891584,0.0,0.05963029200211167,0.004649458001949824,0.03311833300176659,1.0079686250028317,1.007969125003001,0.002849832999345381,0.002175500001612818,0.005025333000958199,1.1095203750010114
b5d4c77df9634ecb828a64ca,canonical,0.0038188750004337635,0.01320737499918323,0.04168762499830336,0.0,0.0596274169984099,0.004732417000923306,0.03274362500087591,1.0115203330024087,1.0115205830006744,0.002876624999771593,0.0021789169986732304,0.0050555419984448235,1.1127722499986703
65f1164cd43edb4c9aaf3a8e,canonical,0.0036077080003451556,0.013245666999864625,0.041557542001100956,0.0,0.05941208400327014,0.004608875002304558,0.03277387499838369,1.0078532089974033,1.0078535840002587,0.0027902920010092203,0.0021541249989240896,0.00494441699993331,1.1085992910011555
904d32fddf6e1ee052a5e000,canonical,0.003613291999499779,0.013215083999966737,0.041687917000672314,0.0,0.059674584001186304,0.004771583000547253,0.032985540998197393,1.0071702499990351,1.00717054100096,0.0028732920000038575,0.002212291001342237,0.0050855830013460945,1.108536458999879
96f21f047487f62f50f32ff6,canonical,0.0037896249996265396,0.013229959000454983,0.041529957998136524,0.0,0.059471249998750864,0.004711333000159357,0.032689458999811905,1.0091712079993158,1.009171375000733,0.002857874998881016,0.0021720000004279427,0.005029874999308959,1.1101581250004529
4f5abf5368f26200d4992a53,canonical,0.003554584000085015,0.01326787499783677,0.04137475000243285,0.0,0.059334000001399545,0.004691375001129927,0.03294554199965205,1.0079382500007341,1.0079387500009034,0.0028360839969536755,0.0021365419997891877,0.004972625996742863,1.1087523339992913
cdafe117a8af8b75d42e22e2,canonical,0.003777625002840068,0.013231624998297775,0.04195787499702419,0.0,0.060041457993065706,0.004851957997743739,0.03267650000270805,1.0074795830005314,1.0074799579997489,0.002895042001910042,0.0022110829995654058,0.005106125001475448,1.1090880830015521
19c7eaaf7a7c2b71d5da1dc8,canonical,0.003630375002103392,0.013381291999394307,0.0416678330002469,0.0,0.05971366700032377,0.004664542000682559,0.03290470900174114,1.007447374999174,1.0074478329988779,0.002912624997406965,0.002245542000309797,0.005158166997716762,1.108861083001102
4076b6b5665b0bbf381948de,canonical,0.0038184580007509794,0.01348024999970221,0.04165995900257258,0.0,0.059863042002689326,0.004722833000414539,0.03297670899701188,1.0069599999987986,1.0069604170021194,0.002826874999300344,0.002144499998394167,0.004971374997694511,1.108597207999992
d179fa18b9c1d78dce355509,canonical,0.003639000002294779,0.01331400000344729,0.041848834000120405,0.0,0.05985270900418982,0.0046898750006221235,0.032765666001068894,1.0070473329978995,1.0070476250002685,0.0028226249996805564,0.0021563330010394566,0.004978958000720013,1.1082907500021975
1dcaeae3fbbedfbfa04722ec,canonical,0.003837624997686362,0.013314167001226451,0.04177241599973058,0.0,0.05984212499970454,0.004755541998747503,0.0328933330019936,1.0079655830013508,1.00796608300152,0.002854125003068475,0.0021942079984000884,0.0050483330014685635,1.1095951669994975
9bd08200d5d939f4a498aae7,reversed_180,0.003786249999393476,0.013290540999150835,0.04179433299941593,0.0036348329995234963,0.06505737399857026,0.009972500000003492,0.03301525000279071,1.0071840409982542,1.0071842910001578,0.00364429200271843,0.0028404170006979257,0.006484709003416356,1.1155350419976457
2bea857039ef9c03907fb299,reversed_180,0.00388958400071715,0.013302666000527097,0.04154512499735574,0.0038597500024479814,0.06499745699693449,0.010149665999051649,0.032839250001416076,1.0082249999977648,1.0082255829984206,0.0037394589999166783,0.0029667919989151414,0.00670625099883182,1.116664667002624
0174183097ea8fa63bbe3153,canonical,0.003844750001007924,0.013383209003222873,0.04193158399721142,0.0,0.06013775099927443,0.004822957998840138,0.03278599999975995,1.0091529580022325,1.0091535410028882,0.0028952499997103587,0.002214167001511669,0.0051094170012220275,1.1110383749983157
31656a11b9780d9f8a2fa83f,canonical,0.003718041996762622,0.013371832999837352,0.041902166998625034,0.0,0.060094333999586524,0.004820334001124138,0.03291370800070581,1.0080533749969618,1.0080540419985482,0.00288337500023772,0.0022399169974960387,0.005123291997733759,1.1099104169989005
846cfdd3fbe431251239629c,canonical,0.003640334001829615,0.013465041000017663,0.04150691600079881,0.0,0.05974199900083477,0.004770042000018293,0.03298058400105219,1.007640416999493,1.0076408329987316,0.0028849589980382007,0.0022062079988245387,0.005091166996862739,1.1091018340011942
8a393ef07e4999ab89669d93,canonical,0.003637500001786975,0.013371499997447245,0.04168466700139106,0.0,0.05975991699961014,0.004703750000771834,0.03293200000189245,1.009748166998179,1.0097486669983482,0.0028355840004223865,0.0021680840000044554,0.005003668000426842,1.1110886669994215
76964f3ab9f7c03b08de6900,reversed_180,0.0038376670017896686,0.013422333999187686,0.04168454099999508,0.003768333001062274,0.06536766700082808,0.010260792001645314,0.03298720800012234,1.0076567090000026,1.0076571249992412,0.0036437080016185064,0.0029069579977658577,0.006550665999384364,1.1164077920002455
bfebbd19caf4dad38fd66eab,reversed_180,0.0037556249990302604,0.01340758299920708,0.042024082998977974,0.0036765830009244382,0.06548449999900186,0.010052834000816802,0.03343962500002817,1.0071290410014626,1.007129375000659,0.00360625000030268,0.0029407090005406644,0.006546959000843344,1.1163634590011497
b369595e56e69503f81e4901,uncertain,0.003741000000445638,0.013412667001830414,0.04163441699711257,0.0,0.05974512599641457,0.0046980419974715915,0.033066290998249315,1.007676375000301,1.0076768750004703,0.0028350419997877907,0.002232582999567967,0.005067624999355758,1.1093042089996743
2744e38a1b628fcbf2067bd4,canonical,0.003720249998877989,0.013383292000071378,0.04177766700013308,0.0,0.059746293001808226,0.004585334001603769,0.035262249999505,1.007810208000592,1.0078108749985404,0.0028633750007429626,0.0021962920000078157,0.005059667000750778,1.111606499998743
e68d2653f5376170791a8674,canonical,0.0036267079995013773,0.01338933299848577,0.041805166998528875,0.0,0.05994062499667052,0.004746124999655876,0.03308604099947843,1.0073570410022512,1.0073575830028858,0.00286854099977063,0.0022053329994378146,0.005073873999208445,1.1090934170024411
ead24842cb7981c9674e9d4e,canonical,0.0037873750006838236,0.01322341600098298,0.041551915997843025,0.0,0.059476331996847875,0.004700999998021871,0.032963999998173676,1.008107707999443,1.0081080829986604,0.0028123749980295543,0.0021877500003029127,0.005000124998332467,1.1093453749999753
d664d5515d0f8355c2df16ea,uncertain,0.003551416000846075,0.013482999998814194,0.04077758399944287,0.0,0.05950379199930467,0.005243208001047606,0.033340750000206754,1.007459625001502,1.0074602079985198,0.0031011669998406433,0.002428416999464389,0.005529583999305032,1.109392458001821
86317f47cc684a4a33717793,canonical,0.0037376670006779023,0.013523833000363084,0.041619457999331644,0.0,0.06030749999990803,0.0051642090002133045,0.033423209002648946,1.0103087499992398,1.0103092909994302,0.0029990830007591285,0.002352416999201523,0.005351499999960652,1.1131365830005961
e9a182d87ded8090921b62f5,uncertain,0.003755249999812804,0.013287875000969507,0.041262833001383115,0.0,0.05988599900229019,0.00533529099993757,0.03319425000154297,1.0085035000010976,1.0085039590012457,0.0031054160026542377,0.0024230420021922328,0.00552845800484647,1.1108748340011516
a7e7261362d3ab9b5fa975d0,canonical,0.0036837919979006983,0.013511375000234693,0.04173570800048765,0.0,0.06044845799988252,0.00520137499916018,0.033076583000365645,1.0083054170027026,1.008305958002893,0.002980500001285691,0.0023451669985661283,0.005325666999851819,1.1108465830002388
d086b78f683af0d19bb68594,canonical,0.0036594169978343416,0.013423166998109082,0.041359957998793107,0.0,0.05988574999355478,0.005102624996652594,0.03271970800051349,1.0082348750001984,1.0082352500030538,0.0030641250014014076,0.002416291998088127,0.005480416999489535,1.109987749998254
733208e2c25e1af5454d93f2,canonical,0.0037422089990286622,0.01343595800062758,0.04155254199940828,0.0,0.06004141700032051,0.005052917000284651,0.032912749997194624,1.0077763750014128,1.0077767500006303,0.0030498329979309347,0.002359666999836918,0.005409499997767853,1.1098907499981578
989748a316d5781c15aa24a6,canonical,0.003760250001505483,0.013482667000062065,0.04165629199997056,0.0,0.06034575100056827,0.005206792000535643,0.033341333000862505,1.0078544999996666,1.0078549159989052,0.002991625002323417,0.00239158299882547,0.005383208001148887,1.1106917079996492
f29f971c989e3457da844b2b,canonical,0.0037439580009959172,0.013477666998369386,0.04164712499914458,0.0,0.060220625997317256,0.00509583399980329,0.032885708002140746,1.0080432499999006,1.008043625002756,0.0030057080002734438,0.0023706659994786605,0.005376373999752104,1.1102776660009113
f210dd5f4d74b3edf87a8edc,canonical,0.003729332998773316,0.01341445900106919,0.041963125000620494,0.0,0.060142167003505165,0.004764583001815481,0.03298337500018533,1.0074067500027013,1.0074072090028494,0.0028397079986461904,0.0021733749999839347,0.005013082998630125,1.109282000001258
e5628e506633f6123990ae36,canonical,0.003696624997246545,0.013478584001859417,0.042163291000179015,0.0,0.06035229200278991,0.004710417000751477,0.03303254200000083,1.0078436250005325,1.00784399999975,0.0028974170018045697,0.0022879580028529745,0.005185375004657544,1.110120041998016
7b21e295e4c564254de297cd,canonical,0.0036126670020166785,0.013484458002494648,0.04176037499928498,0.0,0.060065916000894504,0.0048210829991148785,0.03315308300079778,1.0073068339988822,1.0073072919985862,0.002837541000189958,0.002205500000854954,0.005043041001044912,1.1091883330009296
ab48d54a454beacaf51a6fff,canonical,0.0036432920023798943,0.013437041001452599,0.04131424999650335,0.0,0.05954491599914036,0.0047936250011844095,0.03274095799861243,1.008225499997934,1.0082260419985687,0.002852875000826316,0.0022554590032086708,0.005108334004034987,1.109269750002568
4a64187887711c775f428d0f,canonical,0.0036188750018482096,0.013493583999661496,0.041562958002032246,0.0,0.059887542000069516,0.004830999998375773,0.0326840829984576,1.0077689579993603,1.0077697080014332,0.002857416999177076,0.002226790998975048,0.005084207998152124,1.1090528330023517
a37c1228e9ff3279e16377fc,canonical,0.0037771669994981494,0.013444042000628542,0.042116374999750406,0.0,0.060465250000561355,0.004904833000182407,0.03303912499904982,1.0073451659991406,1.0073455829988234,0.002876209000532981,0.002191583000239916,0.005067792000772897,1.1097027089999756
5b7bb2dd865c569317014e7a,canonical,0.0037600830000883434,0.01342941699840594,0.042098457997781225,0.0,0.060361082996678306,0.00483320800049114,0.03306824999890523,1.0078554579995398,1.007855957999709,0.0029002909977862146,0.00223470800119685,0.005134998998983065,1.1101868330006255
454fde2976c690adb252f174,canonical,0.0036234170001989696,0.013483499998983461,0.04176954200011096,0.0,0.060087124998972286,0.0048340829998778645,0.03299104100005934,1.0075791669987666,1.007579542001622,0.00285516700023436,0.002271500001370441,0.005126667001604801,1.1094143750015064
0cfaf8dea93dc0646a1d60dd,canonical,0.00376745800167555,0.013446583001496037,0.042052415999933146,0.0,0.06033904099967913,0.004840041998249944,0.03335154200249235,1.0074928750000254,1.0074932079987775,0.0029308329976629466,0.002276499999425141,0.005207332997088088,1.1101657500003057
c4de673e229af6580007c4be,canonical,0.003854541999317007,0.013449499998387182,0.04211754200150608,0.0,0.060294041999441106,0.004726999999547843,0.03270795899879886,1.0078050830015854,1.0078055000012682,0.0028575000033015385,0.002211750001151813,0.005069250004453352,1.1097374579985626
5b26e8174612cbac5bf361c6,canonical,0.0037945000003674068,0.013413624998065643,0.04196333399886498,0.0,0.06024499999693944,0.004868041000008816,0.032986624999466585,1.010581208000076,1.0105814159978763,0.002830875000654487,0.002210499998909654,0.005041374999564141,1.112655500000983
d7c7197b3cab34fe93f2fada,canonical,0.003818707999016624,0.013479041997925378,0.04192591700120829,0.0,0.06036995899921749,0.004965000000083819,0.03316666599857854,1.0080782920013007,1.0080787500010047,0.0029015000000072177,0.002220875001512468,0.005122375001519686,1.11056487499809
bf35ab64688b9cebf87efb76,canonical,0.0037963750000926666,0.01344783400054439,0.04226445799940848,0.0,0.06043883399979677,0.004726541999843903,0.033285375000559725,1.0074658749981609,1.0074663330015028,0.0028467080010159407,0.0022187920003489126,0.005065500001364853,1.1100595829993836
696b15fa7935c77bc6332efd,canonical,0.0037900419993093237,0.013434374999633292,0.04203050000069197,0.0,0.06030704099975992,0.0048421659994346555,0.0329973340012657,1.0070950830013317,1.0070955420014798,0.002971417001390364,0.002276624996738974,0.005248041998129338,1.1094447089999449
78a69a1922ebd38aabe053c8,canonical,0.0037609999999403954,0.0134089999992284,0.041787541998928646,0.0,0.06003874999805703,0.004842207999899983,0.033125207999546546,1.0074533330007398,1.0074538750013744,0.0030068329979258124,0.002309709001565352,0.0053165419994911645,1.1097020829984103
3c5ec43df6b0c27e160df537,canonical,0.0038710419976268895,0.013393334000284085,0.042046374997880775,0.0,0.06041791699681198,0.004978207998647122,0.03358825000032084,1.0076950420007051,1.0076953750030953,0.002994417001900729,0.0022740000022167806,0.005268417004117509,1.110846916999435
b55803eaf5bb3067295b2cf5,canonical,0.0037618329988617916,0.013816082999255741,0.04233254199789371,0.0,0.06104116599817644,0.004892541001026984,0.03301674999966053,1.0129565420029394,1.012956958002178,0.002956125001219334,0.002207875000749482,0.005164000001968816,1.115948416001629
7c459783721c82f677ac35c7,canonical,0.003819624998868676,0.013461582999298116,0.04240566700173076,0.0,0.060621208998782095,0.004753958997753216,0.03308800000013434,1.0093880419990455,1.0093884589987283,0.0028988749982090667,0.0022557500014954712,0.005154624999704538,1.1120786249994126
ce4859a6c6cd0f9caa9c4564,canonical,0.003907124999386724,0.013472667000314686,0.042124334002437536,0.0,0.060441585002990905,0.004844584000238683,0.03309645799890859,1.0112837079977908,1.0112840000001597,0.002943999999843072,0.002262165999127319,0.005206165998970391,1.113942500000121
1f6be8b2d2e29e8e8d8952db,canonical,0.0036486249991867226,0.013456291999318637,0.04171133300042129,0.0,0.06000083400067524,0.004833209000935312,0.03303629199945135,1.0074365420005051,1.0074367919987708,0.0028830420014855918,0.0022119590030342806,0.005095001004519872,1.1092234579991782
68b9e3462b7bb3850fb406a7,canonical,0.0035911660015699454,0.013504083999578143,0.04177516700292472,0.0,0.06007841700557037,0.004799166003067512,0.0332218749972526,1.0074119170021731,1.0074122500009253,0.002922165997006232,0.002196666999225272,0.005118832996231504,1.109429749998526
2dcc7ada2b6bfab6a91a3742,canonical,0.003690249999635853,0.01348570799746085,0.04187870900204871,0.0,0.06026029200074845,0.004895875001238892,0.03297016700162203,1.007412667000608,1.0074130840002908,0.002866292001272086,0.0022503750005853362,0.005116667001857422,1.1094562500002212
e29dae89a422801349d5d030,canonical,0.003701416000694735,0.013478417000442278,0.04194195800300804,0.0,0.060509042003104696,0.005088666999654379,0.03316933399764821,1.0077721670022584,1.0077725000010105,0.0030026249987713527,0.0023047499998938292,0.005307374998665182,1.110466500002076
156203b86fd0a31b58234f24,canonical,0.0037954170002194587,0.013505582999641774,0.041944374999729916,0.0,0.06057229100042605,0.005122333001054358,0.03293591700276011,1.0072298330014746,1.007230208000692,0.003040749998035608,0.0023526250006398186,0.0053933749986754265,1.109933584000828
c5158c1aa4bbc8cbdbd24874,canonical,0.0037932920022285543,0.013420875002339017,0.04189612499976647,0.0,0.06048233299952699,0.005165332997421501,0.03296016700187465,1.0098337090021232,1.0098341250013618,0.0030960840012994595,0.0023961250008142088,0.005492209002113668,1.112568459000613
d17c6a6b5114e1294ad9cc22,canonical,0.003588250001484994,0.01356600000144681,0.04161391599700437,0.0,0.06008187399856979,0.004901958000118611,0.033173125000757864,1.0079474579979433,1.0079482500004815,0.0029127500019967556,0.0022946669996599667,0.005207417001656722,1.11000595799851
6039bd78d688a37977631738,canonical,0.003523957999277627,0.013437292000162415,0.0416792500000156,0.0,0.060166792001837166,0.005050250001659151,0.03305154199915705,1.007133082999644,1.0071333330015477,0.003031584001291776,0.0023378330006380565,0.005369417001929833,1.109251874997426
b12a028d7cef91259468f264,canonical,0.0036747080011991784,0.013466958000208251,0.04196479199890746,0.0,0.06031662500026869,0.004884875001152977,0.033666625000478234,1.0077171670018288,1.0077177080020192,0.0029864580028515775,0.0023238329995365348,0.005310291002388112,1.1106935420029913
8e283e953bb207214a134d47,canonical,0.003551333000359591,0.013479583998559974,0.04166479199921014,0.0,0.05984883400014951,0.004704458002379397,0.03294508300314192,1.0077495000005001,1.0077498749997176,0.002863708999939263,0.0022192500000528526,0.005082958999992115,1.10918487500021
9d17ee5e0a75493b8f4210c0,canonical,0.003685166000650497,0.013444625001284294,0.04167975000018487,0.0,0.06011075000060373,0.0049863749991345685,0.03301879200080293,1.0074464999997872,1.0074468750026426,0.0029864170028304216,0.0023197500013338868,0.005306167004164308,1.109573999998247
f8d29a19edc548c8cc6e6d89,canonical,0.003606124999350868,0.01351483300095424,0.04175129100258346,0.0,0.060135749001346994,0.0048696249978092965,0.03335145799792372,1.0076673750008922,1.0076679160010826,0.002978624997922452,0.00231424999947194,0.005292874997394392,1.1100602090009488
824de58bab8ab9b7d07b673c,canonical,0.0035822079989884514,0.013468458000716055,0.04193620899968664,0.0,0.060339916999510024,0.004935249999107327,0.033154417000332614,1.0072162500000559,1.0072164589983004,0.0029347919989959337,0.0022601669988944195,0.005194958997890353,1.1094949580001412
b9bd4f2bc63c2c7651916ea0,canonical,0.003740915999514982,0.013628916000016034,0.04229141600080766,0.0,0.060900374002812896,0.0049800420019892044,0.03312283299965202,1.0075558749995253,1.0075562499987427,0.002986332998261787,0.0022950420025154017,0.005281375000777189,1.1106082500009506
fa34ec9ecc44f946a375d974,canonical,0.0036244580005586613,0.013505708997399779,0.04168804199798615,0.0,0.06009366699800012,0.004899916002614191,0.03305608300070162,1.0077089170008549,1.0077092080027796,0.0029513340014091227,0.002237415999843506,0.005188750001252629,1.1096788329996343
25a492906921005d25cd44b3,canonical,0.0036278330007917248,0.013434750002488727,0.0417857920001552,0.0,0.06015033400399261,0.004929792001348687,0.03293116699933307,1.007478290997824,1.0074785830001929,0.0029285420023370534,0.002287416999024572,0.005215959001361625,1.1094112079990737
25ec33aab6cc9475a4e49915,canonical,0.003523958999721799,0.013501582998287631,0.042154292001214344,0.0,0.06054104099894175,0.004885165999439778,0.03263004100153921,1.0071269999971264,1.0071273339999607,0.0029428330017253757,0.002277124996908242,0.0052199579986336175,1.1090486670000246
31c82c66a7fccb2763c06c8c,canonical,0.0038418750009441283,0.013420749997749226,0.04232199999751174,0.0,0.06072670799403568,0.004983957998774713,0.03301849999843398,1.0073272910012747,1.0073277080009575,0.0029755840005236678,0.0023173329973360524,0.00529291699785972,1.1102138749993173
56b0ca13e534cebedf32c5c1,canonical,0.003912833002686966,0.013566084002377465,0.042551417001959635,0.0,0.0609350010054186,0.004817500001081498,0.03301337499942747,1.0073417909989075,1.0073423329995421,0.002893167002184782,0.0022296250026556663,0.0051227920048404485,1.1103334160034137
ccb69f884e0466da8bf7341e,canonical,0.0035216249998484273,0.013473958999384195,0.04232820800098125,0.0,0.06062466699950164,0.004822499999136198,0.032938583000941435,1.0071776659970055,1.0071779579993745,0.002945374999399064,0.002235791998828063,0.005181166998227127,1.109450542000559
166db33b924deb15dc0a50d8,canonical,0.003576082999643404,0.013501999997970415,0.04271816699838382,0.0,0.06120804199599661,0.004987874999642372,0.033108874999015825,1.0074644579981396,1.0074649169982877,0.002960750000056578,0.0023009579999779817,0.0052617080000345595,1.1106259999978647
452f2685edcad7b69fecd9b6,canonical,0.0036557920029736124,0.013470666999637615,0.04191316700234893,0.0,0.060183834000781644,0.004799999998795101,0.032963874997221865,1.0070811660007166,1.0070814579994476,0.0029932919969724026,0.00228104200141388,0.0052743339983862825,1.109165750000102
2b6a7d049fa1b9e094d4b1b7,canonical,0.0037537909993261565,0.013498041000275407,0.04278804199930164,0.0,0.061247958001331426,0.004961875001754379,0.03297533299701172,1.0085506249997707,1.0085512090008706,0.002977832999022212,0.002266332998260623,0.005244165997282835,1.1117800409992924
db2ce9aae41ccd9feda36d97,canonical,0.0037518330027523916,0.013508333002391737,0.042717666998214554,0.0,0.060996959000476636,0.004770958999870345,0.03291266700034612,1.007273332998011,1.0072738749986456,0.002946415999758756,0.002267040999868186,0.005213456999626942,1.1101551250030752
aabb50dfd6fa95309b6e460a,canonical,0.0037227499997243285,0.013616917000035755,0.0425285419987631,0.0,0.06109795899828896,0.004952499999490101,0.03282624999701511,1.0074521659989841,1.007452582998667,0.002996667000843445,0.0022961670001677703,0.005292834001011215,1.1103986249981972
02aae52ee66ba6314996782a,canonical,0.003630916999100009,0.013494207996700425,0.0427228330008802,0.0,0.06115154099461506,0.004934499997034436,0.03277858399815159,1.0078076669997245,1.0078081669998937,0.0030067080006119795,0.0023252499995578546,0.005331958000169834,1.1107076669977687
64be38abeac63bef2d999f46,canonical,0.0036067910004931036,0.013437458997941576,0.041940458002500236,0.0,0.0601444169988099,0.00476649999836809,0.03322762500101817,1.0076916250000068,1.0076922080006625,0.00293095899905893,0.002287750001414679,0.005218709000473609,1.1098959580012888
a44f87b6ff4debf5efe4bd01,canonical,0.003760250001505483,0.01349145800122642,0.0426359169978241,0.0,0.06095633299992187,0.004828958000871353,0.032972291999612935,1.0073189169997931,1.0073192499985453,0.0029568749996542465,0.0022880420001456514,0.005244916999799898,1.1102596659984556
0accc51b6cbde741542000fe,canonical,0.0036943340019206516,0.013602082999568665,0.042719291002867976,0.0,0.061135539999668254,0.004814165997231612,0.032889666999835754,1.0074586669979908,1.0074591249976947,0.002992124998854706,0.0022429999989981297,0.005235124997852836,1.110420459001034
53fe2b96c7614eef9f61e761,canonical,0.003693375001603272,0.013529916999686975,0.04241641599946888,0.0,0.06097958300233586,0.005033250003180001,0.03274925000005169,1.0077021249999234,1.0077024999991409,0.0030310420006571803,0.0023542079979961272,0.0053852499986533076,1.1105160420011089
4053335d3bde455cde81acdb,canonical,0.003668707999167964,0.013515999999071937,0.04261795799902757,0.0,0.06098187499810592,0.004847917000006419,0.03280020799866179,1.010094958000991,1.0100953750006738,0.0029954590027045924,0.0023211250008898787,0.005316584003594471,1.112869167001918
b86d36c40af62aafb6b0074f,canonical,0.0035808329994324595,0.013522166998882312,0.04239745800077799,0.0,0.060684791998937726,0.004765166999277426,0.03299295800024993,1.0084869579986844,1.0084873330015398,0.0029338749991438817,0.002261333000205923,0.005195207999349805,1.1109475000012026
205a95773fd9f4d7baade61c,canonical,0.0037465829991560895,0.013573791999078821,0.04261537500133272,0.0,0.0611282919999212,0.004939124999509659,0.03292045800117194,1.0070405000005849,1.0070408749998023,0.002935125001386041,0.0022580409968213644,0.005193165998207405,1.1100366669998039
2dffce1dbe6997fc6f6e3e1b,canonical,0.0036791250022361055,0.013675000001967419,0.04251908399965032,0.0,0.06105987600312801,0.004865792001510272,0.032704541001294274,1.0079405000033148,1.007940959003463,0.002954040999611607,0.0022786250010540243,0.005232666000665631,1.1106240000008256
375fd2c746b090e60f3f7340,canonical,0.003639957998530008,0.01349491699875216,0.04253920799965272,0.0,0.060924124998564366,0.004890000000159489,0.03321066699936637,1.008549291997042,1.0085498329972324,0.003021667002030881,0.002310625000973232,0.005332292003004113,1.1116627909977979
f42c89c5f3cc09c28a9b722e,canonical,0.003771000003325753,0.013579042002675124,0.04293900000266149,0.0,0.06140087500534719,0.004882833000010578,0.03267020899875206,1.0075413749982545,1.0075416660001792,0.002960750000056578,0.0022866669969516806,0.0052474169970082585,1.110637375000806
961755159b280739cc1ba46d,canonical,0.003762042000744259,0.013559291001001839,0.04268912500265287,0.0,0.06125058300312958,0.005002166999474866,0.032882915998925455,1.0081467500021972,1.00814716700188,0.002968709002743708,0.002299792002304457,0.005268501005048165,1.1113170420030656
56e735259c27809568b70e19,canonical,0.003697874999488704,0.013559041999542387,0.0427275420006481,0.0,0.06111366700133658,0.004827083001146093,0.033089249998738524,1.0073900419993151,1.007390499999019,0.002930582999397302,0.002262666999740759,0.005193249999138061,1.1104924589999428
b08d5dfe16f0c5e3c2cc69f1,canonical,0.003714834001584677,0.013575457996921614,0.04252900000210502,0.0,0.06103341700145393,0.004928959002427291,0.03285324999887962,1.009102084000915,1.0091027090020361,0.003030374999070773,0.00232000000323751,0.005350375002308283,1.112060499999643
550983ee30b980727bb33675,canonical,0.0036416249968169723,0.013452667000819929,0.042701874997874256,0.0,0.061120624999603024,0.004966083000908839,0.032970083000691375,1.0071754579985281,1.0071758329977456,0.0029538339986174833,0.0022552500013262033,0.005209083999943687,1.1101257079972129
4ae29c9501c432b69a8cc15e,canonical,0.0037196669982222375,0.013577499998064013,0.04236591700100689,0.0,0.0608694580005249,0.004926041001453996,0.033101041000918485,1.0085201250003593,1.0085206660005497,0.002917624999099644,0.002276499999425141,0.005194124998524785,1.1114108330002637
4f15590f560ec8dab6dc09f2,canonical,0.004066292000061367,0.01428620799924829,0.04479849999916041,0.0,0.06397666699922411,0.004891959000815405,0.032600874998024665,1.0076207089987292,1.0076213339998503,0.002947749999293592,0.0023024999973131344,0.005250249996606726,1.1135215840004093
ec4e48b6b9adcb98383ae5e7,canonical,0.0036235420011507813,0.013509500000509433,0.042418417000590125,0.0,0.06090629200116382,0.004978375000064261,0.03317724999942584,1.0080444170016563,1.008044834001339,0.0029937910003354773,0.0023254579973581713,0.0053192489976936486,1.111078042002191
3684efe93fd3b7afa813281f,canonical,0.003464125002210494,0.01352562499960186,0.04236983300143038,0.0,0.060787207999965176,0.004891749998932937,0.032782665999548044,1.007632625001861,1.0076330000010785,0.0030065830032981467,0.002294582998729311,0.005301166002027458,1.1099747080006637
e1f62c6c20085b5c157be757,canonical,0.0033839170027931686,0.013613375002023531,0.042153166999924,0.0,0.06062841700259014,0.004861875000642613,0.033026665998477256,1.0071445829998993,1.007144833001803,0.0029169160006858874,0.00222083300104714,0.005137749001733027,1.1093286670002271
d7df11e6c55823bc9ebf76b0,canonical,0.0034586660003697034,0.013701457999559352,0.042428083001141204,0.0,0.061189791002107086,0.00506025000140653,0.032798249998450046,1.0074752079999598,1.0074754579982255,0.003049167000426678,0.002363667001191061,0.005412834001617739,1.1103414579993114
ea10de32d4034b13bea5cb13,canonical,0.003622833999543218,0.013549125000281492,0.042870749999565305,0.0,0.06132483299734304,0.00490495799749624,0.033300832998065744,1.0117987079975137,1.011799207997683,0.002954874998977175,0.0022726669994881377,0.005227541998465313,1.1152829169986944
24696494ba3fa35e11bffd53,canonical,0.003647040997748263,0.01348149999830639,0.04265379199932795,0.0,0.060947999998461455,0.004812708000827115,0.033425874997192295,1.0079421250011364,1.0079425830008404,0.0029322500013222452,0.0022377500026777852,0.0051700000040000305,1.111140124998201
0dafbc81c75425b6d986d52b,canonical,0.0034743750002235174,0.013608166002086364,0.041798750000452856,0.0,0.06042299900582293,0.005016083003283711,0.03354200000103447,1.007110875001672,1.0071112500008894,0.002988207997987047,0.002336249999643769,0.005324457997630816,1.1098813749995315
dc6046917e9e86adee57ce3f,canonical,0.0034892500007117633,0.013485167000908405,0.04256554200037499,0.0,0.06114016700303182,0.005089458001748426,0.033275709000008646,1.0087609170004725,1.0087613329997112,0.003057292000448797,0.002384374998655403,0.0054416669991042,1.1121157089983171
372581c3ce28a2517b1109c7,canonical,0.0035079160006716847,0.013489624998328509,0.042284167000616435,0.0,0.0606488339981297,0.004875041999184759,0.03372549999767216,1.0114896670020244,1.0114899580003112,0.0029915839986642823,0.0023447079984180164,0.005336291997082299,1.114714333001757
098152f95bce223133b4eaf6,canonical,0.003664000003482215,0.013491749999957392,0.04266908299905481,0.0,0.061120291000406723,0.004959458001394523,0.03266249999796855,1.0077261670012376,1.0077265830004762,0.0029798750001646113,0.0023432919988408685,0.00532316699900548,1.1105028330021014
b930a578ee0d8cbee9eabfc5,canonical,0.003514959000312956,0.013490624998667045,0.04228441599843791,0.0,0.06048741599806817,0.00471237500096322,0.03314437500011991,1.0068298750011309,1.0068300410021038,0.0029322500013222452,0.0022439580025093164,0.005176208003831562,1.1091591250005877
48ad272fcc28e7771d6392e5,canonical,0.003762000000278931,0.013559082999563543,0.04277933399862377,0.0,0.06110837500091293,0.004769958002725616,0.03276091700172401,1.0079526669978804,1.0079528749993187,0.0029730410024058074,0.002257125001051463,0.0052301660034572706,1.1108205830023508
abd28ac017018f790aba3758,canonical,0.003562166999472538,0.01350879199890187,0.04230445799839799,0.0,0.06063704199914355,0.004823792001843685,0.03314112499720068,1.0078758749987173,1.0078762080011074,0.0029506249993573874,0.002259124998090556,0.005209749997447943,1.1104332089998934
93c63850a99e3167013fea89,canonical,0.003583208002964966,0.013484709001204465,0.04275391700139153,0.0,0.06101425100132474,0.004775624998728745,0.03324120799879893,1.0076512499981618,1.0076517079978657,0.0029536250003729947,0.0023225000004458707,0.005276125000818865,1.1107732500022394
d1bd146b3e2c069af7e68092,canonical,0.0035349589998077136,0.013486333002219908,0.042279790999600664,0.0,0.0605042900024273,0.004738166000606725,0.03316104199984693,1.0068941669997002,1.0068944999984524,0.002942292001534952,0.002235208001366118,0.00517750000290107,1.109278792002442
156066904c1735208479fb72,canonical,0.003519999998388812,0.013573541000369005,0.042286500000045635,0.0,0.0608120830002008,0.004952041999786161,0.03279425000073388,1.007630333002453,1.0076308750030876,0.0029910000012023374,0.002340375001949724,0.005331375003152061,1.110094540999853
eecd6eb5060453a25dedb777,canonical,0.0035923750001529697,0.013618750002933666,0.04264662500281702,0.0,0.06123587500769645,0.004970500001945766,0.03304629199919873,1.0072295419995498,1.0072300829997403,0.003029374998732237,0.0023126670021156315,0.005342042000847869,1.110452458000509
abd584aa4166098b27ad3783,canonical,0.0036174590022710618,0.013521625001885695,0.04255449999982375,0.0,0.06087666600069497,0.004800540998985525,0.03316800000175135,1.007928125000035,1.0079284999992524,0.002933790998213226,0.0022377089990186505,0.0051714999972318765,1.1107679590022599
d5b4d184035e0b8f1126f99a,canonical,0.0036036249985045288,0.013606874999823049,0.04246450000209734,0.0,0.06078241700379294,0.004711042001872556,0.0334923330010497,1.007716125001025,1.0077165000002424,0.002971833000628976,0.002270791999762878,0.005242625000391854,1.110843875001592
35ec358c4f85bbdc6c79646b,canonical,0.0036562919995049015,0.013513083002180792,0.04265033400224638,0.0,0.06106641700534965,0.004903000000922475,0.033521334000397474,1.0078175000016927,1.0078179580013966,0.0029770420005661435,0.0023168330008047633,0.005293875001370907,1.1113616669972544
87ea983f62b27d0f02a72bde,canonical,0.003521750000800239,0.013483208000252489,0.042220082999847364,0.0,0.06051245799972094,0.004809166999621084,0.03323495899894624,1.007374875000096,1.0073753329997999,0.0029574170002888422,0.002298125000379514,0.005255542000668356,1.109906833000423
9de01ef43dbefdf8c5261a51,canonical,0.0034595840006659273,0.01351129199974821,0.04222291599944583,0.0,0.06050304200107348,0.004768834001879441,0.0330277909997676,1.0080197920033243,1.0080200000011246,0.0029239579998829868,0.00224520899791969,0.005169166997802677,1.1101854170010483
e194687c728b162906b9c214,canonical,0.003476750000118045,0.013555666999309324,0.042291791000025114,0.0,0.060636457998043625,0.004788999998709187,0.032983332999720005,1.0070874580014788,1.007087958001648,0.0029816250025760382,0.0022811250019003637,0.005262750004476402,1.1094540000012785
95cc752fc86f263bfca7d12b,canonical,0.003590541000448866,0.01358424999853014,0.042608625000866596,0.0,0.06104475000029197,0.004851875000895234,0.033045416999812005,1.0073210840018874,1.0073215420015913,0.0029185830026108306,0.0022480830011772923,0.005166666003788123,1.110175916001026
d21081ff25bdec6b7b70285d,canonical,0.0035426250033196993,0.013692625001567649,0.04268120800043107,0.0,0.06120154100426589,0.0048277080022671726,0.03332066700022551,1.0076986249987385,1.0076989579974907,0.002956249998533167,0.0022700839981553145,0.005226333996688481,1.1109973750026256
66c4aa0948e7b6625b018f38,canonical,0.0037567910003417637,0.013597083998320159,0.04224679099934292,0.0,0.060778665996622294,0.004934790998959215,0.03426825000133249,1.0076812919978693,1.0076816250002594,0.0029451250011334196,0.0022844999984954484,0.005229624999628868,1.1117208750001737
b42b96bcc8da76dd7917b679,canonical,0.003684708000946557,0.013499125001544598,0.04271379199781222,0.0,0.06095866699979524,0.00474575000043842,0.03322695799943176,1.0075422500012792,1.0075426250004966,0.0029452089984260965,0.002327375001186738,0.005272583999612834,1.1106919160010875
e15b9790767114a2828c1672,canonical,0.0035286249985801987,0.013579166999988956,0.0425335419968178,0.0,0.06087045899403165,0.0047577499972248916,0.032741040999098914,1.0074303750006948,1.007430542002112,0.002956625001388602,0.002248290998977609,0.005204916000366211,1.10978216699732
0be6a9d652c5bc82c5d0a148,canonical,0.003421540997806005,0.013909249999414897,0.04416770899842959,0.0,0.06302308399608592,0.00494612499824143,0.033006416000716854,1.0076622499982477,1.007662584001082,0.002995583003212232,0.0023521670009358786,0.005347750004148111,1.1124694579993957
e00d4ae25bf79e94a10d6503,canonical,0.0036366659987834282,0.013702708001801511,0.04285183300089557,0.0,0.061521916002675425,0.004967374999978347,0.03311083299922757,1.0076798330010206,1.0076800829992862,0.0029662089982593898,0.0023110829970391933,0.005277291995298583,1.1112327079972601
17be65e9b30bb93d48a0c633,canonical,0.0035472079980536364,0.013561084000684787,0.042192624998278916,0.0,0.06072266799674253,0.004968958997778827,0.03294970799834118,1.0078331249969779,1.0078335829966818,0.003036541002074955,0.00230129099873011,0.005337832000805065,1.110398124998028
ae2bf0ea32353e5714332a3e,canonical,0.0034298749997105915,0.013572290998126846,0.04236466699876473,0.0,0.06093995799528784,0.0050029999983962625,0.03280595799878938,1.0088735419994919,1.008873874998244,0.003008833999047056,0.0023159589982242323,0.005324792997271288,1.1113802079999004
f2ebf08071002f3b55c192a2,canonical,0.0035632090002764016,0.01349629099786398,0.04222137499891687,0.0,0.06057208199854358,0.004854416001762729,0.03290145799837774,1.0075375410015113,1.0075380000016594,0.003016874998138519,0.002321042000403395,0.005337916998541914,1.1099191249995783
566d247031de1517a7bf7c75,canonical,0.003648792000603862,0.01364720800120267,0.04251466700225137,0.0,0.06129454200345208,0.005132666999998037,0.033128333001513965,1.0090518329998304,1.0090521250021993,0.003260333000071114,0.0026024580001831055,0.005862791000254219,1.1129932500007271
14980ec28efed557021b5113,canonical,0.0035899169997719582,0.013479416000336641,0.04215966700212448,0.0,0.06062750000273809,0.004988417000276968,0.03303674999915529,1.00767574999918,1.007676082997932,0.003023958000994753,0.0023063749977154657,0.005330332998710219,1.110266749998118
382bf0865d25414790e9ea61,canonical,0.003616500001953682,0.013647916999616427,0.04277025000192225,0.0,0.06139095900289249,0.00497279200135381,0.03315662500244798,1.0075528750021476,1.007553250001365,0.00299129199993331,0.0022867090010549873,0.005278001000988297,1.1110027499998978
1dd7a0396140bca72ac7681e,canonical,0.0034883330008597113,0.013770917001238558,0.04247429200040642,0.0,0.061133126000640914,0.004887916998995934,0.03327050000007148,1.0078766250007902,1.0078769589999865,0.0029510830026993062,0.002244291998067638,0.005195375000766944,1.1109749159986677
56639c20153c027d1b98e342,canonical,0.0037080419970152434,0.013513458001398249,0.04257420800058753,0.0,0.060924999004782876,0.004837333002797095,0.033142416999908164,1.0075063750009576,1.0075066660028824,0.0029560000002675224,0.0022839170014776755,0.005239917001745198,1.1105287089994818
51599afeb8b177237f862bf6,canonical,0.0036033750002388842,0.01357783300045412,0.04259716700107674,0.0,0.0609712910008966,0.004796290999365738,0.033055375002732035,1.0072797090033418,1.0072801670030458,0.002949334000732051,0.0022499999977299012,0.005199333998461952,1.110117459000321
7add970b6fffd5a0361046c7,canonical,0.003481749998172745,0.013520249998691725,0.04237791700143134,0.0,0.06075204200169537,0.004853875001572305,0.03272712499892805,1.0087098750009318,1.0087104160011222,0.0029562920026364736,0.0022800000006100163,0.00523629200324649,1.110913458000141
622c7a21c4068548b6d75b4f,canonical,0.0035959170018031728,0.01353433300027973,0.04250116700131912,0.0,0.06089662500016857,0.004861124998569721,0.032962624998617684,1.0076450839987956,1.0076455839989649,0.002936917000624817,0.0022862919977342244,0.005223208998359041,1.1103311250008119
86ba4c2ba433f83d3ef72b7b,canonical,0.0036705000020447187,0.013517458999558585,0.04254933299671393,0.0,0.060908416995516745,0.004841624999244232,0.033327166998788016,1.0081741249996412,1.008174541999324,0.0029649579992110375,0.002296833001310006,0.005261791000521043,1.1113482500004466
1737d9c73fe23cb012799cc8,canonical,0.003494250002404442,0.013521542001399212,0.04233041699990281,0.0,0.06081412600178737,0.004962167000485351,0.032969625000987435,1.0092453329998534,1.0092456659986055,0.00303337500008638,0.002352417002839502,0.005385792002925882,1.111915792000218
d7ec6afa2fc6caca16d5701c,canonical,0.0035807919994113036,0.013512916997569846,0.0423829579995072,0.0,0.060772415996325435,0.004876540999248391,0.0327772089985956,1.0080328330004704,1.0080332500001532,0.0029756660005659796,0.0023261659989657346,0.005301831999531714,1.1104720420007652
1909f465333614830dff44f2,canonical,0.0035130000032950193,0.01344108299963409,0.04205604100206983,0.0,0.06025258300360292,0.004755459001898998,0.03348658299728413,1.010854374999326,1.01085483299903,0.002934125001047505,0.0022447920018748846,0.00517891700292239,1.1132922080032586
60fe972d68352e6821269288,canonical,0.003647958998044487,0.013665249996847706,0.042740374999993946,0.0,0.06127141599790775,0.0048657910010661,0.03324620900093578,1.0079295830000774,1.0079299579992949,0.002967083997646114,0.0022677089982607868,0.005234792995906901,1.111336999998457
273cad5f26957e4c7d06f7e3,canonical,0.0036845419999735896,0.013571291001426289,0.042634207999071805,0.0,0.06097670800227206,0.004771209001773968,0.03308679199835751,1.0072487500001444,1.0072490419988753,0.002964666000480065,0.0022467499984486494,0.0052114159989287145,1.1102143339994655
26570c03543a2e6324e09243,canonical,0.003786874996876577,0.013515999999071937,0.04283591599960346,0.0,0.06115945799683686,0.004807541998161469,0.03289191600197228,1.0076921670006413,1.00769258299988,0.002998375002789544,0.0022686670017719734,0.005267042004561517,1.1108043339991127
7e156c1c6f8db3ce7e3ccad0,canonical,0.003621541000029538,0.013483540999004617,0.04243537499860395,0.0,0.06076691599810147,0.0048480000004929025,0.032988291000947356,1.0083998330010218,1.0084002500007045,0.002946249998785788,0.002274667000165209,0.005220916998950997,1.111004791000596
24a02107e447d68b081e46e7,canonical,0.003369417001522379,0.013576666999142617,0.042276374999346444,0.0,0.06085033399722306,0.004997291998733999,0.03301566699883551,1.0075910000014119,1.0075914170010947,0.0030607919979956932,0.0023729579988867044,0.005433749996882398,1.1102668339990487
ca6447e395d2e4c9a41a9343,canonical,0.003536125001119217,0.013703791999432724,0.042118875000596745,0.0,0.06071233300099266,0.004889666000963189,0.03303829200012842,1.0074676670010376,1.0074680830002762,0.0029928750009275973,0.0023450839980796445,0.005337958999007242,1.110099541998352
9af51eeeedd5685174612ad4,canonical,0.0034809589997166768,0.013495499999407912,0.042429791999893496,0.0,0.060853833998407936,0.004928541999106528,0.03310279099969193,1.0119205419978243,1.011920832999749,0.0029752080008620396,0.0022906250014784746,0.005265833002340514,1.114630500000203
7b451c6c324d6bb30a354118,canonical,0.003604000001359964,0.01352295800097636,0.04243395799858263,0.0,0.0608100409990584,0.004853124999499414,0.03285400000095251,1.0113202499996987,1.0113205000016023,0.00295045899838442,0.0023009169999568257,0.005251375998341246,1.113846749998629
1af9364f2fa6938fa08d80d7,canonical,0.0033710839998093434,0.013484291997883702,0.04216525000083493,0.0,0.06059491699852515,0.004945374999806518,0.033121332999144215,1.0088478339966969,1.0088480839986005,0.0029897079984948505,0.0023554170002171304,0.005345124998711981,1.1112871669974993
ee12763d9a69961a567037e5,canonical,0.0037276660004863515,0.013485416999174049,0.04263362499841605,0.0,0.06083770799523336,0.0047186659976432566,0.03316162500050268,1.0073972919999505,1.0073977920001198,0.0029443340026773512,0.0022412910002458375,0.005185625002923189,1.1103174580021005
5834ab9c460489057897a4be,canonical,0.003961791000619996,0.013859875001799082,0.043254334002995165,0.0,0.062016084004426375,0.004901874999632128,0.03309549999903538,1.0381750000015018,1.0381754160007404,0.00290599999789265,0.0022193749973666854,0.005125374995259335,1.1423826249992999
c6f55ba2051edb1e35f9131c,canonical,0.0038135409995447844,0.01356599999780883,0.042812583000340965,0.0,0.06133087399939541,0.004952291001245612,0.034328541998547735,1.015751167000417,1.0157515840000997,0.0030389580024348106,0.002389667002717033,0.005428625005151844,1.1206602079982986
dfb2c185a44a2d33dea3516f,canonical,0.0038292089993774425,0.01353295799708576,0.04289704099937808,0.0,0.061294748993532266,0.004864749997068429,0.033019041002262384,1.0077647500002058,1.00776508400304,0.0029285000018717255,0.002233082999737235,0.00516158300160896,1.111076334000245
bbf2be5ae37229d562a5ce85,canonical,0.003650167000159854,0.01374716599821113,0.04271554200022365,0.0,0.06121670799620915,0.004753999997774372,0.0330576669985021,1.0192528330007917,1.019253333000961,0.0029519170020648744,0.002252166003017919,0.0052040830050827935,1.1223879589997523
cd7d0ca80c321f5f4c0e83ed,canonical,0.0038127499974507373,0.013659708001796389,0.04269449999992503,0.0,0.06125395799972466,0.004899749998003244,0.03315479199955007,1.0070859169973119,1.0070864589979465,0.0029446250009641517,0.0022278750002442393,0.005172500001208391,1.1104871249990538
2662b4037283d35b28570faf,canonical,0.0037981669993314426,0.013659833999554394,0.0430685409992293,0.0,0.06148824999763747,0.004759874998853775,0.03307262499947683,1.008782875000179,1.0087831249984447,0.002963416001875885,0.002285458002006635,0.00524887400388252,1.1123973750000005
ef5ec1f69e4986a868b4d224,canonical,0.003861334000248462,0.013769708999461727,0.043142999998963205,0.0,0.06190483399768709,0.00499212499926216,0.033222207999642706,1.0112802500007092,1.0112807500008785,0.0029464170002029277,0.0022997090018179733,0.005246126002020901,1.1155221670014726
781ed00408bb76171df9c478,canonical,0.003723917001480004,0.013513207999494625,0.04313283400188084,0.0,0.061328125000727596,0.004682082999352133,0.032843290999153396,1.0080285410003853,1.008028958000068,0.0029195420029282104,0.002211374998296378,0.005130917001224589,1.111061334002443
5f1fdd3eda3bda2c26f6b7b4,canonical,0.0038126670006022323,0.013539750001655193,0.042945250002958346,0.0,0.06121408300532494,0.004729083000711398,0.03286887499780278,1.006927500002348,1.006927958002052,0.0029564169999503065,0.0022853340014989953,0.005241751001449302,1.1100726250006119
69f74f45bee4081bfa4d94bb,canonical,0.0036616249999497086,0.013541125001211185,0.04284491699945647,0.0,0.06123479199959547,0.004848749998927815,0.033443958000134444,1.0073390409997955,1.007339416002651,0.002921500003139954,0.0022350420003931504,0.0051565420035331044,1.1108420420023322
17f72ccbd097e9fd071db250,canonical,0.00370400000247173,0.013541791999159614,0.04301191600097809,0.0,0.06143562400029623,0.004881916000158526,0.033168750000186265,1.007992082999408,1.0079924579986255,0.002933708001364721,0.0022142920024634805,0.0051480000038282014,1.1114546669996344
30fc45da793691fbfd74e995,canonical,0.003872000001138076,0.013537749997340143,0.043157500000233995,0.0,0.06173879199559451,0.005043541998020373,0.033247916002437705,1.0079491249998682,1.0079496250000375,0.0029747500011580996,0.002307499999005813,0.005282250000163913,1.112095959000726
73f39067f4c09d66b5e9dedf,canonical,0.0038727079991076607,0.013544708002882544,0.04301645899977302,0.0,0.06138695800473215,0.004825791002076585,0.03301741600080277,1.0071255410002777,1.0071260830009123,0.0029024590003245976,0.002254625000205124,0.005157084000529721,1.1105669159987883
973f2cf5735887a4f3ce1597,canonical,0.003785458000493236,0.013512749999790685,0.04273804200056475,0.0,0.06094604200188769,0.0046952500015322585,0.033319791000394616,1.007850749996578,1.0078511249994335,0.00292654100121581,0.0022557919983228203,0.00518233299953863,1.111091208000289
e4d01f5bb7bf376177f723b4,canonical,0.0036849999996775296,0.013523207999242004,0.042899749998468906,0.0,0.0613463329973456,0.004923374999634689,0.0331615420000162,1.0069935409992468,1.0069939999993949,0.002972458998556249,0.0022762080006941687,0.005248666999250418,1.1104419169969333
de99daf2757aff1c8cb4ca86,canonical,0.0037837910022062715,0.01386908300264622,0.04291704199931701,0.0,0.06166875000053551,0.0048826249985722825,0.03299654199872748,1.0084738750010729,1.0084742910003115,0.0030060829994909,0.0022683329989376944,0.005274415998428594,1.1122047080025368
48eea2da9c92409f5437f19f,canonical,0.003455250000115484,0.013459750000038184,0.04243037500054925,0.0,0.060654417000478134,0.004764291999890702,0.03328545799740823,1.0083692090011027,1.0083695419998548,0.002897457998187747,0.0022530409987666644,0.005150498996954411,1.1109213330018974
24bddc73e51fafa8d2e8096c,canonical,0.003735459002200514,0.013681750002433546,0.04299416600042605,0.0,0.061572291000629775,0.004896374997770181,0.03307929200309445,1.0075680000009015,1.0075684170005843,0.002919457998359576,0.0022229999995033722,0.005142457997862948,1.1111040840005444
3345a7559e85193f82fc78f4,canonical,0.0038233749983191956,0.013530791999073699,0.0429169590024685,0.0,0.06141962600304396,0.004971875001501758,0.03331054199952632,1.0083685829995375,1.0083689169987338,0.0029986250010551885,0.002341250001336448,0.005339875002391636,1.1122687919996679
096528d5d7875e34d1ce7795,canonical,0.003895375000865897,0.013678584000444971,0.04306933299812954,0.0,0.061596666997502325,0.004848749998927815,0.032996750000165775,1.007987791999767,1.0079883340004017,0.002941874998214189,0.0022503750005853362,0.005192249998799525,1.111676249998709
b2c29250de881ef717620575,canonical,0.0036536660009005573,0.01356208300057915,0.042653417000110494,0.0,0.060985874999460066,0.004770374998770421,0.03284170899860328,1.0074410420020286,1.0074415000017325,0.0029727080000157002,0.002342499999940628,0.005315207999956328,1.1102467500022613
2f3b3f7aaf40cd0b5e920590,canonical,0.0036428749990591314,0.013579999998910353,0.0426664169972355,0.0,0.06100595799580333,0.0047595409996574745,0.0331806249996589,1.0076486660000228,1.0076490829997056,0.0028719579968310427,0.002228541001386475,0.0051004989982175175,1.110586874998262
926f45ae46975296f27d7760,canonical,0.003821750000497559,0.013520749998860992,0.042976458000339335,0.0,0.061327498999162344,0.004830290999962017,0.034224041999550536,1.0075667089986382,1.0075671249978768,0.0029487499996321276,0.0022714160004397854,0.005220166000071913,1.112166666000121
b0da84ae91f95b36bfca45ff,canonical,0.0035717909995582886,0.013474374998622807,0.04256320800050162,0.0,0.060702416998537956,0.004664833999413531,0.03320891700059292,1.0105952079975395,1.0105992079988937,0.002917624999099644,0.0023028750001685694,0.005220499999268213,1.113309415999538
