image_id,image_path,label,score,detected,seconds,fallback,crop_area_fraction,pixel_ap,peak_inside,overlap,intersection,union,iou,mask_area_fraction,defect_types,source_pixel_ap,source_peak_inside,source_overlap,source_intersection,source_union,source_iou,source_mask_area_fraction,source_annotation_outside_crop_fraction,reference_area_band,pcb2_size_quartile
fea34ce33cdd25b0ede4efe4,data/raw/stage4/pcb2/Data/Images/Anomaly/000.JPG,anomaly,1.8522746562957764,True,0.3054310000006808,False,0.6213089437388503,0.10453364602550923,False,True,69,1757,0.03927148548662493,0.0012359619140625,"[""bent""]",0.10119612341650275,False,True,1573.0,40548.0,0.03879352865739371,0.0012334584764491306,0.0,R1,Q1
596996fa0816db1d904389d5,data/raw/stage4/pcb2/Data/Images/Anomaly/001.JPG,anomaly,2.2558209896087646,True,0.2953182499986724,False,0.6220611337433767,0.20350756885196147,False,True,104,3370,0.03086053412462908,0.0018157958984375,"[""bent"", ""melt""]",0.19470134077372,False,True,2348.0,77444.0,0.030318681886266206,0.0018265569667438827,0.0,R2,Q1
0333ff525de4a8a11f200628,data/raw/stage4/pcb2/Data/Images/Anomaly/002.JPG,anomaly,2.8191542625427246,True,0.3172042920050444,False,0.6318396038022206,0.33029357007405563,False,True,119,3948,0.030141843971631204,0.0018157958984375,"[""bent""]",0.321882659678895,False,True,2760.0,90647.0,0.030447780952486018,0.0018372074446840801,0.0,R2,Q1
40bd4bb7b874a3ca7af54e0d,data/raw/stage4/pcb2/Data/Images/Anomaly/003.JPG,anomaly,1.8565880060195923,True,0.29927620899979956,False,0.6294951673456346,0.2343089913131971,False,True,154,1945,0.07917737789203085,0.002410888671875,"[""bent""]",0.23141816145697955,False,True,3457.0,44673.0,0.0773845499518725,0.00237572223553532,0.0,R3,Q2
14a83651ed9a4f616caa6729,data/raw/stage4/pcb2/Data/Images/Anomaly/004.JPG,anomaly,2.8254456520080566,True,0.2951865409995662,False,0.6316132811459915,0.5124669725990518,True,True,192,5610,0.034224598930481284,0.0029296875,"[""bent""]",0.5112131258652683,True,True,4400.0,128961.0,0.0341188421305666,0.002928881433554331,0.0,R3,Q3
a4566fb447572e53a3508a6c,data/raw/stage4/pcb2/Data/Images/Anomaly/005.JPG,anomaly,1.9116803407669067,True,0.29162545900180703,False,0.6150830737279336,0.11758798892184603,False,True,198,3100,0.06387096774193549,0.003021240234375,"[""bent""]",0.11307640243302734,False,True,4486.0,71558.0,0.06269040498616507,0.002994781265809303,0.0,R3,Q3
71a397a43897d23245179113,data/raw/stage4/pcb2/Data/Images/Anomaly/006.JPG,anomaly,2.3771889209747314,True,0.2906702079999377,False,0.6293873312564902,0.1806576146782354,True,True,195,4659,0.04185447520927238,0.0031280517578125,"[""bent"", ""melt""]",0.1660351877345425,False,True,4397.0,107336.0,0.04096482074979504,0.003052027584737865,0.0,R3,Q3
d91345bdc375c79088437f11,data/raw/stage4/pcb2/Data/Images/Anomaly/007.JPG,anomaly,2.8990726470947266,True,0.2908296669993433,False,0.6349522059802434,0.40089544119687115,False,True,215,3853,0.05580067479885803,0.0032806396484375,"[""bent""]",0.40960982797156387,False,True,4959.0,89018.0,0.05570783437057674,0.003300982506589983,0.0,R4,Q3
5deb743d4a2a5651892cd335,data/raw/stage4/pcb2/Data/Images/Anomaly/008.JPG,anomaly,2.8387179374694824,True,0.2889810420019785,False,0.6135873472322071,0.4393906400902719,True,True,294,4062,0.0723781388478582,0.004486083984375,"[""bent""]",0.432459589755257,True,True,6749.0,93916.0,0.0718620895268112,0.004492504726149586,0.0,R4,Q4
c2b89aa8e214ceaec0783be2,data/raw/stage4/pcb2/Data/Images/Anomaly/009.JPG,anomaly,1.993312120437622,True,0.2894873330005794,False,0.6100467289719627,0.17735543264967904,False,True,226,4090,0.05525672371638142,0.00347900390625,"[""bent""]",0.19022683350138236,False,True,5319.0,93642.0,0.05680143525341193,0.003579226242777645,0.0,R4,Q3
e5628f4b63d7b4897d073d44,data/raw/stage4/pcb2/Data/Images/Anomaly/010.JPG,anomaly,1.5042592287063599,False,0.2897929169994313,False,0.6290438533429188,0.28899171372131766,True,True,54,1635,0.03302752293577982,0.00164794921875,"[""bent"", ""melt""]",0.361292182310005,True,True,1592.0,38000.0,0.04189473684210526,0.0020448917645179325,0.0,R2,Q1
f47ac1b5ffc4a30190f75ecb,data/raw/stage4/pcb2/Data/Images/Anomaly/011.JPG,anomaly,2.8659920692443848,True,0.2900802910007769,False,0.6028336927869639,0.3794949713810699,False,True,929,7760,0.11971649484536083,0.0141754150390625,"[""bent""]",0.3868471735617006,False,True,21879.0,177926.0,0.12296685138765555,0.01456386292834891,0.0,R4,Q4
3a193415be845c758a9f790f,data/raw/stage4/pcb2/Data/Images/Anomaly/012.JPG,anomaly,1.7082087993621826,True,0.2907163329946343,False,0.6122813323747903,0.03336398556786684,False,True,132,4278,0.030855539971949508,0.00201416015625,"[""bent""]",0.0333221699374832,False,True,3079.0,98251.0,0.03133810342897273,0.0020495513486167693,0.0,R3,Q2
23a0d4f93b65c3d4c7999361,data/raw/stage4/pcb2/Data/Images/Anomaly/013.JPG,anomaly,3.562725305557251,True,0.2902020409965189,False,0.6155643421998562,0.4900918377558403,True,True,442,5536,0.07984104046242775,0.006744384765625,"[""bent""]",0.484576248966327,True,True,10241.0,127308.0,0.08044270587865648,0.006816971536597704,0.0,R4,Q4
2d37b1ca970ab988e2a93625,data/raw/stage4/pcb2/Data/Images/Anomaly/014.JPG,anomaly,2.22428560256958,True,0.28972391699790023,False,0.6209601405863088,0.2350167392025582,False,True,218,3805,0.05729303547963206,0.003326416015625,"[""bent""]",0.25852895173456786,False,True,5112.0,87381.0,0.05850242043464826,0.0034028277018931224,0.0,R4,Q3
c3946a4668660ea1badeeb09,data/raw/stage4/pcb2/Data/Images/Anomaly/015.JPG,anomaly,1.814241647720337,True,0.29121187499549706,False,0.6155643421998562,0.630094425612554,True,True,231,2898,0.07971014492753623,0.004058837890625,"[""melt""]",0.6115793089968825,True,True,5235.0,66945.0,0.07819852117409815,0.004053172511116436,0.0,R4,Q4
742e2a8ff4aa5d512df73fda,data/raw/stage4/pcb2/Data/Images/Anomaly/016.JPG,anomaly,2.0844643115997314,True,0.2899594159971457,False,0.604960460100647,0.04183179326400844,False,True,165,5223,0.03159103963239517,0.0025177001953125,"[""melt""]",0.04113799994873748,False,True,3759.0,120376.0,0.031227154914600916,0.002502196661075166,0.0,R3,Q2
6769687e7725f6474ea47da3,data/raw/stage4/pcb2/Data/Images/Anomaly/017.JPG,anomaly,1.8615094423294067,True,0.2897572500005481,False,0.625299544692068,0.5635274723951027,True,True,201,2680,0.075,0.0030670166015625,"[""melt""]",0.5514418495408221,True,True,4648.0,61873.0,0.07512162009277068,0.003093963841627393,0.0,R3,Q3
735d89d870bbb25b3bc3dfce,data/raw/stage4/pcb2/Data/Images/Anomaly/018.JPG,anomaly,2.861748456954956,True,0.2937938329996541,False,0.6206446201773305,0.004844919538585368,False,True,168,29865,0.0056253139126067305,0.0025634765625,"[""melt""]",0.004821543164731209,False,True,3849.0,686903.0,0.005603411253117252,0.002562105599488777,0.0,R3,Q2
27a4cb4918036207cdfdc810,data/raw/stage4/pcb2/Data/Images/Anomaly/019.JPG,anomaly,2.0875017642974854,True,0.290572334000899,False,0.6122274143302181,0.646903295747061,True,True,306,4898,0.062474479379338504,0.004669189453125,"[""melt""]",0.657459417232999,True,True,7001.0,112769.0,0.062082664562069366,0.004660249753707698,0.0,R4,Q4
72798c294d594c84ea7d2040,data/raw/stage4/pcb2/Data/Images/Anomaly/020.JPG,anomaly,1.9904004335403442,True,0.2900079579994781,False,0.6155643421998562,0.601569670010885,True,True,141,2761,0.05106845345889171,0.0021514892578125,"[""melt""]",0.5761511625460851,True,True,3275.0,63452.0,0.05161381831935952,0.0021800197033841895,0.0,R3,Q2
61d4113d82822d875a099bfd,data/raw/stage4/pcb2/Data/Images/Anomaly/021.JPG,anomaly,2.1492724418640137,True,0.2918805000008433,False,0.6239635753654446,0.5990993719747413,True,True,240,2114,0.11352885525070956,0.00390625,"[""melt""]",0.5887708778397637,True,True,5484.0,48663.0,0.11269342210714506,0.003940011183001837,0.0,R4,Q3
56a0dfb39e86f8201ac299b6,data/raw/stage4/pcb2/Data/Images/Anomaly/022.JPG,anomaly,1.7462130784988403,True,0.2904882910006563,False,0.6095734483584951,0.3563560026938598,False,True,132,1264,0.10443037974683544,0.00201416015625,"[""melt""]",0.34198444724946764,False,True,2935.0,29351.0,0.09999659296105755,0.0019623505604814016,0.0,R3,Q2
f316425a0a5da9c324b8ff3c,data/raw/stage4/pcb2/Data/Images/Anomaly/023.JPG,anomaly,1.7177313566207886,True,0.29021525000280235,False,0.6199270442261097,0.11261582784902682,False,True,202,5583,0.03618126455310765,0.0033416748046875,"[""melt""]",0.11022081217952029,False,True,4451.0,128838.0,0.03454726090128689,0.003180498974891498,0.0,R4,Q3
d8b1b8fdf7b7f8e78db9b3da,data/raw/stage4/pcb2/Data/Images/Anomaly/024.JPG,anomaly,1.7928943634033203,True,0.29321462500229245,False,0.6100926591580798,0.6690066066351329,True,True,244,1323,0.18442932728647016,0.00396728515625,"[""melt""]",0.6599536091187642,True,True,5618.0,30732.0,0.18280619549655083,0.003996591847059137,0.0,R4,Q4
e7c4839b7c04c852846a8800,data/raw/stage4/pcb2/Data/Images/Anomaly/025.JPG,anomaly,1.6979881525039673,True,0.2908232499976293,False,0.6227094815879862,0.3387479524490806,False,True,259,2413,0.10733526730211355,0.004302978515625,"[""melt""]",0.3376467138552569,False,True,5991.0,55792.0,0.10738098652136507,0.004336741486274197,0.0,R4,Q4
ff459de5519f27a8cb717372,data/raw/stage4/pcb2/Data/Images/Anomaly/026.JPG,anomaly,2.469475507736206,True,0.289696833002381,False,0.597475171073302,0.3395430810177071,True,True,184,5149,0.03573509419304719,0.0028076171875,"[""melt""]",0.3500597730392636,True,True,4079.0,118331.0,0.03447110224708656,0.002715206219879117,0.0,R3,Q3
b88ef2d118cce22b2c6f6b12,data/raw/stage4/pcb2/Data/Images/Anomaly/027.JPG,anomaly,1.8385199308395386,True,0.291730541997822,False,0.6195383017812924,0.7422463326898463,True,True,222,2993,0.07417307049782827,0.003387451171875,"[""melt""]",0.742062775834397,True,True,4976.0,69069.0,0.07204389813085466,0.0033122986394014432,0.0,R4,Q3
ddd9dd1abe20d8d0ae63882e,data/raw/stage4/pcb2/Data/Images/Anomaly/028.JPG,anomaly,2.1669669151306152,True,0.29070525000133784,False,0.6162193465931783,0.6048494458157753,False,True,406,2737,0.1483375959079284,0.006195068359375,"[""melt""]",0.6063995566951724,False,True,9253.0,62896.0,0.1471158738234546,0.006159304523790505,0.0,R4,Q4
2f970964dab90ea6ebf65ef6,data/raw/stage4/pcb2/Data/Images/Anomaly/029.JPG,anomaly,2.022097110748291,True,0.2900692080002045,False,0.6011861969805895,0.48801939527284643,True,True,216,1808,0.11946902654867257,0.0032958984375,"[""melt""]",0.4612209851003052,True,True,4885.0,41832.0,0.1167766303308472,0.0032517240461165694,0.0,R4,Q3
b5d4c77df9634ecb828a64ca,data/raw/stage4/pcb2/Data/Images/Anomaly/030.JPG,anomaly,2.114386558532715,True,0.2914416249986971,False,0.6101885134595415,0.03468210946475188,False,True,119,3907,0.030458152034809317,0.001861572265625,"[""melt""]",0.03371520101613167,False,True,2655.0,90075.0,0.029475437135720234,0.0018245600021300956,0.0,R2,Q2
65f1164cd43edb4c9aaf3a8e,data/raw/stage4/pcb2/Data/Images/Anomaly/031.JPG,anomaly,1.603594422340393,False,0.28920733400445897,False,0.5922797348030993,0.4407826106663709,True,True,124,1823,0.06801974766867801,0.0021514892578125,"[""melt""]",0.44710540541118016,True,True,2884.0,42082.0,0.06853286440758519,0.002193998455680699,0.0,R3,Q2
904d32fddf6e1ee052a5e000,data/raw/stage4/pcb2/Data/Images/Anomaly/032.JPG,anomaly,1.6548665761947632,True,0.2889309169986518,False,0.6211977793753495,0.4470552400583971,False,True,95,1183,0.08030431107354184,0.001556396484375,"[""melt""]",0.43975201342771436,False,True,2211.0,27379.0,0.08075532342306146,0.0015955747264158478,0.0,R2,Q1
96f21f047487f62f50f32ff6,data/raw/stage4/pcb2/Data/Images/Anomaly/033.JPG,anomaly,1.570431113243103,False,0.2902770419968874,False,0.6118200335490055,0.09772262940974144,False,True,145,1288,0.1125776397515528,0.0025787353515625,"[""melt"", ""scratch""]",0.09455134246341869,False,True,3259.0,29861.0,0.10913901074980745,0.002622680192773651,0.0,R3,Q2
4f5abf5368f26200d4992a53,data/raw/stage4/pcb2/Data/Images/Anomaly/034.JPG,anomaly,2.403653144836426,True,0.2895556250005029,False,0.6058377932209708,0.486656676688752,False,True,135,3731,0.03618332886625569,0.0022430419921875,"[""melt""]",0.47150104986483354,False,True,3060.0,85990.0,0.03558553320153506,0.0022399286417978006,0.0,R3,Q2
cdafe117a8af8b75d42e22e2,data/raw/stage4/pcb2/Data/Images/Anomaly/035.JPG,anomaly,1.4962741136550903,False,0.2952333749999525,False,0.6312904385334291,0.12144348419495954,False,True,106,1348,0.07863501483679525,0.0019378662109375,"[""melt""]",0.12363435253248645,False,True,2532.0,31539.0,0.08028155616855322,0.001942380914343531,0.0,R2,Q2
19c7eaaf7a7c2b71d5da1dc8,data/raw/stage4/pcb2/Data/Images/Anomaly/036.JPG,anomaly,1.5352749824523926,False,0.2991691659990465,False,0.6314668370743137,0.030354630349143815,False,True,65,2285,0.028446389496717725,0.0016326904296875,"[""melt""]",0.03188882951003025,False,True,1523.0,52920.0,0.028779289493575208,0.001697419921718987,0.0,R2,Q1
4076b6b5665b0bbf381948de,data/raw/stage4/pcb2/Data/Images/Anomaly/037.JPG,anomaly,2.1320722103118896,True,0.29322883400163846,False,0.5968727534148095,0.6330664231317107,True,True,170,3491,0.048696648524778,0.00311279296875,"[""melt"", ""scratch""]",0.6100421242137052,True,True,3912.0,80409.0,0.04865127038018132,0.0032870037542934737,0.0,R3,Q3
d179fa18b9c1d78dce355509,data/raw/stage4/pcb2/Data/Images/Anomaly/038.JPG,anomaly,1.518564224243164,False,0.30955562500457745,False,0.6063816332507921,0.08850414318641209,False,True,87,1487,0.05850706119704102,0.0025482177734375,"[""melt"", ""scratch""]",0.08334932137961555,False,True,2050.0,34527.0,0.05937382338459756,0.002590728758953058,0.0,R3,Q2
1dcaeae3fbbedfbfa04722ec,data/raw/stage4/pcb2/Data/Images/Anomaly/039.JPG,anomaly,2.1296780109405518,True,0.30976291700062575,False,0.6174601272732114,0.5529487597391709,True,True,183,2776,0.06592219020172911,0.0027923583984375,"[""melt""]",0.5373448121759296,True,True,4156.0,64069.0,0.06486756465685432,0.0027664616449663178,0.0,R3,Q3
9bd08200d5d939f4a498aae7,data/raw/stage4/pcb2/Data/Images/Anomaly/040.JPG,anomaly,2.86572003364563,True,0.28967508299683686,False,0.604960460100647,0.07569434708194898,False,True,1104,29544,0.03736799350121852,0.016845703125,"[""missing""]",0.07650315035060634,False,True,25509.0,680400.0,0.03749118165784832,0.016980190111031232,0.0,R4,Q4
2bea857039ef9c03907fb299,data/raw/stage4/pcb2/Data/Images/Anomaly/041.JPG,anomaly,2.928386926651001,True,0.2953523749965825,False,0.639731607955907,0.49182902240297904,True,True,1152,32390,0.03556653288051868,0.017578125,"[""missing""]",0.4868100655536727,True,True,26320.0,745277.0,0.03531572824600786,0.017520036211624998,0.0,R4,Q4
0174183097ea8fa63bbe3153,data/raw/stage4/pcb2/Data/Images/Anomaly/042.JPG,anomaly,2.3243112564086914,True,0.2907545830021263,False,0.6223040977713875,0.87795211204367,True,True,1238,3963,0.31238960383547815,0.018890380859375,"[""missing""]",0.8728725825493932,True,True,28290.0,91032.0,0.3107698391774321,0.01883137630801182,0.0,R4,Q4
31656a11b9780d9f8a2fa83f,data/raw/stage4/pcb2/Data/Images/Anomaly/043.JPG,anomaly,2.0933644771575928,True,0.2897668329969747,False,0.6227094815879862,0.5649607448935079,True,True,581,7983,0.07277965677063761,0.0089263916015625,"[""scratch"", ""missing""]",0.5675985316765286,True,True,13461.0,183508.0,0.07335375024522092,0.009036264877386372,0.0,R4,Q4
846cfdd3fbe431251239629c,data/raw/stage4/pcb2/Data/Images/Anomaly/044.JPG,anomaly,2.5636558532714844,True,0.2899916669994127,False,0.6063816332507921,0.8430512954543684,True,True,2375,8003,0.29676371360739723,0.0362396240234375,"[""missing""]",0.8421771204783399,True,True,53765.0,183550.0,0.29291746118223916,0.03578893415342013,0.0,R4,Q4
8a393ef07e4999ab89669d93,data/raw/stage4/pcb2/Data/Images/Anomaly/045.JPG,anomaly,1.6091670989990234,False,0.28864004199567717,False,0.6085569933700775,0.036855654875382664,False,True,103,3141,0.03279210442534225,0.006195068359375,"[""missing""]",0.03721604809526654,False,True,2365.0,72134.0,0.03278620345468156,0.00613534094842506,0.0,R4,Q4
76964f3ab9f7c03b08de6900,data/raw/stage4/pcb2/Data/Images/Anomaly/046.JPG,anomaly,2.827420949935913,True,0.2907875410019187,False,0.6243789440051122,0.41211764626341385,True,True,2012,30434,0.06611027140697903,0.03070068359375,"[""missing""]",0.41185316409296757,True,True,46827.0,700301.0,0.06686696149227261,0.031170620656601963,0.0,R4,Q4
bfebbd19caf4dad38fd66eab,data/raw/stage4/pcb2/Data/Images/Anomaly/047.JPG,anomaly,2.7259650230407715,True,0.29242900000099326,False,0.6118200335490055,0.001707745829624057,False,True,50,29230,0.0017105713308244953,0.000762939453125,"[""missing""]",0.0019023395930778592,False,True,1288.0,671722.0,0.0019174599015664218,0.0008573634741859041,0.0,R1,Q1
b369595e56e69503f81e4901,data/raw/stage4/pcb2/Data/Images/Anomaly/048.JPG,anomaly,2.2193074226379395,True,0.29094187499867985,False,0.6076563623292596,0.20848025227077105,True,True,625,5787,0.10800069120442371,0.0118255615234375,"[""scratch"", ""missing""]",0.20677063733744616,True,True,14253.0,132525.0,0.10754951895868704,0.011665601618872647,0.0,R4,Q4
2744e38a1b628fcbf2067bd4,data/raw/stage4/pcb2/Data/Images/Anomaly/049.JPG,anomaly,2.015409469604492,True,0.2930372500049998,False,0.6061186995766435,0.14740155257808674,False,True,220,2885,0.07625649913344887,0.003631591796875,"[""missing""]",0.1364167048001271,False,True,4629.0,66420.0,0.06969286359530262,0.00341347817983332,0.0,R4,Q3
e68d2653f5376170791a8674,data/raw/stage4/pcb2/Data/Images/Anomaly/050.JPG,anomaly,1.608853816986084,False,0.29012437500205124,False,0.6101885134595415,0.026805333984222,False,True,60,1586,0.03783102143757881,0.0017242431640625,"[""missing""]",0.025920783831421056,False,True,1321.0,36269.0,0.03642228900714108,0.0015909151423170115,0.0,R2,Q1
ead24842cb7981c9674e9d4e,data/raw/stage4/pcb2/Data/Images/Anomaly/051.JPG,anomaly,1.5452675819396973,False,0.29247554099856643,False,0.6012261362728653,0.02635961517967492,False,True,64,2072,0.03088803088803089,0.002288818359375,"[""missing""]",0.025997431739399564,False,True,1471.0,47803.0,0.030772127272346923,0.00213475517213835,0.0,R3,Q2
d664d5515d0f8355c2df16ea,data/raw/stage4/pcb2/Data/Images/Anomaly/052.JPG,anomaly,2.296895742416382,True,0.2918002090009395,False,0.7256969406502117,0.1407822475384196,True,True,637,11533,0.0552328101968265,0.0100250244140625,"[""missing""]",0.14339296904769766,True,True,14740.0,264601.0,0.05570651660424564,0.010115957078573901,0.0,R4,Q4
86317f47cc684a4a33717793,data/raw/stage4/pcb2/Data/Images/Anomaly/053.JPG,anomaly,1.5484927892684937,False,0.2918162499991013,False,0.6760024762361211,0.0009686728079432718,False,False,0,1475,0.0,0.00079345703125,"[""missing""]",0.0009134524296458308,False,False,0.0,34170.0,0.0,0.0007581808983678143,0.0,R1,Q1
e9a182d87ded8090921b62f5,data/raw/stage4/pcb2/Data/Images/Anomaly/054.JPG,anomaly,2.01947283744812,True,0.29599341599532636,False,0.7069734004313444,0.11259264181366613,False,True,367,6279,0.05844879757923236,0.0055999755859375,"[""missing""]",0.10876056317058587,False,True,8241.0,145017.0,0.056827820186598814,0.00549431530739942,0.0,R4,Q4
a7e7261362d3ab9b5fa975d0,data/raw/stage4/pcb2/Data/Images/Anomaly/055.JPG,anomaly,1.5530529022216797,False,0.28890300000057323,False,0.6854680885054717,0.06846099454349971,False,True,39,1373,0.028404952658412235,0.0010528564453125,"[""missing""]",0.06084905744858175,False,True,927.0,31962.0,0.029003191289656467,0.0011129749447506456,0.0,R1,Q1
d086b78f683af0d19bb68594,data/raw/stage4/pcb2/Data/Images/Anomaly/056.JPG,anomaly,1.5809197425842285,False,0.2843496249988675,False,0.6994688074127327,0.0020728761058001243,False,False,0,1025,0.0,0.0008087158203125,"[""missing""]",0.0019319237451410935,False,False,0.0,23761.0,0.0,0.0008047767393561786,0.0,R1,Q1
733208e2c25e1af5454d93f2,data/raw/stage4/pcb2/Data/Images/Anomaly/057.JPG,anomaly,1.4153515100479126,False,0.28486391700425884,False,0.6740474478792235,0.009774488092472465,False,False,0,161,0.0,0.0015716552734375,"[""missing""]",0.010597866211440732,False,False,0.0,3756.0,0.0,0.0015496445402987458,0.0,R2,Q1
989748a316d5781c15aa24a6,data/raw/stage4/pcb2/Data/Images/Anomaly/058.JPG,anomaly,1.6921627521514893,True,0.2841850409968174,False,0.6903666427030913,0.00529938258122854,False,True,34,4502,0.007552199022656597,0.00054931640625,"[""melt""]",0.005025439228884265,False,True,754.0,104071.0,0.007245053857462694,0.0005438400298213382,0.0,R1,Q1
f29f971c989e3457da844b2b,data/raw/stage4/pcb2/Data/Images/Anomaly/059.JPG,anomaly,1.8083481788635254,True,0.2837308749949443,False,0.683974358974359,0.07467730323029653,False,True,241,2413,0.0998756734355574,0.003997802734375,"[""missing""]",0.0687496159031161,False,True,5212.0,55384.0,0.0941066011844576,0.0037356551375242963,0.0,R4,Q4
f210dd5f4d74b3edf87a8edc,data/raw/stage4/pcb2/Data/Images/Anomaly/060.JPG,anomaly,1.5661263465881348,False,0.28463654199731536,False,0.6130614798839098,0.1746836066578063,False,True,90,1135,0.07929515418502203,0.001373291015625,"[""melt""]",0.16074927787253884,False,True,1996.0,26451.0,0.07546028505538543,0.0013286471230396465,0.0,R1,Q1
e5628e506633f6123990ae36,data/raw/stage4/pcb2/Data/Images/Anomaly/061.JPG,anomaly,2.5995469093322754,True,0.28764029200101504,False,0.6239635753654446,0.4006249871501242,True,True,119,2999,0.039679893297765924,0.0018157958984375,"[""melt""]",0.36596117516271265,True,True,2699.0,68929.0,0.0391562332254929,0.001796602497537077,0.0,R2,Q1
7b21e295e4c564254de297cd,data/raw/stage4/pcb2/Data/Images/Anomaly/062.JPG,anomaly,1.6019558906555176,False,0.2871420829978888,False,0.6012261362728653,0.7592189212786459,True,True,94,1478,0.06359945872801083,0.001434326171875,"[""melt""]",0.7567176664271897,True,True,2181.0,34401.0,0.06339931978721548,0.0014517932742231807,0.0,R1,Q1
ab48d54a454beacaf51a6fff,data/raw/stage4/pcb2/Data/Images/Anomaly/063.JPG,anomaly,1.6837637424468994,True,0.288408583997807,False,0.619308650850707,0.22318968520396515,False,True,111,3543,0.03132938187976291,0.0016937255859375,"[""melt""]",0.21664220042529644,False,True,2562.0,81511.0,0.03143134055526248,0.0017054077801741353,0.0,R2,Q1
4a64187887711c775f428d0f,data/raw/stage4/pcb2/Data/Images/Anomaly/064.JPG,anomaly,2.412050247192383,True,0.3160038329951931,False,0.6100467289719627,0.3187257669738118,False,True,179,3206,0.05583281347473487,0.0027313232421875,"[""melt""]",0.32249287029834767,False,True,4116.0,74290.0,0.05540449589446763,0.002739835450115824,0.0,R3,Q3
a37c1228e9ff3279e16377fc,data/raw/stage4/pcb2/Data/Images/Anomaly/065.JPG,anomaly,1.6288065910339355,True,0.2914102909999201,False,0.6189851425832734,0.6582547175073491,True,True,164,1702,0.0963572267920094,0.00250244140625,"[""melt""]",0.6452907940986833,True,True,3668.0,39269.0,0.09340701316560136,0.002441622067790292,0.0,R3,Q2
5b7bb2dd865c569317014e7a,data/raw/stage4/pcb2/Data/Images/Anomaly/066.JPG,anomaly,1.5957880020141602,False,0.29043466599978274,False,0.6122813323747903,0.4067211720572768,True,True,135,1360,0.09926470588235294,0.002288818359375,"[""melt""]",0.3703344720077016,True,True,3026.0,31466.0,0.09616729167990848,0.0022672204915195567,0.0,R3,Q2
454fde2976c690adb252f174,data/raw/stage4/pcb2/Data/Images/Anomaly/067.JPG,anomaly,1.7183071374893188,True,0.2897164169989992,False,0.6130614798839098,0.009382539693823867,False,True,38,3869,0.009821659343499612,0.00140380859375,"[""melt""]",0.009086580083322204,False,True,862.0,89204.0,0.009663243800726425,0.001373911654285486,0.0,R1,Q1
0cfaf8dea93dc0646a1d60dd,data/raw/stage4/pcb2/Data/Images/Anomaly/068.JPG,anomaly,1.8827722072601318,True,0.29443583299871534,False,0.6223040977713875,0.516864660596919,False,True,106,2036,0.05206286836935167,0.0016937255859375,"[""melt""]",0.519297750351109,False,True,2551.0,46844.0,0.054457347792673555,0.001752669276033762,0.0,R2,Q1
c4de673e229af6580007c4be,data/raw/stage4/pcb2/Data/Images/Anomaly/069.JPG,anomaly,1.7499278783798218,True,0.29216662499675294,False,0.5982386772106398,0.20549654602587636,False,True,97,2259,0.04293935369632581,0.0014801025390625,"[""melt""]",0.2075592735385285,False,True,2254.0,52371.0,0.043039086517347384,0.0015003860798253321,0.0,R1,Q1
5b26e8174612cbac5bf361c6,data/raw/stage4/pcb2/Data/Images/Anomaly/070.JPG,anomaly,1.6517398357391357,True,0.29303749999962747,False,0.6139228372873232,0.8875988595801989,True,True,103,988,0.10425101214574899,0.0015716552734375,"[""melt""]",0.8926714529677888,True,True,2342.0,22930.0,0.10213693850850414,0.0015589637084964189,0.0,R2,Q1
d7c7197b3cab34fe93f2fada,data/raw/stage4/pcb2/Data/Images/Anomaly/071.JPG,anomaly,2.0756168365478516,True,0.2924895420001121,False,0.6139228372873232,0.2302461703226587,False,True,176,5169,0.03404913909847166,0.002716064453125,"[""melt""]",0.2176576437128811,False,True,3874.0,118707.0,0.03263497519101654,0.0026033762015070425,0.0,R3,Q3
bf35ab64688b9cebf87efb76,data/raw/stage4/pcb2/Data/Images/Anomaly/072.JPG,anomaly,1.503604769706726,False,0.2944591249979567,False,0.6118200335490055,0.03087802552193931,False,True,43,1373,0.031318281136198105,0.0017852783203125,"[""melt""]",0.030154504180143992,False,True,984.0,31720.0,0.031021437578814627,0.0018105812498335862,0.0,R2,Q1
696b15fa7935c77bc6332efd,data/raw/stage4/pcb2/Data/Images/Anomaly/073.JPG,anomaly,1.6241285800933838,False,0.29493704099877505,False,0.6139228372873232,0.11377805274726964,False,True,60,1538,0.03901170351105332,0.00091552734375,"[""melt""]",0.11423325326978416,False,True,1411.0,35593.0,0.03964262635911556,0.0009392390233511729,0.0,R1,Q1
78a69a1922ebd38aabe053c8,data/raw/stage4/pcb2/Data/Images/Anomaly/074.JPG,anomaly,2.307048797607422,True,0.2916094590036664,False,0.6359773144819874,0.7214709814198117,True,True,243,3503,0.06936911218955182,0.0037078857421875,"[""melt""]",0.7139185059563748,True,True,5537.0,80494.0,0.06878773573185579,0.0036857310221796204,0.0,R4,Q3
3c5ec43df6b0c27e160df537,data/raw/stage4/pcb2/Data/Images/Anomaly/075.JPG,anomaly,2.0016632080078125,True,0.29192558400245616,False,0.6273664030673376,0.4318039292445386,True,True,256,5820,0.04398625429553265,0.00390625,"[""melt""]",0.43545691603334796,True,True,5839.0,134318.0,0.04347146324394348,0.003886758793300849,0.0,R4,Q3
b55803eaf5bb3067295b2cf5,data/raw/stage4/pcb2/Data/Images/Anomaly/076.JPG,anomaly,1.7874116897583008,True,0.3052632499966421,False,0.6160056713795031,0.6043885712296269,False,True,87,2475,0.03515151515151515,0.0013275146484375,"[""melt""]",0.5830579109075655,False,True,2058.0,57301.0,0.035915603567127974,0.001369917725057912,0.0,R1,Q1
7c459783721c82f677ac35c7,data/raw/stage4/pcb2/Data/Images/Anomaly/077.JPG,anomaly,1.6424897909164429,True,0.29113891599990893,False,0.6114119871129217,0.11576366474431307,False,True,160,3471,0.04609622587150677,0.002593994140625,"[""melt""]",0.11211430114258734,False,True,3589.0,80099.0,0.04480705127404837,0.0025760843517852864,0.0,R3,Q2
ce4859a6c6cd0f9caa9c4564,data/raw/stage4/pcb2/Data/Images/Anomaly/078.JPG,anomaly,1.8527964353561401,True,0.2914602500022738,False,0.6118200335490055,0.9059333963053956,True,True,159,1333,0.11927981995498875,0.0024261474609375,"[""melt""]",0.9091698559512582,True,True,3674.0,30830.0,0.11916963996107688,0.002445615997017866,0.0,R3,Q2
1f6be8b2d2e29e8e8d8952db,data/raw/stage4/pcb2/Data/Images/Anomaly/079.JPG,anomaly,2.12210750579834,True,0.2907378749951022,False,0.6019730010384216,0.6578275294761596,True,True,151,1620,0.09320987654320988,0.0023651123046875,"[""melt""]",0.6461908798994651,True,True,3607.0,37645.0,0.09581617744720414,0.002479564395452246,0.0,R3,Q2
68b9e3462b7bb3850fb406a7,data/raw/stage4/pcb2/Data/Images/Anomaly/080.JPG,anomaly,1.4964488744735718,False,0.2915042499953415,False,0.6078660436137072,0.31376956610637136,True,True,99,714,0.13865546218487396,0.00164794921875,"[""melt""]",0.2972428238051812,True,True,2198.0,16502.0,0.1331959762453036,0.0016048938946135209,0.0,R2,Q1
2dcc7ada2b6bfab6a91a3742,data/raw/stage4/pcb2/Data/Images/Anomaly/081.JPG,anomaly,1.9867550134658813,True,0.29226162500708597,False,0.617657161115105,0.33920109445799773,True,True,143,2868,0.049860529986053,0.002593994140625,"[""melt""]",0.3591877642745701,True,True,3313.0,65984.0,0.05020914161008729,0.0025827409004979098,0.0,R3,Q2
e29dae89a422801349d5d030,data/raw/stage4/pcb2/Data/Images/Anomaly/082.JPG,anomaly,1.7156702280044556,True,0.2924037920020055,False,0.6614745586708204,0.219735226572761,False,True,56,3056,0.01832460732984293,0.0008544921875,"[""melt""]",0.20435708601790376,False,True,1337.0,69946.0,0.01911474566093844,0.0008899805628777591,0.0,R1,Q1
156203b86fd0a31b58234f24,data/raw/stage4/pcb2/Data/Images/Anomaly/083.JPG,anomaly,1.5225231647491455,False,0.29382049999549054,False,0.6731501451127619,0.40964592813754414,True,True,77,737,0.1044776119402985,0.0011749267578125,"[""melt""]",0.4092450787044745,True,True,1790.0,17255.0,0.1037380469429151,0.0011915222195596027,0.0,R1,Q1
c5158c1aa4bbc8cbdbd24874,data/raw/stage4/pcb2/Data/Images/Anomaly/084.JPG,anomaly,1.8553247451782227,True,0.29176174999884097,False,0.6878917378917379,0.5448759856549215,True,True,270,2979,0.09063444108761329,0.004119873046875,"[""melt""]",0.5342992895948594,True,True,6211.0,68214.0,0.09105169026885976,0.004134382405410443,0.0,R4,Q4
d17c6a6b5114e1294ad9cc22,data/raw/stage4/pcb2/Data/Images/Anomaly/085.JPG,anomaly,1.943415641784668,True,0.2914800419966923,False,0.6250698937614826,0.30973015264204223,True,True,188,2940,0.06394557823129252,0.00286865234375,"[""scratch""]",0.3033866897305546,True,True,4199.0,67704.0,0.06201996927803379,0.0027950848044305987,0.0,R3,Q3
6039bd78d688a37977631738,data/raw/stage4/pcb2/Data/Images/Anomaly/086.JPG,anomaly,2.27558970451355,True,0.29130954099673545,False,0.653478712357217,0.5761660497500835,False,True,257,4812,0.05340814630091438,0.0039215087890625,"[""scratch""]",0.5446015376427555,False,True,5649.0,111299.0,0.05075517300245285,0.003760284367761003,0.0,R4,Q3
b12a028d7cef91259468f264,data/raw/stage4/pcb2/Data/Images/Anomaly/087.JPG,anomaly,2.6365885734558105,True,0.29137762499885866,False,0.6442687115584312,0.30780245468501394,False,True,159,3771,0.042163882259347654,0.0024261474609375,"[""scratch""]",0.27360408706560174,False,True,3644.0,86688.0,0.04203580657069029,0.0024256463508799957,0.0,R3,Q2
8e283e953bb207214a134d47,data/raw/stage4/pcb2/Data/Images/Anomaly/088.JPG,anomaly,1.877439260482788,True,0.2915246249976917,False,0.6149532710280374,0.5296223006101967,False,True,250,2070,0.12077294685990338,0.003814697265625,"[""scratch""]",0.521320272948215,False,True,5778.0,47681.0,0.12118034437197206,0.0038461538461538464,0.0,R4,Q3
9d17ee5e0a75493b8f4210c0,data/raw/stage4/pcb2/Data/Images/Anomaly/089.JPG,anomaly,2.490246534347534,True,0.323097874999803,False,0.6406795004925846,0.4695149640066654,True,True,206,3263,0.06313208703646951,0.003143310546875,"[""scratch""]",0.4538874249216579,True,True,4589.0,74954.0,0.061224217520078984,0.0030546902042229147,0.0,R3,Q3
f8d29a19edc548c8cc6e6d89,data/raw/stage4/pcb2/Data/Images/Anomaly/090.JPG,anomaly,1.803950548171997,True,0.3072180829985882,False,0.6363128045371036,0.2415420905895172,False,True,173,2035,0.08501228501228501,0.0026397705078125,"[""scratch""]",0.25304160922862756,False,True,4086.0,46970.0,0.08699169682776241,0.0027198658039779534,0.0,R3,Q2
824de58bab8ab9b7d07b673c,data/raw/stage4/pcb2/Data/Images/Anomaly/091.JPG,anomaly,2.247551679611206,True,0.2905199589949916,False,0.6220404984423676,0.41306189922865155,True,True,175,2718,0.06438557763061074,0.0026702880859375,"[""scratch""]",0.41897520941265565,True,True,4048.0,62941.0,0.06431419901177293,0.0026945709188699843,0.0,R3,Q3
b9bd4f2bc63c2c7651916ea0,data/raw/stage4/pcb2/Data/Images/Anomaly/092.JPG,anomaly,1.8710792064666748,True,0.2912111659970833,False,0.6437015736081156,0.36310338404790116,False,True,342,4297,0.07959041191528973,0.005279541015625,"[""scratch""]",0.35689954401045476,True,True,7325.0,98787.0,0.07414943261765213,0.004905876401203504,0.0,R4,Q4
fa34ec9ecc44f946a375d974,data/raw/stage4/pcb2/Data/Images/Anomaly/093.JPG,anomaly,2.0989067554473877,True,0.2908802089950768,False,0.6249354314774875,0.547023670616575,True,True,170,2512,0.06767515923566879,0.002593994140625,"[""scratch""]",0.48176993247411054,False,True,3602.0,57962.0,0.062144163417411406,0.002397688846286977,0.0,R3,Q2
25a492906921005d25cd44b3,data/raw/stage4/pcb2/Data/Images/Anomaly/094.JPG,anomaly,1.8794505596160889,True,0.29117445799784036,False,0.6220611337433767,0.18308714027996634,False,True,239,4173,0.05727294512341241,0.0036468505859375,"[""scratch""]",0.1824604173375927,False,True,5546.0,96260.0,0.05761479326823187,0.0036917219160209815,0.0,R4,Q3
25ec33aab6cc9475a4e49915,data/raw/stage4/pcb2/Data/Images/Anomaly/095.JPG,anomaly,1.9642078876495361,True,0.2897586249964661,False,0.6188473520249221,0.4791122246975373,True,True,287,4542,0.06318802289740202,0.0043792724609375,"[""scratch""]",0.48153610562493265,True,True,6581.0,104335.0,0.06307566971773614,0.004380674707777511,0.0,R4,Q4
31c82c66a7fccb2763c06c8c,data/raw/stage4/pcb2/Data/Images/Anomaly/096.JPG,anomaly,1.7979775667190552,True,0.2919731669971952,False,0.632398753894081,0.33546815623500825,True,True,241,4984,0.04835473515248796,0.0041046142578125,"[""melt"", ""scratch""]",0.33610164051373925,True,True,5505.0,114416.0,0.04811390015382464,0.0040844582900657666,0.0,R4,Q4
56b0ca13e534cebedf32c5c1,data/raw/stage4/pcb2/Data/Images/Anomaly/097.JPG,anomaly,1.7928459644317627,True,0.29229016700264765,False,0.619308650850707,0.23627034285877235,False,True,154,2190,0.07031963470319634,0.0025482177734375,"[""scratch""]",0.25351126751708436,True,True,3716.0,50389.0,0.07374625414276925,0.002655297281465506,0.0,R3,Q2
ccb69f884e0466da8bf7341e,data/raw/stage4/pcb2/Data/Images/Anomaly/098.JPG,anomaly,1.9398940801620483,True,0.29115550000278745,False,0.6133177570093458,0.266939650430126,False,True,275,3025,0.09090909090909091,0.0041961669921875,"[""scratch""]",0.29668351471961857,False,True,6695.0,69874.0,0.0958153247273664,0.004456559363101419,0.0,R4,Q4
166db33b924deb15dc0a50d8,data/raw/stage4/pcb2/Data/Images/Anomaly/099.JPG,anomaly,2.452949047088623,True,0.29198866699880455,False,0.6391644700055915,0.28767395022541326,True,True,174,5356,0.03248693054518297,0.002655029296875,"[""scratch""]",0.2771866153848776,True,True,3991.0,123003.0,0.03244636309683504,0.0026566285912080303,0.0,R3,Q2
452f2685edcad7b69fecd9b6,data/raw/stage4/pcb2/Data/Images/Normal/0011.JPG,normal,1.5465046167373657,False,0.29163283300295006,False,0.642372926485076,,False,False,0,647,0.0,0.0,,,,,,,,,,,na
2b6a7d049fa1b9e094d4b1b7,data/raw/stage4/pcb2/Data/Images/Normal/0013.JPG,normal,1.480444312095642,False,0.2918291250025504,False,0.6346353542615225,,False,False,0,685,0.0,0.0,,,,,,,,,,,na
db2ce9aae41ccd9feda36d97,data/raw/stage4/pcb2/Data/Images/Normal/0016.JPG,normal,1.435981035232544,False,0.29085879099875456,False,0.6166586788082116,,False,False,0,271,0.0,0.0,,,,,,,,,,,na
aabb50dfd6fa95309b6e460a,data/raw/stage4/pcb2/Data/Images/Normal/0024.JPG,normal,1.6220184564590454,False,0.29240658300113864,False,0.6399239822137018,,False,False,0,638,0.0,0.0,,,,,,,,,,,na
02aae52ee66ba6314996782a,data/raw/stage4/pcb2/Data/Images/Normal/0026.JPG,normal,1.5281147956848145,False,0.3061364169989247,False,0.6406795004925846,,False,False,0,453,0.0,0.0,,,,,,,,,,,na
64be38abeac63bef2d999f46,data/raw/stage4/pcb2/Data/Images/Normal/0027.JPG,normal,1.456413984298706,False,0.28968250000616536,False,0.6172058471123891,,False,False,0,753,0.0,0.0,,,,,,,,,,,na
a44f87b6ff4debf5efe4bd01,data/raw/stage4/pcb2/Data/Images/Normal/0046.JPG,normal,1.4918057918548584,False,0.2920946250014822,False,0.6321697686183667,,False,False,0,270,0.0,0.0,,,,,,,,,,,na
0accc51b6cbde741542000fe,data/raw/stage4/pcb2/Data/Images/Normal/0100.JPG,normal,1.4200693368911743,False,0.28995266599667957,False,0.6277178688393642,,False,False,0,183,0.0,0.0,,,,,,,,,,,na
53fe2b96c7614eef9f61e761,data/raw/stage4/pcb2/Data/Images/Normal/0107.JPG,normal,1.4798015356063843,False,0.29195774999971036,False,0.6544931703810208,,False,False,0,358,0.0,0.0,,,,,,,,,,,na
4053335d3bde455cde81acdb,data/raw/stage4/pcb2/Data/Images/Normal/0159.JPG,normal,1.4828041791915894,False,0.29021808299876284,False,0.6404877918896611,,False,False,0,372,0.0,0.0,,,,,,,,,,,na
b86d36c40af62aafb6b0074f,data/raw/stage4/pcb2/Data/Images/Normal/0168.JPG,normal,1.4946513175964355,False,0.29203383299318375,False,0.6209601405863088,,False,False,0,840,0.0,0.0,,,,,,,,,,,na
205a95773fd9f4d7baade61c,data/raw/stage4/pcb2/Data/Images/Normal/0170.JPG,normal,1.4639770984649658,False,0.29572708300111117,False,0.6213089437388503,,False,False,0,177,0.0,0.0,,,,,,,,,,,na
2dffce1dbe6997fc6f6e3e1b,data/raw/stage4/pcb2/Data/Images/Normal/0172.JPG,normal,1.4656914472579956,False,0.29193195800326066,False,0.6234104161674255,,False,False,0,319,0.0,0.0,,,,,,,,,,,na
375fd2c746b090e60f3f7340,data/raw/stage4/pcb2/Data/Images/Normal/0174.JPG,normal,1.4875589609146118,False,0.291403374998481,False,0.6487419122933141,,False,False,0,504,0.0,0.0,,,,,,,,,,,na
f42c89c5f3cc09c28a9b722e,data/raw/stage4/pcb2/Data/Images/Normal/0178.JPG,normal,1.4857141971588135,False,0.29045604100247147,False,0.6283888489495966,,False,False,0,1117,0.0,0.0,,,,,,,,,,,na
961755159b280739cc1ba46d,data/raw/stage4/pcb2/Data/Images/Normal/0187.JPG,normal,1.595145583152771,False,0.29337049999594456,False,0.6402687914370158,,False,False,0,1200,0.0,0.0,,,,,,,,,,,na
56e735259c27809568b70e19,data/raw/stage4/pcb2/Data/Images/Normal/0196.JPG,normal,1.4874682426452637,False,0.29176445900520775,False,0.616588785046729,,False,False,0,298,0.0,0.0,,,,,,,,,,,na
b08d5dfe16f0c5e3c2cc69f1,data/raw/stage4/pcb2/Data/Images/Normal/0208.JPG,normal,1.484670877456665,False,0.29282537499966566,False,0.6550862688713156,,False,False,0,1254,0.0,0.0,,,,,,,,,,,na
550983ee30b980727bb33675,data/raw/stage4/pcb2/Data/Images/Normal/0214.JPG,normal,1.4920158386230469,False,0.291059540999413,False,0.6316132811459915,,False,False,0,630,0.0,0.0,,,,,,,,,,,na
4ae29c9501c432b69a8cc15e,data/raw/stage4/pcb2/Data/Images/Normal/0215.JPG,normal,1.4486958980560303,False,0.29301845899317414,False,0.6218587746625129,,False,False,0,300,0.0,0.0,,,,,,,,,,,na
4f15590f560ec8dab6dc09f2,data/raw/stage4/pcb2/Data/Images/Normal/0237.JPG,normal,1.7050848007202148,True,0.2917625420013792,False,0.6249354314774875,,False,False,0,2102,0.0,0.0,,,,,,,,,,,na
ec4e48b6b9adcb98383ae5e7,data/raw/stage4/pcb2/Data/Images/Normal/0261.JPG,normal,1.5710020065307617,False,0.2930203329960932,False,0.6472535080011715,,False,False,0,6567,0.0,0.0,,,,,,,,,,,na
3684efe93fd3b7afa813281f,data/raw/stage4/pcb2/Data/Images/Normal/0286.JPG,normal,1.46271812915802,False,0.2905143330062856,False,0.6380242032111191,,False,False,0,546,0.0,0.0,,,,,,,,,,,na
e1f62c6c20085b5c157be757,data/raw/stage4/pcb2/Data/Images/Normal/0294.JPG,normal,1.5454024076461792,False,0.2927544170015608,False,0.6145392336981123,,False,False,0,2355,0.0,0.0,,,,,,,,,,,na
d7df11e6c55823bc9ebf76b0,data/raw/stage4/pcb2/Data/Images/Normal/0297.JPG,normal,1.5809611082077026,False,0.29337070800102083,False,0.6557898660702399,,False,False,0,1331,0.0,0.0,,,,,,,,,,,na
ea10de32d4034b13bea5cb13,data/raw/stage4/pcb2/Data/Images/Normal/0303.JPG,normal,1.5098683834075928,False,0.2956990000020596,False,0.6213089437388503,,False,False,0,1003,0.0,0.0,,,,,,,,,,,na
24696494ba3fa35e11bffd53,data/raw/stage4/pcb2/Data/Images/Normal/0306.JPG,normal,1.4103442430496216,False,0.30609662500501145,False,0.6185597891205368,,False,False,0,92,0.0,0.0,,,,,,,,,,,na
0dafbc81c75425b6d986d52b,data/raw/stage4/pcb2/Data/Images/Normal/0320.JPG,normal,1.535544514656067,False,0.2925713340009679,False,0.6414330218068536,,False,False,0,1853,0.0,0.0,,,,,,,,,,,na
dc6046917e9e86adee57ce3f,data/raw/stage4/pcb2/Data/Images/Normal/0333.JPG,normal,1.5018383264541626,False,0.29016429200419225,False,0.6630541576803259,,False,False,0,654,0.0,0.0,,,,,,,,,,,na
372581c3ce28a2517b1109c7,data/raw/stage4/pcb2/Data/Images/Normal/0363.JPG,normal,1.4724806547164917,False,0.2911254159989767,False,0.6384215991692627,,False,False,0,482,0.0,0.0,,,,,,,,,,,na
098152f95bce223133b4eaf6,data/raw/stage4/pcb2/Data/Images/Normal/0377.JPG,normal,1.452646017074585,False,0.29106904200307326,False,0.6308577628671087,,False,False,0,561,0.0,0.0,,,,,,,,,,,na
b930a578ee0d8cbee9eabfc5,data/raw/stage4/pcb2/Data/Images/Normal/0394.JPG,normal,1.483225703239441,False,0.29375599999912083,False,0.6134515536384695,,False,False,0,412,0.0,0.0,,,,,,,,,,,na
48ad272fcc28e7771d6392e5,data/raw/stage4/pcb2/Data/Images/Normal/0400.JPG,normal,1.6424216032028198,True,0.2909822500005248,False,0.6118200335490055,,False,False,0,544,0.0,0.0,,,,,,,,,,,na
abd28ac017018f790aba3758,data/raw/stage4/pcb2/Data/Images/Normal/0402.JPG,normal,1.5854856967926025,False,0.2923527499951888,False,0.6188899539366829,,False,False,0,736,0.0,0.0,,,,,,,,,,,na
93c63850a99e3167013fea89,data/raw/stage4/pcb2/Data/Images/Normal/0417.JPG,normal,1.671104907989502,True,0.29093483299948275,False,0.6204096440077749,,False,False,0,364,0.0,0.0,,,,,,,,,,,na
d1bd146b3e2c069af7e68092,data/raw/stage4/pcb2/Data/Images/Normal/0423.JPG,normal,1.4754042625427246,False,0.29324612499476643,False,0.6172058471123891,,False,False,0,426,0.0,0.0,,,,,,,,,,,na
156066904c1735208479fb72,data/raw/stage4/pcb2/Data/Images/Normal/0427.JPG,normal,1.482621669769287,False,0.29182291599863674,False,0.637668743509865,,False,False,0,1240,0.0,0.0,,,,,,,,,,,na
eecd6eb5060453a25dedb777,data/raw/stage4/pcb2/Data/Images/Normal/0457.JPG,normal,1.440683364868164,False,0.29319774999748915,False,0.6454029874590622,,False,False,0,294,0.0,0.0,,,,,,,,,,,na
abd584aa4166098b27ad3783,data/raw/stage4/pcb2/Data/Images/Normal/0469.JPG,normal,1.4102959632873535,False,0.2901789169991389,False,0.6155643421998562,,False,False,0,118,0.0,0.0,,,,,,,,,,,na
d5b4d184035e0b8f1126f99a,data/raw/stage4/pcb2/Data/Images/Normal/0479.JPG,normal,1.5700114965438843,False,0.29114504199969815,False,0.6209601405863088,,False,False,0,1322,0.0,0.0,,,,,,,,,,,na
35ec358c4f85bbdc6c79646b,data/raw/stage4/pcb2/Data/Images/Normal/0483.JPG,normal,1.555496096611023,False,0.3114031250006519,False,0.6385853502675932,,False,False,0,401,0.0,0.0,,,,,,,,,,,na
87ea983f62b27d0f02a72bde,data/raw/stage4/pcb2/Data/Images/Normal/0484.JPG,normal,1.5607187747955322,False,0.29453887500130804,False,0.6283888489495966,,False,False,0,1098,0.0,0.0,,,,,,,,,,,na
9de01ef43dbefdf8c5261a51,data/raw/stage4/pcb2/Data/Images/Normal/0488.JPG,normal,1.4083943367004395,False,0.2924834160003229,False,0.6129077136086482,,False,False,0,30,0.0,0.0,,,,,,,,,,,na
e194687c728b162906b9c214,data/raw/stage4/pcb2/Data/Images/Normal/0490.JPG,normal,1.507017731666565,False,0.2933172920020297,False,0.6359773144819874,,False,False,0,668,0.0,0.0,,,,,,,,,,,na
95cc752fc86f263bfca7d12b,data/raw/stage4/pcb2/Data/Images/Normal/0514.JPG,normal,1.471893072128296,False,0.2912456249978277,False,0.6150830737279336,,False,False,0,334,0.0,0.0,,,,,,,,,,,na
d21081ff25bdec6b7b70285d,data/raw/stage4/pcb2/Data/Images/Normal/0518.JPG,normal,1.420287847518921,False,0.29147033299523173,False,0.6187694704049844,,False,False,0,122,0.0,0.0,,,,,,,,,,,na
66c4aa0948e7b6625b018f38,data/raw/stage4/pcb2/Data/Images/Normal/0520.JPG,normal,1.4311190843582153,False,0.2910899589987821,False,0.6280786537795884,,False,False,0,363,0.0,0.0,,,,,,,,,,,na
b42b96bcc8da76dd7917b679,data/raw/stage4/pcb2/Data/Images/Normal/0525.JPG,normal,1.466557264328003,False,0.28993654199439334,False,0.6239635753654446,,False,False,0,90,0.0,0.0,,,,,,,,,,,na
e15b9790767114a2828c1672,data/raw/stage4/pcb2/Data/Images/Normal/0545.JPG,normal,1.4773908853530884,False,0.30551362499682,False,0.6172058471123891,,False,False,0,511,0.0,0.0,,,,,,,,,,,na
0be6a9d652c5bc82c5d0a148,data/raw/stage4/pcb2/Data/Images/Normal/0552.JPG,normal,1.5019505023956299,False,0.2906541249976726,False,0.6454029874590622,,False,False,0,842,0.0,0.0,,,,,,,,,,,na
e00d4ae25bf79e94a10d6503,data/raw/stage4/pcb2/Data/Images/Normal/0569.JPG,normal,1.495705246925354,False,0.2906284999990021,False,0.6363128045371036,,False,False,0,176,0.0,0.0,,,,,,,,,,,na
17be65e9b30bb93d48a0c633,data/raw/stage4/pcb2/Data/Images/Normal/0615.JPG,normal,1.471524715423584,False,0.3066122500022175,False,0.6522206246505312,,False,False,0,1061,0.0,0.0,,,,,,,,,,,na
ae2bf0ea32353e5714332a3e,data/raw/stage4/pcb2/Data/Images/Normal/0617.JPG,normal,1.4369558095932007,False,0.30636450000019977,False,0.6498921639108555,,False,False,0,1022,0.0,0.0,,,,,,,,,,,na
f2ebf08071002f3b55c192a2,data/raw/stage4/pcb2/Data/Images/Normal/0619.JPG,normal,1.5100834369659424,False,0.3037789999943925,False,0.6517453470724499,,False,False,0,1156,0.0,0.0,,,,,,,,,,,na
566d247031de1517a7bf7c75,data/raw/stage4/pcb2/Data/Images/Normal/0621.JPG,normal,1.5770487785339355,False,0.29571787500026403,False,0.6668517187208776,,False,False,0,2863,0.0,0.0,,,,,,,,,,,na
14980ec28efed557021b5113,data/raw/stage4/pcb2/Data/Images/Normal/0629.JPG,normal,1.5234043598175049,False,0.29142183299700264,False,0.6527677929547089,,False,False,0,1523,0.0,0.0,,,,,,,,,,,na
382bf0865d25414790e9ea61,data/raw/stage4/pcb2/Data/Images/Normal/0631.JPG,normal,1.4977188110351562,False,0.30560379099915735,False,0.6346353542615225,,False,False,0,407,0.0,0.0,,,,,,,,,,,na
1dd7a0396140bca72ac7681e,data/raw/stage4/pcb2/Data/Images/Normal/0648.JPG,normal,1.4300251007080078,False,0.28965516600146657,False,0.6172584338472189,,False,False,0,149,0.0,0.0,,,,,,,,,,,na
56639c20153c027d1b98e342,data/raw/stage4/pcb2/Data/Images/Normal/0654.JPG,normal,1.432814598083496,False,0.29407429200364277,False,0.6324127326463775,,False,False,0,55,0.0,0.0,,,,,,,,,,,na
51599afeb8b177237f862bf6,data/raw/stage4/pcb2/Data/Images/Normal/0657.JPG,normal,1.4747586250305176,False,0.2921513750043232,False,0.6133177570093458,,False,False,0,450,0.0,0.0,,,,,,,,,,,na
7add970b6fffd5a0361046c7,data/raw/stage4/pcb2/Data/Images/Normal/0659.JPG,normal,1.423704743385315,False,0.2994791669989354,False,0.6218587746625129,,False,False,0,73,0.0,0.0,,,,,,,,,,,na
622c7a21c4068548b6d75b4f,data/raw/stage4/pcb2/Data/Images/Normal/0674.JPG,normal,1.5297342538833618,False,0.2940728749963455,False,0.6204096440077749,,False,False,0,980,0.0,0.0,,,,,,,,,,,na
86ba4c2ba433f83d3ef72b7b,data/raw/stage4/pcb2/Data/Images/Normal/0684.JPG,normal,1.4916774034500122,False,0.2928593329997966,False,0.6271613813669888,,False,False,0,126,0.0,0.0,,,,,,,,,,,na
1737d9c73fe23cb012799cc8,data/raw/stage4/pcb2/Data/Images/Normal/0685.JPG,normal,1.500251293182373,False,0.2925427920054062,False,0.6582807465985037,,False,False,0,1290,0.0,0.0,,,,,,,,,,,na
d7ec6afa2fc6caca16d5701c,data/raw/stage4/pcb2/Data/Images/Normal/0688.JPG,normal,1.5522750616073608,False,0.291142582995235,False,0.6288308437841148,,False,False,0,634,0.0,0.0,,,,,,,,,,,na
1909f465333614830dff44f2,data/raw/stage4/pcb2/Data/Images/Normal/0690.JPG,normal,1.4957150220870972,False,0.2941225000031409,False,0.6065780014378145,,False,False,0,398,0.0,0.0,,,,,,,,,,,na
60fe972d68352e6821269288,data/raw/stage4/pcb2/Data/Images/Normal/0694.JPG,normal,1.5428391695022583,False,0.3013210830031312,False,0.6155643421998562,,False,False,0,515,0.0,0.0,,,,,,,,,,,na
273cad5f26957e4c7d06f7e3,data/raw/stage4/pcb2/Data/Images/Normal/0705.JPG,normal,1.4957411289215088,False,0.2923227080027573,False,0.6144080996884735,,False,False,0,271,0.0,0.0,,,,,,,,,,,na
26570c03543a2e6324e09243,data/raw/stage4/pcb2/Data/Images/Normal/0725.JPG,normal,1.4853650331497192,False,0.29103466699598357,False,0.6185597891205368,,False,False,0,863,0.0,0.0,,,,,,,,,,,na
7e156c1c6f8db3ce7e3ccad0,data/raw/stage4/pcb2/Data/Images/Normal/0730.JPG,normal,1.526902437210083,False,0.2921602080023149,False,0.6185597891205368,,False,False,0,876,0.0,0.0,,,,,,,,,,,na
24a02107e447d68b081e46e7,data/raw/stage4/pcb2/Data/Images/Normal/0735.JPG,normal,1.509903073310852,False,0.2907730420047301,False,0.6592565966397742,,False,False,0,1322,0.0,0.0,,,,,,,,,,,na
ca6447e395d2e4c9a41a9343,data/raw/stage4/pcb2/Data/Images/Normal/0739.JPG,normal,1.555526614189148,False,0.2934897910017753,False,0.642372926485076,,False,False,0,1517,0.0,0.0,,,,,,,,,,,na
9af51eeeedd5685174612ad4,data/raw/stage4/pcb2/Data/Images/Normal/0751.JPG,normal,1.5539557933807373,False,0.29239604200120084,False,0.6316132811459915,,False,False,0,866,0.0,0.0,,,,,,,,,,,na
7b451c6c324d6bb30a354118,data/raw/stage4/pcb2/Data/Images/Normal/0755.JPG,normal,1.4341343641281128,False,0.2930857500032289,False,0.6240580983571637,,False,False,0,198,0.0,0.0,,,,,,,,,,,na
1af9364f2fa6938fa08d80d7,data/raw/stage4/pcb2/Data/Images/Normal/0764.JPG,normal,1.5533174276351929,False,0.2910519579963875,False,0.6318396038022206,,False,False,0,1732,0.0,0.0,,,,,,,,,,,na
ee12763d9a69961a567037e5,data/raw/stage4/pcb2/Data/Images/Normal/0768.JPG,normal,1.5251554250717163,False,0.29213549999985844,False,0.6172058471123891,,False,False,0,1079,0.0,0.0,,,,,,,,,,,na
5834ab9c460489057897a4be,data/raw/stage4/pcb2/Data/Images/Normal/0779.JPG,normal,1.4950700998306274,False,0.2926593329975731,False,0.6065780014378145,,False,False,0,416,0.0,0.0,,,,,,,,,,,na
c6f55ba2051edb1e35f9131c,data/raw/stage4/pcb2/Data/Images/Normal/0784.JPG,normal,1.582757830619812,False,0.32441195800493006,False,0.6650983837899725,,False,False,0,6865,0.0,0.0,,,,,,,,,,,na
dfb2c185a44a2d33dea3516f,data/raw/stage4/pcb2/Data/Images/Normal/0796.JPG,normal,1.5004152059555054,False,0.29660695799975656,False,0.6139228372873232,,False,False,0,957,0.0,0.0,,,,,,,,,,,na
bbf2be5ae37229d562a5ce85,data/raw/stage4/pcb2/Data/Images/Normal/0797.JPG,normal,1.6508562564849854,True,0.2915432499939925,False,0.6232659690603616,,False,False,0,2524,0.0,0.0,,,,,,,,,,,na
cd7d0ca80c321f5f4c0e83ed,data/raw/stage4/pcb2/Data/Images/Normal/0800.JPG,normal,1.5098997354507446,False,0.2944301669995184,False,0.6223040977713875,,False,False,0,1013,0.0,0.0,,,,,,,,,,,na
2662b4037283d35b28570faf,data/raw/stage4/pcb2/Data/Images/Normal/0804.JPG,normal,1.7066298723220825,True,0.2948422080007731,False,0.6172058471123891,,False,False,0,1110,0.0,0.0,,,,,,,,,,,na
ef5ec1f69e4986a868b4d224,data/raw/stage4/pcb2/Data/Images/Normal/0811.JPG,normal,1.5824165344238281,False,0.29186283300077775,False,0.6243789440051122,,False,False,0,683,0.0,0.0,,,,,,,,,,,na
781ed00408bb76171df9c478,data/raw/stage4/pcb2/Data/Images/Normal/0844.JPG,normal,1.459989309310913,False,0.2905473749997327,False,0.612828500678968,,False,False,0,165,0.0,0.0,,,,,,,,,,,na
5f1fdd3eda3bda2c26f6b7b4,data/raw/stage4/pcb2/Data/Images/Normal/0869.JPG,normal,1.5226337909698486,False,0.2923356249957578,False,0.6232659690603616,,False,False,0,421,0.0,0.0,,,,,,,,,,,na
69f74f45bee4081bfa4d94bb,data/raw/stage4/pcb2/Data/Images/Normal/0871.JPG,normal,1.41878080368042,False,0.29419387499365257,False,0.6116822429906542,,False,False,0,197,0.0,0.0,,,,,,,,,,,na
17f72ccbd097e9fd071db250,data/raw/stage4/pcb2/Data/Images/Normal/0892.JPG,normal,1.394085168838501,False,0.30537495899625355,False,0.6122274143302181,,False,False,0,54,0.0,0.0,,,,,,,,,,,na
30fc45da793691fbfd74e995,data/raw/stage4/pcb2/Data/Images/Normal/0900.JPG,normal,1.5471713542938232,False,0.29267950000212295,False,0.6391644700055915,,False,False,0,731,0.0,0.0,,,,,,,,,,,na
73f39067f4c09d66b5e9dedf,data/raw/stage4/pcb2/Data/Images/Normal/0920.JPG,normal,1.4940599203109741,False,0.29129741599899717,False,0.6101885134595415,,False,False,0,1960,0.0,0.0,,,,,,,,,,,na
973f2cf5735887a4f3ce1597,data/raw/stage4/pcb2/Data/Images/Normal/0923.JPG,normal,1.4878854751586914,False,0.29080329200223787,False,0.612828500678968,,False,False,0,418,0.0,0.0,,,,,,,,,,,na
e4d01f5bb7bf376177f723b4,data/raw/stage4/pcb2/Data/Images/Normal/0935.JPG,normal,1.4149459600448608,False,0.2938791249980568,False,0.6301681444204809,,False,False,0,98,0.0,0.0,,,,,,,,,,,na
de99daf2757aff1c8cb4ca86,data/raw/stage4/pcb2/Data/Images/Normal/0940.JPG,normal,1.4858919382095337,False,0.2926652079986525,False,0.6312904385334291,,False,False,0,334,0.0,0.0,,,,,,,,,,,na
48eea2da9c92409f5437f19f,data/raw/stage4/pcb2/Data/Images/Normal/0952.JPG,normal,1.4793285131454468,False,0.2925832499968237,False,0.6095734483584951,,False,False,0,497,0.0,0.0,,,,,,,,,,,na
24bddc73e51fafa8d2e8096c,data/raw/stage4/pcb2/Data/Images/Normal/0954.JPG,normal,1.4303454160690308,False,0.29173937500308966,False,0.6122813323747903,,False,False,0,83,0.0,0.0,,,,,,,,,,,na
3345a7559e85193f82fc78f4,data/raw/stage4/pcb2/Data/Images/Normal/0964.JPG,normal,1.5026167631149292,False,0.2951347919952241,False,0.6363287802540138,,False,False,0,794,0.0,0.0,,,,,,,,,,,na
096528d5d7875e34d1ce7795,data/raw/stage4/pcb2/Data/Images/Normal/0968.JPG,normal,1.540913701057434,False,0.2921321670000907,False,0.617657161115105,,False,False,0,539,0.0,0.0,,,,,,,,,,,na
b2c29250de881ef717620575,data/raw/stage4/pcb2/Data/Images/Normal/0974.JPG,normal,1.4762864112854004,False,0.2919949169954634,False,0.6269670101445802,,False,False,0,474,0.0,0.0,,,,,,,,,,,na
2f3b3f7aaf40cd0b5e920590,data/raw/stage4/pcb2/Data/Images/Normal/0986.JPG,normal,1.4312752485275269,False,0.30846195799676934,False,0.5982386772106398,,False,False,0,380,0.0,0.0,,,,,,,,,,,na
926f45ae46975296f27d7760,data/raw/stage4/pcb2/Data/Images/Normal/0994.JPG,normal,1.4297053813934326,False,0.29415850000077626,False,0.6223040977713875,,False,False,0,59,0.0,0.0,,,,,,,,,,,na
b0da84ae91f95b36bfca45ff,data/raw/stage4/pcb2/Data/Images/Normal/0997.JPG,normal,1.455453634262085,False,0.28527324999595294,False,0.612828500678968,,False,False,0,177,0.0,0.0,,,,,,,,,,,na
