recipe,pose_label,missing_detected,count,median_pixel_ap,median_fp_pixels,nn_median_distance,nn_spatial_median,cross_location_r010
D1,canonical,False,7,0.0263596151796749,1423.0,1.4540332555770874,0.0049315518037699,0.0
D1,canonical,True,5,0.5649607448935079,2725.0,1.8191627264022827,0.0227766070479055,0.0027777777777777
D1,reversed_180,False,0,,,,,
D1,reversed_180,True,4,0.24390599667268134,28810.0,2.3227802515029907,0.0907155603411269,0.44380692167577407
D1,uncertain,False,0,,,,,
D1,uncertain,True,3,0.1407822475384196,5912.0,1.646190345287323,0.1105863266719487,0.5206896551724138
D2,canonical,False,6,0.1822757240013184,801.0,1.9025667309761047,0.025280918404700148,0.0919191919191919
D2,canonical,True,6,0.5799293471633511,1961.5,2.144952356815338,0.02662906179811495,0.1827027027027027
D2,reversed_180,False,0,,,,,
D2,reversed_180,True,4,0.32476877182322433,19235.5,2.4635252356529236,0.1672903703492705,0.6166882612075668
D2,uncertain,False,0,,,,,
D2,uncertain,True,3,0.0946155134470549,1940.0,1.7064598202705383,0.1326555343662485,0.5681818181818181
