normalized_crop_region,references,fraction,recipe
padding_center,1080,0.263671875,C1 uniform256
row0_col0,357,0.087158203125,C1 uniform256
row0_col1,319,0.077880859375,C1 uniform256
row0_col2,362,0.08837890625,C1 uniform256
row1_col0,355,0.086669921875,C1 uniform256
row1_col1,298,0.07275390625,C1 uniform256
row1_col2,365,0.089111328125,C1 uniform256
row2_col0,330,0.08056640625,C1 uniform256
row2_col1,286,0.06982421875,C1 uniform256
row2_col2,344,0.083984375,C1 uniform256
padding_center,41,0.010009765625,D1 coreset256
row0_col0,234,0.05712890625,D1 coreset256
row0_col1,265,0.064697265625,D1 coreset256
row0_col2,238,0.05810546875,D1 coreset256
row1_col0,1059,0.258544921875,D1 coreset256
row1_col1,380,0.0927734375,D1 coreset256
row1_col2,1096,0.267578125,D1 coreset256
row2_col0,242,0.05908203125,D1 coreset256
row2_col1,269,0.065673828125,D1 coreset256
row2_col2,272,0.06640625,D1 coreset256
padding_center,1115,0.272216796875,C2 uniform512
row0_col0,347,0.084716796875,C2 uniform512
row0_col1,334,0.08154296875,C2 uniform512
row0_col2,301,0.073486328125,C2 uniform512
row1_col0,331,0.080810546875,C2 uniform512
row1_col1,350,0.08544921875,C2 uniform512
row1_col2,344,0.083984375,C2 uniform512
row2_col0,326,0.07958984375,C2 uniform512
row2_col1,316,0.0771484375,C2 uniform512
row2_col2,332,0.0810546875,C2 uniform512
padding_center,23,0.005615234375,D2 coreset512
row0_col0,232,0.056640625,D2 coreset512
row0_col1,429,0.104736328125,D2 coreset512
row0_col2,254,0.06201171875,D2 coreset512
row1_col0,686,0.16748046875,D2 coreset512
row1_col1,713,0.174072265625,D2 coreset512
row1_col2,771,0.188232421875,D2 coreset512
row2_col0,260,0.0634765625,D2 coreset512
row2_col1,410,0.10009765625,D2 coreset512
row2_col2,318,0.07763671875,D2 coreset512
