recipe,phase,seconds,peak_rss_bytes,projection_sha256,charged_cached_extraction_seconds
D1 coreset256,backbone_load,0.89014545900136,520749056,,
D1 coreset256,projection,22.412601209001878,713457664,6e1101a4c90b4c4bdf64beeaa4e1e8a57974977b33954e6af54e442428ebe49f,0.0
D1 coreset256,selection,18.36346883299848,1046478848,,
D1 coreset256,reextraction,21.855682291999983,1046478848,,
D1 coreset256,preparation_diagnostics,1.200852665999264,1046478848,,
D1 coreset256,calibration,53.03366825000194,1046478848,,
D2 coreset512,backbone_load,0.9111963329996797,522993664,,
D2 coreset512,projection,0.7263614589974168,533807104,6e1101a4c90b4c4bdf64beeaa4e1e8a57974977b33954e6af54e442428ebe49f,44.615899791999254
D2 coreset512,selection,72.51140716599912,2334834688,,
D2 coreset512,reextraction,43.17190579200178,2334834688,,
D2 coreset512,preparation_diagnostics,1.26073845800056,2334834688,,
D2 coreset512,calibration,198.34544299999834,2334834688,,
