defect_type,sample_count,detected_count,missed_count,recall,mask_area_fraction_min,mask_area_fraction_max,median_image_anomaly_score,median_score_minus_threshold,median_pixel_ap,peak_inside_mask_rate,overlap_rate,recipe,median_source_pixel_ap
bent,15,12,3.0,0.8,0.0009918212890625,0.0037384033203125,2.7155063152313232,0.3154361248016357,0.2107536126629265,0.4666666666666666,1.0,Run1 direct256,
melt,54,19,35.0,0.3518518518518518,0.00079345703125,0.0187225341796875,2.35625422000885,-0.0438159704208374,0.0174114013894972,0.1111111111111111,0.6666666666666666,Run1 direct256,
missing,20,14,6.0,0.6999999999999998,0.0011138916015625,0.127227783203125,3.107751846313477,0.707681655883789,0.939275213104696,0.65,0.9,Run1 direct256,
scratch,21,3,18.0,0.1428571428571428,0.00140380859375,0.0495758056640625,2.3366260528564453,-0.0634441375732421,0.0159817850578922,0.1904761904761904,0.9047619047619048,Run1 direct256,
bent,15,15,,1.0,,,,,0.2425177697806105,,,C1 uniform256,0.2203176349901436
melt,54,25,,0.4629629629629629,,,,,0.0473197404316754,,,C1 uniform256,0.0457352688282765
missing,20,16,,0.8,,,,,0.9635041106479768,,,C1 uniform256,0.9636640235964764
scratch,21,11,,0.5238095238095238,,,,,0.0406610296904361,,,C1 uniform256,0.0370704424195903
bent,15,14,,0.9333333333333332,,,,,0.3711399796607431,,,C2 uniform512,0.3754236635976601
melt,54,35,,0.6481481481481481,,,,,0.3382963201548552,,,C2 uniform512,0.3209902624310161
missing,20,16,,0.8,,,,,0.8794370635883184,,,C2 uniform512,0.873571396144023
scratch,21,13,,0.6190476190476191,,,,,0.1687540598935168,,,C2 uniform512,0.1708504444550607
bent,15,15,,1.0,,,,,0.2811278222755631,,,D1 coreset256,0.2803958330497954
melt,54,47,,0.8703703703703703,,,,,0.398902153206259,,,D1 coreset256,0.3889047182206085
missing,20,19,,0.95,,,,,0.9696654787430372,,,D1 coreset256,0.969398404010573
scratch,21,18,,0.8571428571428571,,,,,0.2195689919061046,,,D1 coreset256,0.214295927016912
bent,15,15,,1.0,,,,,0.3876840213143017,,,D2 coreset512,0.3746328836168154
melt,54,52,,0.9629629629629628,,,,,0.5875541077366477,,,D2 coreset512,0.5897873714098767
missing,20,17,,0.85,,,,,0.9461090818251434,,,D2 coreset512,0.9441693373130822
scratch,21,21,,1.0,,,,,0.4308712985925673,,,D2 coreset512,0.4145343915196352
