source_image_id,references
1398a14ef7fc9ad146f80638,0
a2da421c00740b670bd14bee,3
a2e7834787baf26ee424c739,5
72b360ece29c2500d5726a30,3
0d71665cc32e00cbf316979e,6
cc828a68ca0395b4acfbcc94,1
b6eaf5e811a0be7062ed1bb3,7
a108220fc21cc09e9e4400ef,3
24af453e607e44b054917896,4
4a3299ef726167046df92253,1
ca1191675acfe9ec5285967b,4
077aa432a213e8c3b3f6523a,3
5335429b96f92c225a06686c,2
290e1ce1fae9fbe3b937384c,3
8d4d5e9c6f62a7f7f0b95cb7,6
9ce76d5db5c11961db1ca677,2
f4edc4be6ad1d9afc66e3637,1
48ce223cf3f0cef91d4f9d9c,3
53fb6371aca16bd9381723b1,3
50686f2742e029d8a5849b18,5
27a3e701575d464723171cfc,6
883516beb4b2df8a83debd55,4
aa559f98e5ee1a0c7cc457cf,3
2a8e2d654846ae67277a627f,9
173abf95d04f926226332be8,3
2f242eafe4e64dd1538bc0df,2
6ac91469a3c514313640a2f3,3
840c73cbd5ab6bc1059f1408,2
8beb03d8a5bb47d4e9a2581d,11
52572823a115b1268cfb144d,3
ebe3ff0005b73eeff00e86a2,2
d81b3f05cb672cfc776b9aa0,2
b2a130710318388be2620233,1
881f100f483a5ad2641f7dd5,2
2943c088e8878c50a249592d,5
b87cc3cd7848f16bb59b3b5f,1
a7fd04dc104dc13f285e6901,2
cd5f1e1ce722bde05617cea3,0
2621e0e5fef600ad180b0661,3
d60c6fc93e9eed8f0286cc7b,3
17ee0869be7e617b235e6587,3
cbcb40349280f379f97f72d4,2
d140f47bc847b703c1b20aec,12
ab203b05744a96fec97462f3,3
62e720c2614a5a925bc7244b,3
08ad318603104514ade6d68b,2
b87c381e4a842e0b20bf5138,1
70167206a708a11cfa66d657,7
f25970dc2c335751b35e4cfc,0
ec3ea75e7104e017e03f4921,3
c8bcbc95e371b76bfc0ccf6a,0
a11b9324536c4c87684694eb,3
7d6e953eea6aeb102463c263,1
d1458cc139bf5041872709d8,8
6d76d8f8a00db7e46f92f530,4
40471d6b4d3d450e63bc3466,7
b413a5bd5eafd552edba7fdd,5
7381cb78aaec6db422f04d3f,4
4fc95a77b6b1e2f554f692f3,1
cb14ed724416e3ae9c8de0f8,1
644451a428137460b23f1c3a,1
e584dcc4ff24f5258a7a5537,3
389705dbbfe69bc29265ddd8,4
db58b895d25ece9db831dde2,5
af9f5bd76806962693118d19,2
795479733aefc40b934277a4,3
a5e44a049f152deb435edd40,10
25b175f8a0414b88adf3bbf2,9
168615ffdb851430b5e9e799,2
9993d74e02e8a5dd35aaa9d4,1
fd8fe61532624c2989845031,2
fe93b73ddd86f0b267f37da8,6
c51f2c5c0ba8d30ffdf961eb,2
21bf7996c01f5174b83a7bf0,0
7362ade95f32642a9f44c44a,10
766454c47ae7c9d62021ae41,3
fbfdec218cbf0635738d2c12,2
c45bca2ff1189b57883f62b3,1
f228eee20ee0df690a4e51b6,6
99a260d84ec3760c5165b1f1,6
d04aeafeb9e728e609fa7a9e,2
587b74bfc019c7be94717f25,12
d97ecfbcd8824d84ea5eae90,3
c9fce8b47dde33b4fc8fb311,5
77a85f3771060390b13f8469,4
e1c9abec502219412e89243a,8
5477e1d816f3af5d3adf2b48,5
bafa334c6c43147b890e28ed,4
9e5249a3b4a0aeea24774e82,1
b707c1eb67ac9b8893cde411,1
cee542fc544d914ecb84340b,5
e4622a2495fee2989741879a,3
e8ddd34887fc884dcb436a60,2
bf67a8c3d85ddf53723e2a60,7
71724a3bf8b9be3deb5292f6,7
e8aecbbad790f36193dfc2a6,4
7193a011383f62c1ab378a8f,5
27e6733bbab4a1b0477f8b26,15
76884f70ebe18c8dbf09d6a5,4
f7464ed5a8656ac375a0fb2d,5
813b908ddf7d0066a8a11ef6,6
1bd5ba6fc69d7720973528ca,2
5016a1680615b7fc52e8b7da,0
0f0e951d310459324ed1146f,9
64082b571f8f93ab5240a042,0
482fefcd016bb88b2f86f80f,9
35015470ada828bd02e3e08b,2
71091e47820a3c9f89438620,5
2c26a77005e1ed9b640e64e2,11
72516b14bd4f8c49162a07e5,4
df25d625c991e5e7eb0f6dc4,3
f36ce6afecf1a683931bba6d,2
89b989a81f1da592d59cc87b,19
7ca059b6fa1e54dd4a7dcf3f,5
7c41685bf488a58de2fe104b,26
b732c57615def8f4ab818c3f,1
7f3d7c6e6a7b6f584a7abbea,7
630be0f098a5ec263bec1d35,11
acce3e29a49a891a750d40b5,5
e14263e312b5e2338aece9d3,2
ab197e4aa67cc9e3f881cab1,1
49300051975ddaf699eca8d9,3
229f325dcd93d8f5586d69ba,2
74dba489b837409bdc9002e2,9
f5fa9934c3d9553bf163df86,7
36e8db94416d301d8eae06b8,3
b6168c3c6bcd1bd66bea8569,3
7d21f597b4b4043eb6e57f0e,5
d0c5e59f51c09ba4242151ff,1
1aa0d91925dd72251d174919,1
2f583ef3203d5ac90b59a547,6
334d09cec1e33736f5ceeeae,11
ae10765eee319809f6e8d9ae,6
e30051d3d8fd995844562e4d,4
d2039782b7096a17e967307e,5
970a0e63436f260f3c624f80,3
9cc1a3ed2a8e6c5e9def5c8e,6
83ce9a3b86c3675c94925a4e,8
15d9508324337b875670f947,2
1e5e68e0329b0ca73274b4b5,9
36eb7440912b14f82d4f0a68,11
f7f29bc516d8bf1032c86519,6
b4219175d4f101deb62b1e1b,2
6d36a77190afe991bdd3beaf,6
b951568d88267986c2ddff82,3
eb71064c90774c5dc6ff8f78,3
f494610fdaf77ce6cbdfb0d3,7
6aacc3e88c7b1fee9f8c4019,6
009cd3639a67c3e8ac9da12b,7
1b4035df675fd972579d4c16,1
ce80ae72436d84596ffaa522,7
dd2f8e22a40ca28b716d3418,2
2d4ee384e99cbef3dd97b9df,3
63f23e2fc4a87e66536e23d3,4
e5c18f32ffcf933947d02a58,9
ee66320bf7eb01a991a1e561,5
b7efa09397f24e9b80cb6758,5
a93f8f679f4821573346dd3a,3
60611d165a78aab7eb01b780,2
558c1de5d92b5f300ff8d7a4,8
83203b6a93dc2b164a5d9ce8,3
6257a4d8f1cbc9c83fba2d60,3
21a65ebf59d2ba6f5a645963,4
43ee58770e40e876f08e8074,8
8ddb86f33af46de74f6cb3c0,2
0995d605d7742fc0e60c12be,3
b540e2337d1ee579831d1275,2
a0f12f3555715d52a9a54e99,4
7ab749d4fd062c3c49f0ba2a,6
75e6d970a10dafc3054e0571,4
88c4bf09a5d57231f89b045c,8
b1e12102411c176bd5c55672,3
1f4ef5622d6a1f36e4aa5bbe,7
d3087ca15c39ea0c8f15bf17,4
dd4ad461de197a243a121525,8
88a7da897ac6bcbf16c8e69d,4
e3e937e4c7206cd43037de93,5
9dc7738247217dd257b2b574,11
baa55f7c3696feb74db32bba,8
9e7c13f8064b9fc62fe964d6,6
805980f7faa8c08b50072995,1
04b10b19c991ff0f07deda16,3
5c1bf30bc1a4f784d36c8062,5
fb5a9755e142923997483e54,2
7fa802d5b3d7b7590197ff36,3
b7e0bb24f27963017f1a9f09,1
9e3ff6a52f10ae8e139d3c38,3
13d984a7b264eb7393bb4bbb,4
6a57e03e1905b5c4210bc584,4
aefb29f0a27380abd8a7072a,7
b1a39c8c93fe4d79d6ff8d44,2
8ea3847f318908af74ca363c,3
819331f44b9bfe36ff4bf476,2
75eaffb01baa039eb6d5f71b,1
1521c7bdee93d552208d03d3,6
3d9a63ef1fa66bf91e525440,2
5d0f2dad7d48724f02a696a2,2
8d754e60af04c510870195a0,1
daca2d861b6d4fd1ea336571,5
87fbd4752229b1af092fadbf,3
ef9e40f88efa54ae539304c5,6
7c3fa4f3ec7844bba589fc1b,0
2d8cb21136a9201405edf1b5,4
b5272bd6ecfc66e59e34ad6f,3
c7d7069e6440bce13d75f421,5
1240ac28d17f51ba5c00837b,1
af05ccec25502117ca3f9a04,4
a9be01d87459f30144024b64,3
f08c47f4332a0ca4a5ddd327,5
5a18d7e0e87db7400eaa225c,1
c0d503761e44e89054546681,3
9b6ce10b25e555cba4aba46a,1
f393274be3847e33f5ac073b,3
8ac236c9482943a0fd765323,10
1f2456bc9a154f9512de9b64,1
32f11b88ebf1c0d458dad8d3,5
1ecac2e7140d516b873b5746,3
327de82fac55468d2d3a7dd7,0
b984b329871f0e84f5fd4de2,3
06a2536925aca2673e4f022e,4
2b4b6352c349b3d52ed92754,9
97a12b10cd4059a0d96d7b1c,4
0336057f9171642b8e58ca9b,0
5f82d1a18d37b5b71f0e3e13,1
e5ea460098f78f89058a7af5,4
b7567bf06817bd7baf211db1,5
b7e5c36b0fcc32f8da70f625,4
5c2fb8f176203529b320c33d,2
1c3b47236e79243b77075512,6
4f2e92e1b80cd39c3cba6440,11
450e892105e6d6a38e7e129c,2
38e660db89e34c52bdd410d7,4
6e2433682189e3d2ce556573,0
a9d0ff3cc6fb5dab5212ac12,9
21eca792f54b686012c5c7ae,4
a295a8c6aa450d3d4f552f13,1
b84c63039a63bf730ebdebb1,4
12ba5a50e7241c96aa552c05,0
2d869e49280e98d4f624cdc6,4
9950038ac10495ac90e01fd8,2
eec0fc6ef0bb51e01c77b789,2
cd0de5b2186c92b842b4814a,6
da9443ca80beecb493467926,8
329683efc579c51b53f71da8,7
537b9f873acf48eb2022de16,7
2fb5196803f6c730af314161,6
b36b70847afb10b7d1772c50,3
5f54a832376b920cdc467195,11
802a5413ddda0015be13fdaa,0
e76382313fb64f5a0099633f,2
a5544cf8c3f4495df7d798ea,7
f8040df5a0c034645db9d18b,8
dfbe513d6531461f0ef29a6a,2
f7078c0d837ef2e368882049,1
874774544d8697c2062abaed,5
c1ff20ff899dc91318e1d07f,2
fa0627dfc5562d2d1ffb7450,8
f8d5bac9c8363fd36181c874,6
85585001e772ec3cedc01ff3,6
3c063837833ad63bde2626f8,3
7b748b5aa4e5e5bc0cc83a80,4
7c0723e796cc05b0a21cce5f,6
de9b5b17edfdfe734011cfa4,6
d541e836f6ba68faa6688c9d,2
ea6c797466588fd922c5de39,2
7aa55770f9e1abd445c97c6d,3
12def0a47aa043439d178972,14
9b0c2d44438a3efb3600736a,2
b15ae60e68dff16aade2e419,3
605944fd8272a0a3f3c61ab4,6
8d1384cdea9081ff9ee66728,6
825a1b23f7b0d75436750d93,12
8bfa9eda7753f68919d5f5b2,2
7c82c52bae96e3de9eb55c46,5
0b623855dc284fbf3963690c,3
802b8776e6e8022705bfa739,7
f882a0ca74adfbbded05504a,12
b8c1aa202c435cfafd7ff1ed,5
02942ca02fdcb799d7cb7726,8
52ed4da2285d211f61ff5e8e,2
8daccd55625a20f9d7bcd504,1
c743bb2801fc5b5e45261132,2
d03b423ac174ea78bf4a6637,6
79b469d527171ee55c5adc04,5
94840b6b6d3b3942dc01dd23,3
81f7959be88c5f860c5fc715,9
50086bd6ca8500ae698af9ac,2
2e3c583d219c937858797cbc,8
c2d577dad4e3bb69b38f6b0d,2
e198308262ce13324faec9fd,3
5f34a712a16e40dddf28b3ba,0
e2d24e5a47106bd7023a7d65,11
aca91e96d9d3f5996c509b6c,7
51dbbd7c11fe090443b43b07,3
e07a60e9493523db2330e39e,3
e98f1317607860c501b2cee1,3
6d1104b9ed5d737c509d9e3c,5
fa425b55ae4649a7440cdfd7,10
e18500f9d7040f601d0fb801,2
76697c1a28dd3ef624fb0471,4
fcd7e06c004f4422abd74900,1
7490ef8c3e3d243f5abc226b,1
3ffaebc342f5f383bf88b1ed,2
a20f73f6def040c457130121,1
0d9ba0bed26dc6d0fa606188,3
71b008a0a7521ff27fd58de8,7
cfe68510ca15cd1473d0ef71,6
ef59d1cbf4b57d08ba6bcb44,4
989a37c8050457fbad77b5fc,3
571ee3662d24063a85881fe9,10
989ae53a83cf97dc6d08dbe9,2
2ac609b41ab210f3c4173256,0
105a0d805d335f73991581b8,2
c334dd8d45005b5a85e577b3,6
e366b8893ee234784cfdf96a,13
18b34aa0fc8c8af8138154fe,5
e926571edbf8ab4ef6827bb2,9
f5cda31a858d786125df8e22,2
c2b2f0fd9e97490a1ce9143a,6
829fa0ee35fbd7c1c841a103,5
b68be114738359817943c9b2,3
e7c724e78fb9d4020c4926bf,2
084113d51f52939d74d2a4fd,3
37365c15acdfe8cb778d226d,3
4a2e77ff95f9a40d8e136e34,4
a252f276c55b21904fb18cca,8
7b4cc3d763377e93f41b6962,2
e0669a80e191364577047486,1
e5f9395628709ae9079eeba0,5
347841146c8588b3b0ef8cd2,10
f22091c6ec1059e3844fce4e,1
e011d89cc836ba1aa1bc02a9,4
13b0152a68a53d6271f1d621,8
7caf0646c5e1a5cc3ec3968d,6
1b4772939ca9ecd9e08d219a,3
4d5c5a4af0d0418475b08f37,3
2c3f234377604e8dcb2d2a73,3
d966074aac618fed4e291ae3,2
69ce82acc0f6112757b0f61b,6
8406bcde35f072bc956e4b05,5
aeb6f3350dd903eec76c1d2f,1
178406615aaeb3e456e1b3cc,6
fb0fc8380eda2b3a475c35eb,6
4f1c77f5d121ab64501fbab2,7
0e73d5b73d8a048c26edff31,2
f2a63220b9188d0728d33d45,3
8deef7cbf795dc5034389593,2
e10a5a39c537eaf14c46b2be,4
896ecacb2e63e157dc4e35d7,0
bacd8d5cf67fb7f5bb3c16e1,4
6dc9bf8ff05d6f7df0e30315,8
4d84e8bbae7d2af42353df02,7
1219cb310706faa103ce419b,2
d80aa3f118aa9582d473ba58,0
53f85fa89c59271d3ffb3641,7
64e11d7683e404d870ca400b,4
462b47fa3de976e72a9b5115,4
b9fd7826307ce6bb94f27b18,2
7d4e47ad65dc99387ba61cb2,4
0f6e303814c6beca4197c87d,0
84660a36fd2a77d5af219fa3,4
cb497568001f41f6f930efc3,0
dbf24df1fbf05890f62cb775,1
7d00ebc629cbbfbb3f3acc64,1
03b92d95da6694e6f43e0193,8
412b2253f0288e6f5518fc42,2
98b721a6ed7b9a91ce5e0586,7
77552d606fc63001f442e848,1
e940fcfae63e53b190a0bb8e,2
e57d11f09a8ab09cbe266496,3
ccce9e18afa29af9ea350c68,1
d78a35ec684695d072d6b211,10
07b130ea95144215cd673c8b,3
1da49d03909cfa1ff4462960,3
525e253a65f0af92629166a4,5
ba40733dea98fd31eaa0e5fe,2
8f1c99d05825e89d71c9284b,5
76906f430110ea676ee84663,5
22ab2c684f502bb67ac25bda,4
296bf32bda705a8c9ebd047c,2
58941e2ed5798562410c5326,4
69c3ab131f3d9924a0893b68,6
1fae9ba9c99bf430c1e582d7,5
2a108eb667fa6df333f44d0c,3
fc56ae52e06ade318ea4d493,2
089cd2957b9c09ed7b50aa5e,0
a737d81a01b3a431788a0073,4
84f95a6d6caa9fedd81a91ce,7
919217adf38792df31c575b3,0
966b649722faf3cd9026b729,2
23a5cec8b53655a008a5043b,3
414d9b02f6f9676c4dd52a63,4
8595161ed5c1f96662a7e12e,8
6742c58532e99b3cdf0d09cc,4
83857231f379f6809fc9639f,5
bdf54f12fbf3d79a93435aa3,0
e764a382e06a2d9870d6385d,4
837b596140a1742b25c45e12,4
e235136cfdcae670bc7ef694,6
f1b1a21a9d97d3eb8ef2a36a,6
05ca24cc6157d09d27f43cc5,3
4edadd04331e7debbee7dbc0,3
01b9e97e851cf4e057950e28,2
46e52c7cd794f51a462fb9f6,2
45b11473d4f5f125115c882f,7
84a3e62ce078286ce2c7c91e,6
06a76bf899fbda6d8aa83969,7
fa058e2ffd62b94a6405ac61,5
985af2bec00e007d5a2584c9,2
d03761371d8aa9c1e3445f8d,1
cca4df1af11b6f70d6b2fea3,5
819d5eb6d1fc6bee06f079d2,6
adea380903a21f32cbcdb240,7
8e016ce8a91e1722991e0302,5
bcf903efa792910c09f1c106,3
0acf69b3484e7f24b68c1255,6
d8ff8af48bd325dbbb696129,5
a8bb3126ece458be91eaa829,8
ee23df9242f129c4a8e65a88,1
026bf89f372e56e84406ddb9,4
c0a7a3a62c3795f511c0eafd,10
6137c5eb29c83e0295cb116d,1
e858091360537aba1a4ec74e,4
31e8cac167e6b2b2b11352b3,7
7140572419651ba542cd1fdf,0
f5b415202f9796d16305892d,3
a037fe56d4697f5f86f87b22,2
c192edd74fe8165b22e50c5a,6
0aef4825947bf8ad603e523a,3
91b902f7a2f5112ece6e0093,4
78b30cfbd744741692ca9e79,3
15b75700160ecc173a4d52a1,7
a0da085ada2e7121eea570e2,1
bcd30516eaad32359ff58603,1
68156206f643fb334d0eae7f,12
7fc04af711a80e358348051d,6
d20cb62a0da43f7b5a35995c,3
558b808638166f54dfdd8633,3
a54c971a682d36aeda7976b7,4
5dcfc0e65ab4ebc09fc86fbe,10
522e7bdad7dff218da16d20c,1
36a1385eef8168000ac9d2ff,3
6cdb89370c1447e2daa1d31d,3
025ca213a8b93a50670ce0b0,2
beb1e4bf2c0ec18579f745bf,1
f350543d4e926bfe063bea83,2
8edb3f5616a73b2e02e42c87,4
efab8b57a05312e6e2d6ff9c,7
c3cb302619dac53bc3e9a2b8,13
220c8ee1c69449f9af0ae7f1,22
439720347b525b459d2cd2a2,9
cdd3402e4d0aa4a5fbc61954,6
f06dd4b0ff466537119cc2af,12
7a0f74886ddf2564aac2dcae,13
f4ac4da33960d6b1e1780732,11
f811b6561edd9f797ff5e802,15
55697275b8b27562c9eb1a4c,12
ef419c8f615496747f6510c0,3
621fde1bd00dce28d45409a7,7
7b4398b5f7d90eaafd6f9de7,12
c7f35be6760fdb85307e2d49,8
77f12352984de874b6cd5378,5
1d12ec902c3113b35c317ef8,21
5b0c8102bd3a2a571e7c2c76,0
73937759020f473dae5c179a,7
29967e147eb9c7a768964adf,23
4232070a33fbc4fa24180e8d,16
246ad0c43ef94471a87d00f3,10
516089d2e2e2c9755fbd5142,17
7361af587e04e93382fe2d91,7
0493c50e4f0350b831275383,20
08e2b3b386fb9b49a55d363c,8
7b57de0d35adaa2f8254baa8,7
0d760570a7d92d299c04d427,9
8ce9e51dbad44f0e4107d965,12
9ac9ebb9578650063235ec30,10
cbe7415bc3817302e0c76f2d,13
49f213bf9b926dc2b4b2d138,9
113ae33369eea4ce7f0b6955,14
f93c3ed6d29f639d27608bfa,6
af227d5d2da548642af3d8e8,9
bc5170b2dbd4e825a4bfa3ef,15
af3de41611057662e83c573b,11
17686a11fc83b9f929d8d85e,15
152a6af5fd08ee8687052c5c,9
2b2d0a01139cb06591c16929,5
df2dd66a2f9f4acffc6fdb65,15
fae0767fbbc62b038bf2e8d7,10
94b7f239fa8a30f58007d290,7
d8aec49d4eabf940e94e99b9,19
5749ca6a1c4e4e10cf0ec75d,10
d6dbdc0bd6330963f936dfc9,14
5ab20c40b2d117b504740ca4,14
5addf17fbe747cbcb767afaf,6
53e9a502e46a7b9e168d9115,8
61f217f44bf2fb9b5077b9b6,15
f5b4ddaa2084fc1c86822eb6,5
df64943a259e759b69c57f25,10
1159f92ec9c55b3c4702769b,7
7e205d3f86dfa2c6e030bdfc,11
91decb18deafedf261951d4d,13
43a8d937bdc326d6174ea535,10
80f88014c0d14ab592726fe3,9
0e2145f7a61e9d7634649dca,7
8bb55828650e42ce1359edc9,4
f4df64b5ff783c747eb82df3,11
8e28fe67259d0c825fe1bd0b,5
f90b9ab0071176524a75e54f,15
faf3e3da73ae229e7fc9da66,8
eb0351acb0beefb86ab98462,4
84260c9ea667e4b1cdc99d6e,18
df913345c4c2be5eeed41459,18
6393cda3292692bfb1ba6fc7,3
e8abeda485644b2b7acbf9f4,13
5d258a6d34f1b116ab308ce4,21
cb1ccdc8b44488333fc76f45,3
7ed463394b5acb61e1574507,17
0227fa273d0d8c8f6714e23b,6
dc0b4ccd38f08660aa595e39,14
e74d21355c7851af07172a36,7
830ee1acd4627b4aa99fcc61,13
8213a75d6bb493befa13560d,8
e6a42e7bbe1942d90ee3b93f,10
7e48cd1658e4af2a0a4efc9b,5
a4df32cda65d6caec503e150,11
b082c61b6f6397804ebe9514,13
abac48c206f4f9db98c1c8cf,22
e2b45792dfc5b8bb9ef98bca,4
37c49f476ea9c80e5566cd34,10
736df5902e9879b38b3b9634,16
eedf98ccb5a364857973747a,10
e3ecaf99c788239f18c8a991,9
17ff7079be9b18b062834cfc,10
e47bf05116ca1e4921049cf3,19
57d3f410b6fcba2a57bda29d,14
31f176914f7ef2559f447dab,10
b7cc7826ac85ae8215b61101,11
25243d794ab291df05447bc6,7
51a10a40effe2814ad9fdc08,12
e1bd21e34648fdeb39895cd0,11
71189113f916283b21e2571b,11
edb01c151c563bb82cc5df9d,10
442850a2087d62c7e9453fcd,35
b412565dd5f18a8e4ce8533b,7
d81cb231e10288659e7909e8,20
27299ddb09d845cec194fcb0,11
61b5465c722b8b833ec48621,8
c685b4a491f88fc79b166eaa,8
326ec13f01a3ce47feae7840,11
feae8edd69230ba2d038a705,6
1882c154e2fd7debcc259ddf,8
0ec02acd088fff4c4bbe590f,5
cdff67add7326ebbbabf8a48,20
163f27e0d1466030dadaebb8,5
ce1b06db295c8aa47115048c,3
d25a12404a5aa914a7906fd6,6
5676e48fb1caa42ecdd07480,14
0b5210b7f75c32ce0315b40b,7
9183cf46ec95f7416fc2cadd,12
8430cec5bf6a0ee7d4c4b34e,9
2608d95da3b3a020babab4a4,8
677cd183b987906faf2e530c,7
79609d9f8ec519016767e49f,10
eebb80b7602a9bc51384c3b3,10
78a32a3097554d80ef1bac9c,9
fd91ca2d579cd9fb68161c3b,3
a3e72a337b3e2ae08d3ba9ff,4
9a1ad63dc381c61153abcebd,13
45bfb62d2b8a12a9724eb563,18
9fbe77467132d5c93ee01128,16
7413f29906bbedeb019fea89,11
c977bea10bf03c99460cec13,22
feca696a5660a740402e9811,5
37faa40414dba1a334ec7ebb,9
47ecb67f20914fe9324d2108,11
87a418aeb28937346e884495,19
a17fa7ec81831aabb30abf4e,10
583fd37185c66e5b35d4ad0d,10
fe666fef2b8871f5528589d3,13
2eebabfc2544e47701bed697,2
d8e33de8429b55ebb8877642,21
87721955af6f57a012d16d47,22
068d42fadee7759ebbad25c7,19
bdd69774207d2ddbd41a3849,10
d38497f6cb09922f8f3dcf04,6
7e43c32828df193edc42ddff,4
e23c7263422caa21794c6b96,7
cbbfcf781cf2e6b2a448637f,22
4353ce725c8d749885d3c4b7,21
02b8d585b96bf351d6297716,18
e13e69b4c17cd750194fa4bb,5
37007bcf2d5f43196d17bd6c,19
07487879b83ab8bf265d8c1f,17
63727db752b5ff12377d012c,9
28b53dd19c8f65de13e95cab,14
4b2934de204003644e1cf7cc,16
7d13fb8e53e7ca10995faafd,6
7febf4fe97b272661ab00643,3
9eb7c57cc60b7fe25deb2951,9
588a545ebe33f98614ef2c62,4
57c1f270dff8706bef20031f,3
af9d0070e54aed81fc79e4ef,4
55d9a5ec969dbb3e47e1a2cb,2
e9b79f16d364e3a2fa877ce7,7
6130e546ed79e4d9fee7cb83,6
c71b7281815add7bc72e0af6,6
9c158d10db0dc6399c33ba8d,2
7eb05126c9c43d9121df3acb,3
a184ab3d7b4df361792c7188,0
3ecdc9847f50f75edffcb18b,0
ba9db5a3245e9a9afea5743b,4
6e40a5c5b295ccc3dce76395,1
25186f0fe5a6a8eb590010cb,1
51c32ff783d3d94292851b8f,4
a4a1ff5a510d9f0f6ff44d92,3
c8ee69c5118846a9c6b2bd2e,2
b63e42826d3c50ac6f3ed58b,1
5b1f5c81c875f06122031a4b,4
129602615670ca169c5d2adf,6
de19dbe16ab3f3ee599806c3,2
8bf8afec70e5fbe4d7956c1a,2
eaebcbae772a8146aa9919c7,0
b672bab83cdd2e2fd3e3b92b,13
d51f5564f4e76c5f59463abb,12
2f3e9ad50350b43cdcf05159,14
9f327dfc03f3e723c3265429,2
a96e8fbb128dc3f4ea56a755,11
ca518dedba290221845d80f3,2
7195fe8d91f57cee82a76acd,0
7d6050d5579cb6deb88d8cf8,4
05f41bd57337a78242d25d3e,5
78320b73d7e5345b4fe8afe9,3
d0b31ef595869ea82b00c98a,4
0a002938726018c2f380fd7f,3
3f8c7ad9849e7d9320a48378,2
4b2633be99f67ebb463d227e,3
419d4372c4c0bfbddc5d5b65,3
54f228b2ef6b12f663053845,6
8a106526a24206c71ac97fc4,4
d76501c670a10ab364d9061e,2
2ee1148cf2bfb979a3c11be3,6
82da62713a0e4c22cbd7efd6,2
c530cb0c0e739b7c0af0415d,6
ee0789a261852bef9369707a,15
e529d504569d28a662f4d013,3
09b397b83ed83e6306d85ec0,3
a273599ec5e8931a631b6e7b,1
792cd13f9196dd3204ade0a9,4
3f0b56e3daead59ea51a5d24,6
227969fa61ff286c2e58e4b7,2
1f71908a38f1553f04f21601,7
dbf09619c576033279939c88,9
6c1df3cf7ff28325175c51f9,6
69e9731cb1bb99f66cbbadef,6
9cb4460b3d110d026116cef5,2
9a9832c17e186ccd3563cf20,1
d692f72fe45c727cb0757d5a,8
5ddeb64b3381d9f94e5481f0,1
187703c2aaaaa1fd86865fe2,5
0a3535e7cb0948b575c9ea8e,6
36bbd488b40fa9d32e6c7611,5
4d5d55e234be8f30903864ed,7
29885a385c0c3cb416f20ecb,7
f6a612467fd1531566860d2f,6
a068182310908092bce2685c,5
adaa8ed3d22e57fc4d08fec5,1
35218b9430d5988bdbd5cbcd,4
af97ad278b11dd6829adda17,2
5f992fdd05552118b4d67202,8
f1ca105fe73c64e1d617894e,7
e05c476bdaaa88a4e12af225,3
c06d3ceaf63e1591e4fb4494,1
932274c0ff4cbf8cb7b96e8d,6
3bfdd25cbb71671f75e39ff5,4
7518c6376e2146766b15e23d,5
26b9524860e2f239e66cf060,2
b03b20f2cfe9c76ed5856a60,3
cefaf5a44ecfd5ed51bd547c,7
2ee12c1915309e3c1ad2d6ae,2
f4ea954c51ce0e258f3d741b,0
9d07c1fef6d1259f6fa6a262,3
0aefb854b741b33901ea1e52,4
1003aab33f20bcdbe2120a89,4
3298125517c7a54235ced2e8,2
e9bb5bb030daf0c555014200,7
8add5feca183d695007a94e7,9
16d0765a08e3d244f634276d,4
3610a7a8fae8831f175ef8a6,5
1259266d27a1502f5814f674,2
745e27be1c9edae1c661541a,6
d1b696acc3c7aa007b3f1439,4
a4bdf949c50c736ff2fd1e3a,0
7731cbaac561ffb2001abafb,6
e9a770d135ddbd041172d1f8,4
b4f48cd35aae2aa6542c0767,4
62d6d7251de0b9863368086e,7
069b4f28705cc7284f44ae3b,4
1e20d9fe7440f3007d646560,3
94aacc4991ca8c49186c4c97,2
3c6223fad65553c89976049b,6
9dd6c00d22421262fb390d57,3
ff622b143161a670803d7cbf,0
f92f442ca28c1794b5281ba1,4
92aabc20a6f4499561293f2f,4
aaa015ca6a44f303044cb7bf,5
d73bb5badea2954e76301142,3
603fbff3664fb22ba76787fc,5
6310504d1bce92bd2609676d,0
4e68548ea0608614aa35b760,4
81558ebcaaea05566ec9d393,1
922064a26912754f70ed0696,8
fede9202cd41f9fef004cc9a,7
8d10243544cfbd17a41b803a,5
21db2b7a45a0e29417a469f0,5
8e91dc5ebf61a30260770c9c,5
6aaaaa257e4ef2c72c304bae,3
488bd0832b3372d266269e18,2
fe6f136289ff3cf96e9fa7fa,4
b775ec910e16d493500239f2,4
0facbe7f29d190dabe109d9e,4
3b48ef0496b9e19ef057c3dd,5
46a12f7a348173b31e79d614,5
b612bc23f04a82e4e9573610,4
