size,query_set,pose_label,outcome_group,n_images,median_distance,median_displacement,median_cross_location_fraction
256,context_ring,canonical,M1 both miss,6,1.4213474690914154,0.0025462460778205003,0.0
256,context_ring,canonical,M2 D2 rescue,1,1.4043496251106262,0.00244512621908815,0.0
256,context_ring,canonical,M3 both hit,5,1.547261655330658,0.0054337710765053,0.006249999999999978
256,context_ring,reversed_180,M3 both hit,4,2.0155133605003357,0.07421241517624293,0.44537037037037036
256,context_ring,uncertain,M3 both hit,3,1.6462095975875854,0.04436419725442685,0.2727272727272727
256,defect_overlap,canonical,M1 both miss,6,1.4719322621822357,0.008991079436136,0.0
256,defect_overlap,canonical,M2 D2 rescue,1,1.4540332555770874,0.0026071204147323,0.0
256,defect_overlap,canonical,M3 both hit,5,1.8191627264022827,0.0227766070479055,0.002777777777777768
256,defect_overlap,reversed_180,M3 both hit,4,2.3227802515029907,0.09071556034112692,0.4438069216757741
256,defect_overlap,uncertain,M3 both hit,3,1.646190345287323,0.1105863266719487,0.5206896551724138
512,context_ring,canonical,M1 both miss,6,1.7590900361537933,0.018612854348183126,0.025174825174825166
512,context_ring,canonical,M2 D2 rescue,1,1.8776164054870605,0.015218978605097501,0.025000000000000022
512,context_ring,canonical,M3 both hit,5,1.9082727432250977,0.0151161645428141,0.08461538461538465
512,context_ring,reversed_180,M3 both hit,4,2.196652829647064,0.1364414823629732,0.5630000000000001
512,context_ring,uncertain,M3 both hit,3,1.7333149909973145,0.09958000535903119,0.48064516129032253
512,defect_overlap,canonical,M1 both miss,6,1.9025667309761047,0.025280918404700176,0.09191919191919196
512,defect_overlap,canonical,M2 D2 rescue,1,2.0220075845718384,0.01750960695190305,0.10540540540540544
512,defect_overlap,canonical,M3 both hit,5,2.267897129058838,0.0311108419395889,0.26
512,defect_overlap,reversed_180,M3 both hit,4,2.4635252356529236,0.1672903703492705,0.6166882612075668
512,defect_overlap,uncertain,M3 both hit,3,1.7064598202705383,0.1326555343662485,0.5681818181818181
