image_id,size,source_labels,source_mask_pixels,centroid_x,centroid_y,bbox_x0,bbox_y0,bbox_x1,bbox_y1,union_mask_multitype,overlap_queries,context_queries,annotation_outside_crop_fraction
0174183097ea8fa63bbe3153,256,"[""missing""]",28290,247.46525273948393,545.2644397313538,168,429,331,655,False,43,32,0.0
2744e38a1b628fcbf2067bd4,256,"[""missing""]",5128,691.6078393135725,277.9284321372855,656,198,727,360,False,12,23,0.0
2bea857039ef9c03907fb299,256,"[""missing""]",26320,265.2969604863222,525.4661854103343,166,440,370,606,False,33,28,0.0
31656a11b9780d9f8a2fa83f,256,"[""scratch"", ""missing""]",13575,685.1465930018417,369.1257458563536,565,334,1002,439,True,30,43,0.0
733208e2c25e1af5454d93f2,256,"[""missing""]",2328,506.03694158075604,511.62371134020617,484,457,532,580,False,7,17,0.0
76964f3ab9f7c03b08de6900,256,"[""missing""]",46827,527.6980374570227,530.408204668247,235,447,815,613,False,61,54,0.0
846cfdd3fbe431251239629c,256,"[""missing""]",53765,638.4121082488608,534.5499302520227,200,424,1155,650,False,72,61,0.0
86317f47cc684a4a33717793,256,"[""missing""]",1139,675.7225636523266,485.7884108867428,477,476,859,496,False,3,18,0.0
8a393ef07e4999ab89669d93,256,"[""missing""]",9217,666.1581859607247,523.9571444070739,483,394,853,648,False,32,48,0.0
9bd08200d5d939f4a498aae7,256,"[""missing""]",25509,722.4951585714846,524.8934493708103,620,440,821,610,False,36,28,0.0
a7e7261362d3ab9b5fa975d0,256,"[""missing""]",1672,839.0131578947369,427.9401913875598,809,381,870,451,False,4,14,0.0
b369595e56e69503f81e4901,256,"[""scratch"", ""missing""]",17525,650.678002853067,272.2984308131241,553,146,751,749,True,58,63,0.0
bfebbd19caf4dad38fd66eab,256,"[""missing""]",1288,709.6195652173913,653.9922360248447,540,622,885,688,False,6,24,0.0
d086b78f683af0d19bb68594,256,"[""missing""]",1209,495.9950372208437,614.3267162944583,482,579,511,650,False,2,10,0.0
d664d5515d0f8355c2df16ea,256,"[""missing""]",15197,669.8942554451537,242.9469632164243,569,141,768,348,False,40,32,0.0
e68d2653f5376170791a8674,256,"[""missing""]",2390,588.9259414225942,266.3284518828452,581,178,597,353,False,12,20,0.0
e9a182d87ded8090921b62f5,256,"[""missing""]",8254,594.3023988369275,266.86806396898476,532,179,663,357,False,20,22,0.0
ead24842cb7981c9674e9d4e,256,"[""missing""]",3207,663.1612098534456,522.956969130028,487,490,852,556,False,12,28,0.0
f29f971c989e3457da844b2b,256,"[""missing""]",5612,641.2181040627228,254.54793300071276,548,162,737,347,False,10,32,0.0
0174183097ea8fa63bbe3153,512,"[""missing""]",28290,247.46525273948393,545.2644397313538,168,429,331,655,False,131,52,0.0
2744e38a1b628fcbf2067bd4,512,"[""missing""]",5128,691.6078393135725,277.9284321372855,656,198,727,360,False,40,44,0.0
2bea857039ef9c03907fb299,512,"[""missing""]",26320,265.2969604863222,525.4661854103343,166,440,370,606,False,114,50,0.0
31656a11b9780d9f8a2fa83f,512,"[""scratch"", ""missing""]",13575,685.1465930018417,369.1257458563536,565,334,1002,439,True,75,72,0.0
733208e2c25e1af5454d93f2,512,"[""missing""]",2328,506.03694158075604,511.62371134020617,484,457,532,580,False,17,32,0.0
76964f3ab9f7c03b08de6900,512,"[""missing""]",46827,527.6980374570227,530.408204668247,235,447,815,613,False,227,100,0.0
846cfdd3fbe431251239629c,512,"[""missing""]",53765,638.4121082488608,534.5499302520227,200,424,1155,650,False,251,110,0.0
86317f47cc684a4a33717793,512,"[""missing""]",1139,675.7225636523266,485.7884108867428,477,476,859,496,False,9,26,0.0
8a393ef07e4999ab89669d93,512,"[""missing""]",9217,666.1581859607247,523.9571444070739,483,394,853,648,False,74,96,0.0
9bd08200d5d939f4a498aae7,512,"[""missing""]",25509,722.4951585714846,524.8934493708103,620,440,821,610,False,119,50,0.0
a7e7261362d3ab9b5fa975d0,512,"[""missing""]",1672,839.0131578947369,427.9401913875598,809,381,870,451,False,14,22,0.0
b369595e56e69503f81e4901,512,"[""scratch"", ""missing""]",17525,650.678002853067,272.2984308131241,553,146,751,749,True,132,163,0.0
bfebbd19caf4dad38fd66eab,512,"[""missing""]",1288,709.6195652173913,653.9922360248447,540,622,885,688,False,12,37,0.0
d086b78f683af0d19bb68594,512,"[""missing""]",1209,495.9950372208437,614.3267162944583,482,579,511,650,False,11,19,0.0
d664d5515d0f8355c2df16ea,512,"[""missing""]",15197,669.8942554451537,242.9469632164243,569,141,768,348,False,96,90,0.0
e68d2653f5376170791a8674,512,"[""missing""]",2390,588.9259414225942,266.3284518828452,581,178,597,353,False,22,30,0.0
e9a182d87ded8090921b62f5,512,"[""missing""]",8254,594.3023988369275,266.86806396898476,532,179,663,357,False,62,62,0.0
ead24842cb7981c9674e9d4e,512,"[""missing""]",3207,663.1612098534456,522.956969130028,487,490,852,556,False,24,36,0.0
f29f971c989e3457da844b2b,512,"[""missing""]",5612,641.2181040627228,254.54793300071276,548,162,737,347,False,31,56,0.0
