image_id,size,query_set,pose_label,outcome_group,n_queries,n_pairs,median_embedding_distance,median_query_score,median_spatial_displacement,minimum_spatial_displacement,top1_median_spatial_displacement,query_padding_fraction,reference_padding_fraction,local_fraction_0.05,local_fraction_0.10,local_fraction_0.20,cross_location_fraction
0174183097ea8fa63bbe3153,256,context_ring,canonical,M3 both hit,32,160,1.5174875855445862,1.3940994739532473,0.0028302105450896,0.0,0.00258330247178,0.0,0.0,0.89375,0.99375,1.0,0.006249999999999978
0174183097ea8fa63bbe3153,256,defect_overlap,canonical,M3 both hit,43,215,1.8784139156341553,1.8267457485198977,0.0221574452989549,0.0,0.0221252764154311,0.0,0.0,0.8976744186046511,0.986046511627907,0.9953488372093023,0.013953488372092981
0174183097ea8fa63bbe3153,512,context_ring,canonical,M3 both hit,52,260,1.9082727432250977,1.7324543595314026,0.0151161645428141,0.0,0.0111116663234773,0.0,0.0,0.8538461538461538,0.9153846153846154,0.9807692307692307,0.08461538461538465
0174183097ea8fa63bbe3153,512,defect_overlap,canonical,M3 both hit,131,655,2.3584043979644775,2.278475284576416,0.0311108419395889,0.0,0.0270288375382764,0.0,0.0,0.5679389312977099,0.650381679389313,0.8198473282442749,0.349618320610687
2744e38a1b628fcbf2067bd4,256,context_ring,canonical,M3 both hit,23,115,1.6248763799667358,1.49566912651062,0.0451858258741724,0.0,0.0662912607362388,0.0,0.0,0.5478260869565217,0.9304347826086956,0.9826086956521739,0.06956521739130439
2744e38a1b628fcbf2067bd4,256,defect_overlap,canonical,M3 both hit,12,60,1.7406802773475647,1.6187036633491516,0.0446865289949553,0.0017794954456765,0.033860620134056,0.0,0.0,0.5666666666666667,1.0,1.0,0.0
2744e38a1b628fcbf2067bd4,512,context_ring,canonical,M3 both hit,44,220,1.7471736073493958,1.6068775057792664,0.0592220267921723,0.0,0.0595591917465792,0.0,0.0,0.38636363636363635,0.7227272727272728,0.8454545454545455,0.2772727272727272
2744e38a1b628fcbf2067bd4,512,defect_overlap,canonical,M3 both hit,40,200,1.7751787900924683,1.5931071043014526,0.07293529262165549,0.0008538463805944,0.06769435679024485,0.0,0.0,0.295,0.74,0.845,0.26
2bea857039ef9c03907fb299,256,context_ring,reversed_180,M3 both hit,28,140,1.9885740280151367,1.877232015132904,0.031406734955088556,0.0,0.031200673282994598,0.0,0.0,0.75,0.9,0.9285714285714286,0.09999999999999998
2bea857039ef9c03907fb299,256,defect_overlap,reversed_180,M3 both hit,33,165,2.4549078941345215,2.3839311599731445,0.0877182641837361,0.0285773725039122,0.0647192968993906,0.0,0.0,0.18181818181818182,0.593939393939394,0.6666666666666666,0.406060606060606
2bea857039ef9c03907fb299,512,context_ring,reversed_180,M3 both hit,50,250,2.2426661252975464,2.181080937385559,0.14822245771923964,0.00105025117554,0.14273823435699828,0.0,0.0,0.284,0.4,0.584,0.6
2bea857039ef9c03907fb299,512,defect_overlap,reversed_180,M3 both hit,114,570,2.4785574674606323,2.4126150608062744,0.24838519401692988,0.0017205252079947,0.2436321599979234,0.0,0.0,0.04035087719298246,0.08947368421052632,0.17719298245614035,0.9105263157894736
31656a11b9780d9f8a2fa83f,256,context_ring,canonical,M3 both hit,43,215,1.5310243368148804,1.3727130889892578,0.0054337710765053,0.0,0.002240762740051,0.0,0.0,1.0,1.0,1.0,0.0
31656a11b9780d9f8a2fa83f,256,defect_overlap,canonical,M3 both hit,30,150,1.8191627264022827,1.625211238861084,0.0221408091009037,0.0,0.0156441055978711,0.0,0.0,0.9066666666666666,0.9866666666666667,1.0,0.013333333333333308
31656a11b9780d9f8a2fa83f,512,context_ring,canonical,M3 both hit,72,360,1.9130885601043701,1.7423145174980164,0.0149075133985479,0.0,0.011495699002200752,0.0,0.0,0.9361111111111111,0.9833333333333333,1.0,0.01666666666666672
31656a11b9780d9f8a2fa83f,512,defect_overlap,canonical,M3 both hit,75,375,2.267897129058838,2.152033567428589,0.0174096666142042,0.0,0.0114343211206644,0.0,0.0,0.8853333333333333,0.9653333333333334,0.9866666666666667,0.03466666666666662
733208e2c25e1af5454d93f2,256,context_ring,canonical,M1 both miss,17,85,1.3189938068389893,1.1444435119628906,0.0015895703061462,0.0,0.0007014948226056,0.0,0.0,1.0,1.0,1.0,0.0
733208e2c25e1af5454d93f2,256,defect_overlap,canonical,M1 both miss,7,35,1.3514180183410645,1.265514850616455,0.0017918885293226,0.0,0.0008460239066601,0.0,0.0,1.0,1.0,1.0,0.0
733208e2c25e1af5454d93f2,512,context_ring,canonical,M1 both miss,32,160,1.7221632599830627,1.5157073736190796,0.01781363409936315,0.0,0.01374623129864505,0.0,0.0,0.95,0.99375,0.99375,0.006249999999999978
733208e2c25e1af5454d93f2,512,defect_overlap,canonical,M1 both miss,17,85,1.813978672027588,1.6575522422790527,0.0195432370279207,0.0002029029207718,0.028607959822951,0.0,0.0,0.8823529411764706,0.9882352941176471,0.9882352941176471,0.0117647058823529
76964f3ab9f7c03b08de6900,256,context_ring,reversed_180,M3 both hit,54,270,2.0595619678497314,2.021174192428589,0.0590558985435358,0.0,0.04832283204556305,0.0,0.0,0.48148148148148145,0.5925925925925926,0.8629629629629629,0.40740740740740744
76964f3ab9f7c03b08de6900,256,defect_overlap,reversed_180,M3 both hit,61,305,2.4109890460968018,2.3556430339813232,0.0739039968406313,3.77768341268747e-05,0.0642319862685616,0.0,0.0,0.32131147540983607,0.5901639344262295,0.7540983606557377,0.4098360655737705
76964f3ab9f7c03b08de6900,512,context_ring,reversed_180,M3 both hit,100,500,2.200192928314209,2.1188210248947144,0.13594859647598376,0.0,0.12611807236820155,0.0,0.0,0.37,0.442,0.672,0.558
76964f3ab9f7c03b08de6900,512,defect_overlap,reversed_180,M3 both hit,227,1135,2.4957268238067627,2.419588565826416,0.2253017535695413,0.0,0.223137018588249,0.0,0.0,0.19559471365638767,0.2960352422907489,0.4220264317180617,0.7039647577092512
846cfdd3fbe431251239629c,256,context_ring,canonical,M3 both hit,61,305,1.6229238510131836,1.5093227624893188,0.0037806943983626,0.0,0.0013274845704378,0.0,0.0,0.9114754098360656,1.0,1.0,0.0
846cfdd3fbe431251239629c,256,defect_overlap,canonical,M3 both hit,72,360,2.0376038551330566,1.9582664966583252,0.0270884804831138,0.0,0.0270884804831138,0.0,0.0,0.8972222222222223,0.9972222222222222,0.9972222222222222,0.002777777777777768
846cfdd3fbe431251239629c,512,context_ring,canonical,M3 both hit,110,550,1.913283109664917,1.7493147253990173,0.01474052437100935,0.0,0.0138412391210983,0.0,0.0,0.8727272727272727,0.9472727272727273,0.9872727272727273,0.052727272727272734
846cfdd3fbe431251239629c,512,defect_overlap,canonical,M3 both hit,251,1255,2.372915029525757,2.274697542190552,0.022147281656641,0.0,0.0182343452981779,0.0,0.0,0.6541832669322709,0.7099601593625497,0.8454183266932271,0.29003984063745025
86317f47cc684a4a33717793,256,context_ring,canonical,M1 both miss,18,90,1.352283000946045,1.1932601928710938,0.00271539629777505,0.0,0.0006293025731931,0.0,0.0,1.0,1.0,1.0,0.0
86317f47cc684a4a33717793,256,defect_overlap,canonical,M1 both miss,3,15,1.3443107604980469,1.1355634927749634,0.0221285276665706,0.0007040892558045,0.0011791889968033,0.0,0.0,0.9333333333333333,1.0,1.0,0.0
86317f47cc684a4a33717793,512,context_ring,canonical,M1 both miss,26,130,1.711442470550537,1.6080821752548218,0.019918899362674748,8.175826347005396e-05,0.01740142901275105,0.0,0.0,0.9384615384615385,0.9769230769230769,0.9846153846153847,0.023076923076923106
86317f47cc684a4a33717793,512,defect_overlap,canonical,M1 both miss,9,45,1.8905049562454224,1.847306966781616,0.0311553647776096,0.0010058417940064,0.0301112054138347,0.0,0.0,0.8222222222222222,0.8888888888888888,0.9111111111111111,0.11111111111111116
8a393ef07e4999ab89669d93,256,context_ring,canonical,M2 D2 rescue,48,240,1.4043496251106262,1.2485832571983337,0.00244512621908815,0.0,0.0016518131870788,0.0,0.0,1.0,1.0,1.0,0.0
8a393ef07e4999ab89669d93,256,defect_overlap,canonical,M2 D2 rescue,32,160,1.4540332555770874,1.303968608379364,0.0026071204147323,0.0,0.0014862290596364,0.0,0.0,1.0,1.0,1.0,0.0
8a393ef07e4999ab89669d93,512,context_ring,canonical,M2 D2 rescue,96,480,1.8776164054870605,1.6852450370788574,0.015218978605097501,0.0,0.0111212940027588,0.0,0.0,0.9541666666666667,0.975,0.9875,0.025000000000000022
8a393ef07e4999ab89669d93,512,defect_overlap,canonical,M2 D2 rescue,74,370,2.0220075845718384,1.8866166472434998,0.01750960695190305,0.0,0.0130486963324465,0.0,0.0,0.8594594594594595,0.8945945945945946,0.9135135135135135,0.10540540540540544
9bd08200d5d939f4a498aae7,256,context_ring,reversed_180,M3 both hit,28,140,2.0424526929855347,1.9750911593437195,0.1554865015837559,0.0001462043263419,0.1615872192743511,0.0,0.0,0.22857142857142856,0.38571428571428573,0.7285714285714285,0.6142857142857143
9bd08200d5d939f4a498aae7,256,defect_overlap,reversed_180,M3 both hit,36,180,2.2345714569091797,2.212088942527771,0.09371285649851774,0.0002831258383128,0.07731081082820346,0.0,0.0,0.3111111111111111,0.5222222222222223,0.9611111111111111,0.47777777777777775
9bd08200d5d939f4a498aae7,512,context_ring,reversed_180,M3 both hit,50,250,2.1931127309799194,2.128183603286743,0.1369343682499627,0.0,0.07149432500834235,0.0,0.0,0.352,0.432,0.808,0.5680000000000001
9bd08200d5d939f4a498aae7,512,defect_overlap,reversed_180,M3 both hit,119,595,2.448493003845215,2.3800885677337646,0.1092789871289997,0.0,0.0764439763444916,0.0,0.0,0.38823529411764707,0.47058823529411764,0.7277310924369748,0.5294117647058824
a7e7261362d3ab9b5fa975d0,256,context_ring,canonical,M1 both miss,14,70,1.489704668521881,1.283541977405548,0.0042985214661796,0.0,0.0032531888648295,0.0,0.0,1.0,1.0,1.0,0.0
a7e7261362d3ab9b5fa975d0,256,defect_overlap,canonical,M1 both miss,4,20,1.5166629552841187,1.2663339376449585,0.0049315518037699,0.0,0.00481928607945145,0.0,0.0,1.0,1.0,1.0,0.0
a7e7261362d3ab9b5fa975d0,512,context_ring,canonical,M1 both miss,22,110,1.8752752542495725,1.7429146766662598,0.016489151681953453,0.0,0.01132411688332255,0.0,0.0,0.9090909090909091,0.9727272727272728,0.9727272727272728,0.027272727272727226
a7e7261362d3ab9b5fa975d0,512,defect_overlap,canonical,M1 both miss,14,70,1.9337218403816223,1.7981658577919006,0.01836816327378155,0.0001488645855129,0.0143429495699622,0.0,0.0,0.7571428571428571,0.8428571428571429,0.8428571428571429,0.15714285714285714
b369595e56e69503f81e4901,256,context_ring,uncertain,M3 both hit,63,315,1.4256970882415771,1.293604016304016,0.0222564846828805,0.0,0.0057644574553251,0.14285714285714285,0.1492063492063492,0.7428571428571429,0.819047619047619,0.8920634920634921,0.18095238095238098
b369595e56e69503f81e4901,256,defect_overlap,uncertain,M3 both hit,58,290,1.5479636192321777,1.4508642554283142,0.1105863266719487,0.0,0.11101978492418926,0.0,0.02413793103448276,0.3931034482758621,0.4793103448275862,0.8137931034482758,0.5206896551724138
b369595e56e69503f81e4901,512,context_ring,uncertain,M3 both hit,163,815,1.7333149909973145,1.5542060136795044,0.0224481489660627,0.0,0.021412275386708,0.08588957055214724,0.033128834355828224,0.592638036809816,0.6588957055214724,0.7840490797546013,0.34110429447852764
b369595e56e69503f81e4901,512,defect_overlap,uncertain,M3 both hit,132,660,1.7064598202705383,1.5387569069862366,0.1326555343662485,0.0,0.1502504481244329,0.0,0.0,0.3333333333333333,0.4318181818181818,0.6621212121212121,0.5681818181818181
bfebbd19caf4dad38fd66eab,256,context_ring,reversed_180,M3 both hit,24,120,1.9432595372200012,1.8892677426338196,0.08936893180895006,0.0011465291724308,0.12158051660080141,0.0,0.0,0.3333333333333333,0.5166666666666667,0.7333333333333333,0.4833333333333333
bfebbd19caf4dad38fd66eab,256,defect_overlap,reversed_180,M3 both hit,6,30,1.9776633977890015,1.919654130935669,0.122055175107484,0.0279267107129473,0.06184124325857505,0.0,0.0,0.3333333333333333,0.5,0.7,0.5
bfebbd19caf4dad38fd66eab,512,context_ring,reversed_180,M3 both hit,37,185,2.1749656200408936,2.061488389968872,0.075105507085296,5.015368550422251e-05,0.0474054888671469,0.0,0.0,0.4,0.6054054054054054,0.7081081081081081,0.39459459459459456
bfebbd19caf4dad38fd66eab,512,defect_overlap,reversed_180,M3 both hit,12,60,2.1250959634780884,2.038376569747925,0.0570063154388198,3.0251851680784165e-05,0.0566792609690474,0.0,0.0,0.4,0.6833333333333333,0.7333333333333333,0.31666666666666665
d086b78f683af0d19bb68594,256,context_ring,canonical,M1 both miss,10,50,1.4356598854064941,1.217586636543274,0.0015950287150922,0.0,0.00113341693704245,0.0,0.0,1.0,1.0,1.0,0.0
d086b78f683af0d19bb68594,256,defect_overlap,canonical,M1 both miss,2,10,1.5334831476211548,1.2419370412826538,0.0013035602073661,0.0001169286927328,0.00120741584887195,0.0,0.0,1.0,1.0,1.0,0.0
d086b78f683af0d19bb68594,512,context_ring,canonical,M1 both miss,19,95,1.796016812324524,1.5909744501113892,0.0144272335146866,3.907746787431843e-05,0.0129054640237336,0.0,0.0,0.968421052631579,1.0,1.0,0.0
d086b78f683af0d19bb68594,512,defect_overlap,canonical,M1 both miss,11,55,1.914628505706787,1.7859597206115725,0.0132972807682872,0.0,0.0153214524700024,0.0,0.0,1.0,1.0,1.0,0.0
d664d5515d0f8355c2df16ea,256,context_ring,uncertain,M3 both hit,32,160,1.6462095975875854,1.539378583431244,0.08841915307557535,0.0032994932359745,0.056733309976856355,0.0,0.0,0.40625,0.55625,0.84375,0.44375
d664d5515d0f8355c2df16ea,256,defect_overlap,uncertain,M3 both hit,40,200,1.646190345287323,1.4990472793579102,0.1768195079141302,0.0081782310977147,0.13332517814261025,0.0,0.0,0.06,0.155,0.77,0.845
d664d5515d0f8355c2df16ea,512,context_ring,uncertain,M3 both hit,90,450,1.6992177963256836,1.5951641201972961,0.16580756430199506,0.0006374241189874,0.1826034952047815,0.0,0.0,0.22,0.3088888888888889,0.6311111111111111,0.6911111111111111
d664d5515d0f8355c2df16ea,512,defect_overlap,uncertain,M3 both hit,96,480,1.6831414699554443,1.599164605140686,0.17708911534973565,0.0056555147854642,0.1779754613137694,0.0,0.0,0.0375,0.13958333333333334,0.5916666666666667,0.8604166666666666
e68d2653f5376170791a8674,256,context_ring,canonical,M1 both miss,20,100,1.4697816371917725,1.2331217527389526,0.023548982246321,0.0011713189923752,0.0338176549484556,0.0,0.0,0.81,0.94,1.0,0.06000000000000005
e68d2653f5376170791a8674,256,defect_overlap,canonical,M1 both miss,12,60,1.4977584481239319,1.3269511461257935,0.0241012247306785,0.0008101875687841,0.0344870813068122,0.0,0.0,0.9166666666666666,0.9833333333333333,1.0,0.01666666666666672
e68d2653f5376170791a8674,512,context_ring,canonical,M1 both miss,30,150,1.7145094871520996,1.511662781238556,0.042369005728236805,0.0,0.033324911443888355,0.0,0.0,0.6266666666666667,0.8666666666666667,0.8866666666666667,0.1333333333333333
e68d2653f5376170791a8674,512,defect_overlap,canonical,M1 both miss,22,110,1.693673312664032,1.5122950077056885,0.0367868530796228,0.0,0.03566217409665435,0.0,0.0,0.7181818181818181,0.9272727272727272,0.9363636363636364,0.07272727272727275
e9a182d87ded8090921b62f5,256,context_ring,uncertain,M3 both hit,22,110,1.6823650598526,1.5357103943824768,0.04436419725442685,0.0,0.0333788376897631,0.0,0.0,0.5454545454545454,0.7272727272727273,0.9454545454545454,0.2727272727272727
e9a182d87ded8090921b62f5,256,defect_overlap,uncertain,M3 both hit,20,100,1.76010262966156,1.651083767414093,0.0694493132690906,0.0,0.06634816474777636,0.0,0.0,0.36,0.78,0.99,0.21999999999999997
e9a182d87ded8090921b62f5,512,context_ring,uncertain,M3 both hit,62,310,1.7773594856262207,1.6354185938835144,0.09958000535903119,0.001358349065591,0.09397263761420124,0.0,0.0,0.3741935483870968,0.5193548387096775,0.7129032258064516,0.48064516129032253
e9a182d87ded8090921b62f5,512,defect_overlap,uncertain,M3 both hit,62,310,1.7826520800590515,1.6513357758522034,0.10069855348338455,0.0013200857116307,0.09991298393615511,0.0,0.0,0.2806451612903226,0.4870967741935484,0.6838709677419355,0.5129032258064516
ead24842cb7981c9674e9d4e,256,context_ring,canonical,M1 both miss,28,140,1.4070350527763367,1.2358909249305725,0.0023770958578659502,0.0,0.00113294777690945,0.0,0.0,1.0,1.0,1.0,0.0
ead24842cb7981c9674e9d4e,256,defect_overlap,canonical,M1 both miss,12,60,1.4461060762405396,1.318694293498993,0.0130506070685021,0.0001652891026616,0.00231854192212345,0.0,0.0,0.9833333333333333,1.0,1.0,0.0
ead24842cb7981c9674e9d4e,512,context_ring,canonical,M1 both miss,36,180,1.818197786808014,1.5964136719703674,0.0194120745970031,4.636495527165234e-05,0.015199602917786749,0.0,0.0,0.8722222222222222,0.9444444444444444,0.9444444444444444,0.05555555555555558
ead24842cb7981c9674e9d4e,512,defect_overlap,canonical,M1 both miss,24,120,1.9285385608673096,1.7414295077323914,0.03101859978147965,0.0001394677743024,0.02960192866265425,0.0,0.0,0.7,0.8083333333333333,0.8083333333333333,0.19166666666666665
f29f971c989e3457da844b2b,256,context_ring,canonical,M3 both hit,32,160,1.547261655330658,1.3796404600143433,0.0224665390914673,0.0,0.02231334620792495,0.0,0.0,0.8875,0.95625,0.9875,0.043749999999999956
f29f971c989e3457da844b2b,256,defect_overlap,canonical,M3 both hit,10,50,1.5395504236221313,1.3979821801185608,0.0227766070479055,0.0010042452197302,0.0224436429571511,0.0,0.0,0.94,1.0,1.0,0.0
f29f971c989e3457da844b2b,512,context_ring,canonical,M3 both hit,56,280,1.767019808292389,1.5553428530693054,0.0332068379320134,0.0,0.029364274522249552,0.0,0.0,0.7714285714285715,0.8821428571428571,0.8928571428571429,0.11785714285714288
f29f971c989e3457da844b2b,512,defect_overlap,canonical,M3 both hit,31,155,1.7654646635055542,1.47359299659729,0.0349109520907435,0.0014163625262059,0.0335214716644299,0.0,0.0,0.7935483870967742,0.9225806451612903,0.9354838709677419,0.07741935483870965
