image_id,reason
a88a25248879338f42b7b8d5,crop_area_fraction minimum
7ff10d5fa9617322c74f0a6b,crop_area_fraction maximum
3b739922cafc7c1c1b6bf5af,crop_aspect_ratio maximum
f7ab54038434a0fb639afdd3,component_fraction minimum
a62dae09b2226f081de0d80f,component_fraction maximum
003a70a56fc2e5bf41362c4b,systematic sorted normal sample
1341a4d254c5ed4e53f9cc0a,systematic sorted normal sample
29dc8d4c0e70ced218f864d9,systematic sorted normal sample
4076636edff1ff18d23dd18f,systematic sorted normal sample
577e306a2e950842cc7e0b3b,systematic sorted normal sample
70f6dd210be31e9fd5a0546d,systematic sorted normal sample
8a7498ab9ecdc653edfde807,systematic sorted normal sample
9fd931e296c23b935c80a2db,systematic sorted normal sample
b5e6d955b061366db8465add,systematic sorted normal sample
ccd21b822082f2aa58411062,systematic sorted normal sample
e8233e7f21f213acbbf96275,systematic sorted normal sample
ff4a16b9ca88d0c110949e78,systematic sorted normal sample
