image_id,view,grid_row,grid_column,historical_denominator_pixels,normalized_denominator_pixels,historical_gt_positive_pixels,normalized_gt_positive_pixels,historical_predicted_positive_pixels,normalized_predicted_positive_pixels,historical_intersection_pixels,normalized_intersection_pixels,historical_union_pixels,normalized_union_pixels,historical_false_positive_pixels,normalized_false_positive_pixels,historical_mean_raw_score,normalized_mean_raw_score,historical_threshold_exceedance_fraction,normalized_threshold_exceedance_fraction,historical_score_sum,normalized_score_sum
735d89d870bbb25b3bc3dfce,common256_crop,0,0,2550,2550,0,0,71,0,0,0,71,0,71,0,1.4238945245742798,1.468201756477356,0.02784313725490196,0.0,3630.9311141371727,3743.9144678115845
735d89d870bbb25b3bc3dfce,common256_crop,0,1,2550,2550,0,0,47,0,0,0,47,0,47,0,1.4923110008239746,1.4220789670944214,0.01843137254901961,0.0,3805.39306974411,3626.30137693882
735d89d870bbb25b3bc3dfce,common256_crop,0,2,2600,2600,0,0,23,0,0,0,23,0,23,0,1.4867264032363892,1.4287186861038208,0.008846153846153846,0.0,3865.488866508007,3714.668485403061
735d89d870bbb25b3bc3dfce,common256_crop,0,3,2550,2550,0,0,0,0,0,0,0,0,0,0,1.4464226961135864,1.3963898420333862,0.0,0.0,3688.3781760931015,3560.7942847013474
735d89d870bbb25b3bc3dfce,common256_crop,1,0,2550,2550,0,0,1827,30,0,0,1827,30,1827,30,1.9829604625701904,1.478760838508606,0.7164705882352941,0.011764705882352941,5056.549205780029,3770.8400785326958
735d89d870bbb25b3bc3dfce,common256_crop,1,1,2550,2550,0,0,2471,192,0,0,2471,192,2471,192,2.048226833343506,1.554277777671814,0.9690196078431372,0.07529411764705882,5222.978450417519,3963.408415555954
735d89d870bbb25b3bc3dfce,common256_crop,1,2,2600,2600,42,42,2508,219,42,42,2508,219,2466,177,2.06253981590271,1.5657997131347656,0.9646153846153847,0.08423076923076923,5362.6034615039825,4071.0793496370316
735d89d870bbb25b3bc3dfce,common256_crop,1,3,2550,2550,0,0,1757,370,0,0,1757,370,1757,370,1.941287875175476,1.5494544506072998,0.6890196078431372,0.1450980392156863,4950.283975601196,3951.108754634857
735d89d870bbb25b3bc3dfce,common256_crop,2,0,2499,2499,0,0,1612,11,0,0,1612,11,1612,11,1.8768949508666992,1.447872281074524,0.6450580232092837,0.004401760704281713,4690.360033869743,3618.2327560186386
735d89d870bbb25b3bc3dfce,common256_crop,2,1,2499,2499,0,0,2172,41,0,0,2172,41,2172,41,2.0077221393585205,1.4919135570526123,0.8691476590636255,0.01640656262505002,5017.297791600227,3728.291740179062
735d89d870bbb25b3bc3dfce,common256_crop,2,2,2548,2548,126,126,2496,692,126,126,2496,692,2370,566,2.069289207458496,1.623692274093628,0.9795918367346939,0.271585557299843,5272.549159407616,4137.168124914169
735d89d870bbb25b3bc3dfce,common256_crop,2,3,2499,2499,0,0,1870,73,0,0,1870,73,1870,73,1.9742752313613892,1.4706804752349854,0.7482993197278912,0.02921168467386955,4933.713813364506,3675.2305693626404
735d89d870bbb25b3bc3dfce,common256_crop,3,0,2550,2550,0,0,57,0,0,0,57,0,57,0,1.4554517269134521,1.4028680324554443,0.02235294117647059,0.0,3711.401834487915,3577.313634812832
735d89d870bbb25b3bc3dfce,common256_crop,3,1,2550,2550,0,0,1304,0,0,0,1304,0,1304,0,1.821029782295227,1.407866358757019,0.5113725490196078,0.0,4643.6259952783585,3590.059090793133
735d89d870bbb25b3bc3dfce,common256_crop,3,2,2600,2600,0,0,1294,3,0,0,1294,3,1294,3,1.7873756885528564,1.4298450946807861,0.4976923076923077,0.001153846153846154,4647.176784157753,3717.596997976303
735d89d870bbb25b3bc3dfce,common256_crop,3,3,2550,2550,0,0,286,12,0,0,286,12,286,12,1.566182255744934,1.4171662330627441,0.11215686274509803,0.004705882352941176,3993.764380633831,3613.773974299431
735d89d870bbb25b3bc3dfce,native_content,0,0,12160,12160,0,0,367,2,0,0,367,2,367,2,1.4352824687957764,1.4802662134170532,0.03018092105263158,0.0001644736842105263,17453.036774158478,18000.03749859333
735d89d870bbb25b3bc3dfce,native_content,0,1,12160,12160,0,0,239,0,0,0,239,0,239,0,1.4981685876846313,1.4274989366531372,0.019654605263157893,0.0,18217.730920791626,17358.386627554893
735d89d870bbb25b3bc3dfce,native_content,0,2,12160,12160,0,0,115,0,0,0,115,0,115,0,1.4920011758804321,1.434577226638794,0.009457236842105263,0.0,18142.735540032387,17444.45888710022
735d89d870bbb25b3bc3dfce,native_content,0,3,12160,12160,0,0,0,0,0,0,0,0,0,0,1.4611709117889404,1.4104832410812378,0.0,0.0,17767.837448954582,17151.474568367004
735d89d870bbb25b3bc3dfce,native_content,1,0,12032,12032,0,0,8636,191,0,0,8636,191,8636,191,1.9906041622161865,1.4848408699035645,0.7177526595744681,0.01587433510638298,23950.94870722294,17865.605337262154
735d89d870bbb25b3bc3dfce,native_content,1,1,12032,12032,0,0,11653,972,0,0,11653,972,11653,972,2.0498785972595215,1.5546808242797852,0.968500664893617,0.08078457446808511,24664.140519857407,18705.920221328735
735d89d870bbb25b3bc3dfce,native_content,1,2,12032,12032,206,206,11596,1050,206,204,11596,1052,11390,846,2.065737724304199,1.5653667449951172,0.9637632978723404,0.08726728723404255,24854.9557557106,18834.49135029316
735d89d870bbb25b3bc3dfce,native_content,1,3,12032,12032,0,0,8302,1784,0,0,8302,1784,8302,1784,1.953044056892395,1.559908390045166,0.6899933510638298,0.14827127659574468,23499.025421380997,18768.81808924675
735d89d870bbb25b3bc3dfce,native_content,2,0,12160,12160,0,0,7903,62,0,0,7903,62,7903,62,1.8857964277267456,1.4545804262161255,0.6499177631578947,0.005098684210526316,22931.2861648798,17687.69779741764
735d89d870bbb25b3bc3dfce,native_content,2,1,12160,12160,0,0,10608,233,0,0,10608,233,10608,233,2.007219076156616,1.4923020601272583,0.8723684210526316,0.019161184210526316,24407.783762693405,18146.393622517586
735d89d870bbb25b3bc3dfce,native_content,2,2,12160,12160,601,601,11894,3328,601,599,11894,3330,11293,2729,2.0661494731903076,1.6236627101898193,0.978125,0.2736842105263158,25124.378598570824,19743.739307522774
735d89d870bbb25b3bc3dfce,native_content,2,3,12160,12160,0,0,9177,389,0,0,9177,389,9177,389,1.9863927364349365,1.480556607246399,0.7546875,0.03199013157894737,24154.535820126534,18003.568826675415
735d89d870bbb25b3bc3dfce,native_content,3,0,12160,12160,0,0,260,0,0,0,260,0,260,0,1.4648354053497314,1.412399172782898,0.02138157894736842,0.0,17812.398124098778,17174.77541744709
735d89d870bbb25b3bc3dfce,native_content,3,1,12160,12160,0,0,6274,5,0,0,6274,5,6274,5,1.8295953273773193,1.4111748933792114,0.515953947368421,0.00041118421052631577,22247.87923693657,17159.88522297144
735d89d870bbb25b3bc3dfce,native_content,3,2,12160,12160,0,0,6031,9,0,0,6031,9,6031,9,1.7886528968811035,1.4338618516921997,0.4959703947368421,0.0007401315789473684,21750.01936531067,17435.758151471615
735d89d870bbb25b3bc3dfce,native_content,3,3,12160,12160,0,0,1409,96,0,0,1409,96,1409,96,1.5795518159866333,1.428924560546875,0.11587171052631579,0.007894736842105263,19207.350284337997,17375.72246348858
9bd08200d5d939f4a498aae7,common256_crop,0,0,2499,2499,0,0,168,3,0,0,168,3,168,3,1.4718310832977295,1.4470223188400269,0.06722689075630252,0.0012004801920768306,3678.106007218361,3616.1087353229523
9bd08200d5d939f4a498aae7,common256_crop,0,1,2548,2548,0,0,138,1,0,0,138,1,138,1,1.4864755868911743,1.4433503150939941,0.05416012558869702,0.0003924646781789639,3787.5395728349686,3677.656846165657
9bd08200d5d939f4a498aae7,common256_crop,0,2,2499,2499,0,0,107,2,0,0,107,2,107,2,1.4526958465576172,1.4297597408294678,0.042817126850740295,0.0008003201280512205,3630.286813378334,3572.9694052934647
9bd08200d5d939f4a498aae7,common256_crop,0,3,2499,2499,0,0,18,0,0,0,18,0,18,0,1.4629312753677368,1.4237228631973267,0.007202881152460984,0.0,3655.865049779415,3557.8835143446922
9bd08200d5d939f4a498aae7,common256_crop,1,0,2448,2448,0,0,1783,21,0,0,1783,21,1783,21,2.0220203399658203,1.4324092864990234,0.7283496732026143,0.00857843137254902,4949.905676722527,3506.537840604782
9bd08200d5d939f4a498aae7,common256_crop,1,1,2496,2496,275,275,2463,806,275,275,2463,806,2188,531,2.105517625808716,1.7045944929122925,0.9867788461538461,0.3229166666666667,5255.372283101082,4254.668061852455
9bd08200d5d939f4a498aae7,common256_crop,1,2,2448,2448,328,328,2358,611,328,328,2358,611,2030,283,2.087169885635376,1.654762864112854,0.9632352941176471,0.24959150326797386,5109.39158475399,4050.859666109085
9bd08200d5d939f4a498aae7,common256_crop,1,3,2448,2448,0,0,1833,42,0,0,1833,42,1833,42,2.046316623687744,1.4622337818145752,0.7487745098039216,0.01715686274509804,5009.383163511753,3579.5484305620193
9bd08200d5d939f4a498aae7,common256_crop,2,0,2448,2448,0,0,1577,22,0,0,1577,22,1577,22,1.8824151754379272,1.4080793857574463,0.6441993464052288,0.008986928104575163,4608.152418732643,3446.978140115738
9bd08200d5d939f4a498aae7,common256_crop,2,1,2496,2496,251,251,2423,643,251,251,2423,643,2172,392,2.1138930320739746,1.6446563005447388,0.9707532051282052,0.25761217948717946,5276.27700150013,4105.062092661858
9bd08200d5d939f4a498aae7,common256_crop,2,2,2448,2448,250,250,2280,492,250,250,2280,492,2030,242,2.0635573863983154,1.5883972644805908,0.9313725490196079,0.20098039215686275,5051.588236689568,3888.396562933922
9bd08200d5d939f4a498aae7,common256_crop,2,3,2448,2448,0,0,1840,6,0,0,1840,6,1840,6,1.985219955444336,1.4522836208343506,0.7516339869281046,0.0024509803921568627,4859.818229317665,3555.190530180931
9bd08200d5d939f4a498aae7,common256_crop,3,0,2499,2499,0,0,26,0,0,0,26,0,26,0,1.4356613159179688,1.381980299949646,0.010404161664665866,0.0,3587.7177256941795,3453.5688800811768
9bd08200d5d939f4a498aae7,common256_crop,3,1,2548,2548,0,0,1263,0,0,0,1263,0,1263,0,1.7633817195892334,1.4143954515457153,0.4956828885400314,0.0,4493.096865773201,3603.879596352577
9bd08200d5d939f4a498aae7,common256_crop,3,2,2499,2499,0,0,1454,0,0,0,1454,0,1454,0,1.8644189834594727,1.4251195192337036,0.5818327330932372,0.0,4659.183208823204,3561.3735834360123
9bd08200d5d939f4a498aae7,common256_crop,3,3,2499,2499,0,0,477,8,0,0,477,8,477,8,1.5872806310653687,1.3957937955856323,0.1908763505402161,0.003201280512204882,3966.6141749620438,3488.088657617569
9bd08200d5d939f4a498aae7,native_content,0,0,11776,11776,0,0,750,4,0,0,750,4,750,4,1.4832067489624023,1.4607384204864502,0.06368885869565218,0.00033967391304347825,17466.241559267044,17201.65665411949
9bd08200d5d939f4a498aae7,native_content,0,1,11776,11776,0,0,530,0,0,0,530,0,530,0,1.487596869468689,1.4467027187347412,0.04500679347826087,0.0,17517.93996655941,17036.373124480247
9bd08200d5d939f4a498aae7,native_content,0,2,11776,11776,0,0,424,0,0,0,424,0,424,0,1.454848051071167,1.4336501359939575,0.036005434782608696,0.0,17132.289964079857,16882.662632226944
9bd08200d5d939f4a498aae7,native_content,0,3,11776,11776,0,0,85,0,0,0,85,0,85,0,1.473394751548767,1.435181975364685,0.007218070652173913,0.0,17350.698166370392,16900.70380949974
9bd08200d5d939f4a498aae7,native_content,1,0,11904,11904,0,0,8703,129,0,0,8703,129,8703,129,2.0304853916168213,1.44248628616333,0.7310987903225806,0.010836693548387098,24170.90093064308,17171.357761085033
9bd08200d5d939f4a498aae7,native_content,1,1,11904,11904,1274,1274,11704,3781,1274,1274,11704,3781,10430,2507,2.0996086597442627,1.7021533250808716,0.9831989247311828,0.31762432795698925,24993.741743683815,20262.43472623825
9bd08200d5d939f4a498aae7,native_content,1,2,11904,11904,1627,1627,11410,3060,1627,1627,11410,3060,9783,1433,2.0843026638031006,1.6571120023727417,0.9585013440860215,0.25705645161290325,24811.536934494972,19726.260981082916
9bd08200d5d939f4a498aae7,native_content,1,3,11904,11904,0,0,8873,232,0,0,8873,232,8873,232,2.047609806060791,1.469434142112732,0.7453797043010753,0.019489247311827957,24374.745890975,17492.14297437668
9bd08200d5d939f4a498aae7,native_content,2,0,11776,11776,0,0,7615,133,0,0,7615,133,7615,133,1.8928425312042236,1.4166254997253418,0.6466542119565217,0.011294157608695652,22290.112365484238,16682.18167692423
9bd08200d5d939f4a498aae7,native_content,2,1,11776,11776,1109,1109,11389,2997,1109,1109,11389,2997,10280,1888,2.1117632389068604,1.6418914794921875,0.9671365489130435,0.2545006793478261,24868.125851631165,19334.915571689606
9bd08200d5d939f4a498aae7,native_content,2,2,11776,11776,1311,1311,10966,2388,1311,1309,10966,2390,9655,1079,2.0666654109954834,1.5906773805618286,0.9312160326086957,0.2027853260869565,24337.052379012108,18731.81655204296
9bd08200d5d939f4a498aae7,native_content,2,3,11776,11776,0,0,8890,39,0,0,8890,39,8890,39,1.9927778244018555,1.4586198329925537,0.7549252717391305,0.003311820652173913,23466.950835108757,17176.707423329353
9bd08200d5d939f4a498aae7,native_content,3,0,11904,11904,0,0,105,0,0,0,105,0,105,0,1.4472633600234985,1.3941607475280762,0.008820564516129033,0.0,17228.220737457275,16596.090317726135
9bd08200d5d939f4a498aae7,native_content,3,1,11904,11904,0,0,5876,0,0,0,5876,0,5876,0,1.7660748958587646,1.4188185930252075,0.49361559139784944,0.0,21023.356580257416,16889.61623930931
9bd08200d5d939f4a498aae7,native_content,3,2,11904,11904,0,0,6949,0,0,0,6949,0,6949,0,1.8719338178634644,1.4293924570083618,0.5837533602150538,0.0,22283.498360157013,17015.488572835922
9bd08200d5d939f4a498aae7,native_content,3,3,11904,11904,0,0,2288,66,0,0,2288,66,2288,66,1.5977661609649658,1.4060343503952026,0.1922043010752688,0.005544354838709678,19019.808504343033,16737.43529176712
2bea857039ef9c03907fb299,common256_crop,0,0,2652,2652,0,0,135,26,0,0,135,26,135,26,1.470008134841919,1.4752551317214966,0.05090497737556561,0.00980392156862745,3898.461313724518,3912.3768784999847
2bea857039ef9c03907fb299,common256_crop,0,1,2601,2601,0,0,70,0,0,0,70,0,70,0,1.5017907619476318,1.4886740446090698,0.02691272587466359,0.0,3906.157784461975,3872.041167140007
2bea857039ef9c03907fb299,common256_crop,0,2,2601,2601,0,0,0,41,0,0,0,41,0,41,1.459015965461731,1.4864723682403564,0.0,0.015763168012302962,3794.9005910158157,3866.3147342205048
2bea857039ef9c03907fb299,common256_crop,0,3,2652,2652,0,0,61,2,0,0,61,2,61,2,1.499469518661499,1.470725178718567,0.023001508295625944,0.0007541478129713424,3976.5933105945587,3900.3634273409843
2bea857039ef9c03907fb299,common256_crop,1,0,2652,2652,636,636,1939,1323,636,636,1939,1323,1303,687,2.0333845615386963,1.777024507522583,0.7311463046757164,0.498868778280543,5392.535899758339,4712.669023573399
2bea857039ef9c03907fb299,common256_crop,1,1,2601,2601,0,0,2527,307,0,0,2527,307,2527,307,2.030566692352295,1.558571457862854,0.9715494040753556,0.11803152633602461,5281.504142284393,4053.844185113907
2bea857039ef9c03907fb299,common256_crop,1,2,2601,2601,0,0,2387,218,0,0,2387,218,2387,218,1.9974380731582642,1.5614749193191528,0.9177239523260284,0.08381391772395233,5195.336204171181,4061.3961791992188
2bea857039ef9c03907fb299,common256_crop,1,3,2652,2652,0,0,1777,369,0,0,1777,369,1777,369,1.93559992313385,1.5661429166793823,0.6700603318250377,0.13914027149321267,5133.21087116003,4153.411112785339
2bea857039ef9c03907fb299,common256_crop,2,0,2652,2652,516,516,1595,1182,516,516,1595,1182,1079,666,1.919448733329773,1.7340354919433594,0.6014328808446455,0.4457013574660634,5090.377623915672,4598.662496626377
2bea857039ef9c03907fb299,common256_crop,2,1,2601,2601,0,0,2327,91,0,0,2327,91,2327,91,2.0003600120544434,1.493717908859253,0.8946559015763168,0.03498654363706267,5202.936282277107,3885.1603746414185
2bea857039ef9c03907fb299,common256_crop,2,2,2601,2601,0,0,2410,154,0,0,2410,154,2410,154,2.0248630046844482,1.5226032733917236,0.9265667051134179,0.0592079969242599,5266.668547987938,3960.29079246521
2bea857039ef9c03907fb299,common256_crop,2,3,2652,2652,0,0,2000,573,0,0,2000,573,2000,573,2.009342908859253,1.5717039108276367,0.7541478129713424,0.2160633484162896,5328.777418375015,4168.158718705177
2bea857039ef9c03907fb299,common256_crop,3,0,2652,2652,0,0,64,0,0,0,64,0,64,0,1.4883044958114624,1.4264657497406006,0.024132730015082957,0.0,3946.983349084854,3782.987220585346
2bea857039ef9c03907fb299,common256_crop,3,1,2601,2601,0,0,1314,15,0,0,1314,15,1314,15,1.7829535007476807,1.4665244817733765,0.5051903114186851,0.0057670126874279125,4637.461579442024,3814.4302163124084
2bea857039ef9c03907fb299,common256_crop,3,2,2601,2601,0,0,1542,6,0,0,1542,6,1542,6,1.8328566551208496,1.4501032829284668,0.5928489042675894,0.002306805074971165,4767.26021695137,3771.7189192175865
2bea857039ef9c03907fb299,common256_crop,3,3,2652,2652,0,0,371,2,0,0,371,2,371,2,1.5513781309127808,1.4263436794281006,0.13989441930618401,0.0007541478129713424,4114.254597783089,3782.663606107235
2bea857039ef9c03907fb299,native_content,0,0,12416,12416,0,0,670,145,0,0,670,145,670,145,1.4761550426483154,1.4828585386276245,0.053962628865979384,0.011678479381443299,18327.942130804062,18411.17159485817
2bea857039ef9c03907fb299,native_content,0,1,12416,12416,0,0,342,0,0,0,342,0,342,0,1.5020923614501953,1.489808440208435,0.027545103092783504,0.0,18649.978857159615,18497.4605345726
2bea857039ef9c03907fb299,native_content,0,2,12416,12416,0,0,5,193,0,0,5,193,5,193,1.4596753120422363,1.4875959157943726,0.0004027061855670103,0.015544458762886598,18123.327255487442,18469.98951435089
2bea857039ef9c03907fb299,native_content,0,3,12416,12416,0,0,341,14,0,0,341,14,341,14,1.507376790046692,1.47891104221344,0.027464561855670103,0.0011275773195876288,18715.58991241455,18362.16190493107
2bea857039ef9c03907fb299,native_content,1,0,12288,12288,2944,2944,8948,6091,2944,2944,8948,6091,6004,3147,2.037003517150879,1.779204249382019,0.7281901041666666,0.4956868489583333,25030.69930267334,21862.86122906208
2bea857039ef9c03907fb299,native_content,1,1,12288,12288,27,27,11952,1540,27,27,11952,1540,11925,1513,2.032006025314331,1.560044288635254,0.97265625,0.12532552083333334,24969.2893242836,19169.82347726822
2bea857039ef9c03907fb299,native_content,1,2,12288,12288,0,0,11276,1072,0,0,11276,1072,11276,1072,1.998867392539978,1.5622968673706055,0.9176432291666666,0.08723958333333333,24562.081232190132,19197.503858923912
2bea857039ef9c03907fb299,native_content,1,3,12288,12288,0,0,8217,1730,0,0,8217,1730,8217,1730,1.9415744543075562,1.572463035583496,0.668701171875,0.14078776041666666,23858.065709233284,19322.426875948906
2bea857039ef9c03907fb299,native_content,2,0,12416,12416,2417,2417,7542,5627,2417,2417,7542,5627,5125,3210,1.9317842721939087,1.7472259998321533,0.6074420103092784,0.45320554123711343,23985.03252506256,21693.560143351555
2bea857039ef9c03907fb299,native_content,2,1,12416,12416,13,13,11095,498,13,13,11095,498,11082,485,1.9998974800109863,1.4972012042999268,0.8936050257731959,0.04010953608247423,24830.726509928703,18589.250715732574
2bea857039ef9c03907fb299,native_content,2,2,12416,12416,0,0,11446,794,0,0,11446,794,11446,794,2.0227608680725098,1.5229551792144775,0.921875,0.06394974226804123,25114.59673857689,18909.01201736927
2bea857039ef9c03907fb299,native_content,2,3,12416,12416,0,0,9403,2795,0,0,9403,2795,9403,2795,2.0183053016662598,1.5803310871124268,0.7573292525773195,0.22511275773195877,25059.279025912285,19621.389540672302
2bea857039ef9c03907fb299,native_content,3,0,12416,12416,0,0,320,0,0,0,320,0,320,0,1.5046918392181396,1.440645456314087,0.02577319587628866,0.0,18682.254193782806,17887.054263710976
2bea857039ef9c03907fb299,native_content,3,1,12416,12416,0,0,6312,93,0,0,6312,93,6312,93,1.7928786277770996,1.4753458499908447,0.5083762886597938,0.007490335051546392,22260.38188958168,18317.893027067184
2bea857039ef9c03907fb299,native_content,3,2,12416,12416,0,0,7401,85,0,0,7401,85,7401,85,1.846208095550537,1.459885597229004,0.5960856958762887,0.006846005154639175,22922.518573641777,18125.93900322914
2bea857039ef9c03907fb299,native_content,3,3,12416,12416,0,0,1773,31,0,0,1773,31,1773,31,1.5704795122146606,1.442449688911438,0.14279961340206185,0.0024967783505154637,19499.073528647423,17909.45536482334
76964f3ab9f7c03b08de6900,common256_crop,0,0,2550,2550,0,0,47,0,0,0,47,0,47,0,1.453282356262207,1.468281626701355,0.01843137254901961,0.0,3705.87030929327,3744.118330538273
76964f3ab9f7c03b08de6900,common256_crop,0,1,2600,2600,0,0,79,5,0,0,79,5,79,5,1.494268536567688,1.451074242591858,0.030384615384615385,0.0019230769230769232,3885.0981496572495,3772.7930425405502
76964f3ab9f7c03b08de6900,common256_crop,0,2,2550,2550,0,0,134,0,0,0,134,0,134,0,1.494012713432312,1.4312735795974731,0.05254901960784314,0.0,3809.7325501441956,3649.7476040124893
76964f3ab9f7c03b08de6900,common256_crop,0,3,2550,2550,0,0,38,0,0,0,38,0,38,0,1.4764115810394287,1.4427103996276855,0.014901960784313726,0.0,3764.849691748619,3678.9116607904434
76964f3ab9f7c03b08de6900,common256_crop,1,0,2550,2550,537,537,1815,1240,537,537,1815,1240,1278,703,2.031693935394287,1.7437717914581299,0.711764705882353,0.48627450980392156,5180.819510340691,4446.618313670158
76964f3ab9f7c03b08de6900,common256_crop,1,1,2600,2600,301,301,2528,852,301,301,2528,852,2227,551,2.1004607677459717,1.7191240787506104,0.9723076923076923,0.32769230769230767,5461.198620438576,4469.722944736481
76964f3ab9f7c03b08de6900,common256_crop,1,2,2550,2550,278,278,2519,647,278,278,2519,647,2241,369,2.0950324535369873,1.662400484085083,0.9878431372549019,0.25372549019607843,5342.333012223244,4239.121049284935
76964f3ab9f7c03b08de6900,common256_crop,1,3,2550,2550,0,0,1883,50,0,0,1883,50,1883,50,2.022625684738159,1.463518738746643,0.7384313725490196,0.0196078431372549,5157.695680975914,3731.9726346731186
76964f3ab9f7c03b08de6900,common256_crop,2,0,2550,2550,429,429,1758,894,429,429,1758,894,1329,465,1.9870580434799194,1.6936814785003662,0.6894117647058824,0.35058823529411764,5066.998189091682,4318.887854993343
76964f3ab9f7c03b08de6900,common256_crop,2,1,2600,2600,241,241,2518,546,241,241,2518,546,2277,305,2.124268054962158,1.6414155960083008,0.9684615384615385,0.21,5523.096882343292,4267.681001543999
76964f3ab9f7c03b08de6900,common256_crop,2,2,2550,2550,226,226,2545,337,226,224,2545,339,2319,113,2.105058193206787,1.5540498495101929,0.9980392156862745,0.13215686274509805,5367.898788809776,3962.827026247978
76964f3ab9f7c03b08de6900,common256_crop,2,3,2550,2550,0,0,1896,32,0,0,1896,32,1896,32,2.0034053325653076,1.4481858015060425,0.7435294117647059,0.012549019607843137,5108.683341085911,3692.8738686442375
76964f3ab9f7c03b08de6900,common256_crop,3,0,2550,2550,0,0,6,0,0,0,6,0,6,0,1.395389437675476,1.4168179035186768,0.002352941176470588,0.0,3558.243117928505,3612.8857007026672
76964f3ab9f7c03b08de6900,common256_crop,3,1,2600,2600,0,0,1233,7,0,0,1233,7,1233,7,1.7541608810424805,1.412745475769043,0.47423076923076923,0.002692307692307692,4560.818440020084,3673.1382195949554
76964f3ab9f7c03b08de6900,common256_crop,3,2,2550,2550,0,0,1336,0,0,0,1336,0,1336,0,1.806504726409912,1.4098986387252808,0.523921568627451,0.0,4606.587216377258,3595.2414078116417
76964f3ab9f7c03b08de6900,common256_crop,3,3,2550,2550,0,0,218,5,0,0,218,5,218,5,1.514896273612976,1.437698245048523,0.08549019607843138,0.00196078431372549,3862.985316157341,3666.1304848194122
76964f3ab9f7c03b08de6900,native_content,0,0,12160,12160,0,0,209,8,0,0,209,8,209,8,1.4597288370132446,1.4773190021514893,0.0171875,0.0006578947368421052,17750.3019053936,17964.19852888584
76964f3ab9f7c03b08de6900,native_content,0,1,12160,12160,0,0,313,11,0,0,313,11,313,11,1.4914666414260864,1.4499164819717407,0.02574013157894737,0.0009046052631578947,18136.235020399094,17630.98547899723
76964f3ab9f7c03b08de6900,native_content,0,2,12160,12160,0,0,577,0,0,0,577,0,577,0,1.4904438257217407,1.4309428930282593,0.04745065789473684,0.0,18123.798032045364,17400.26555931568
76964f3ab9f7c03b08de6900,native_content,0,3,12160,12160,0,0,188,15,0,0,188,15,188,15,1.4815771579742432,1.4488096237182617,0.015460526315789473,0.0012335526315789473,18015.979161977768,17617.52467107773
76964f3ab9f7c03b08de6900,native_content,1,0,12160,12160,2536,2536,8674,5889,2536,2536,8674,5889,6138,3353,2.037205457687378,1.7471511363983154,0.7133223684210527,0.4842927631578947,24772.41892874241,21245.35668718815
76964f3ab9f7c03b08de6900,native_content,1,1,12160,12160,1368,1368,11765,3901,1368,1368,11765,3901,10397,2533,2.09464693069458,1.7117910385131836,0.967516447368421,0.32080592105263156,25470.906698584557,20815.378810286522
76964f3ab9f7c03b08de6900,native_content,1,2,12160,12160,1360,1360,11979,3094,1360,1360,11979,3094,10619,1734,2.093756675720215,1.6620854139328003,0.9851151315789474,0.2544407894736842,25460.08276283741,20210.957807958126
76964f3ab9f7c03b08de6900,native_content,1,3,12160,12160,0,0,8915,272,0,0,8915,272,8915,272,2.0259642601013184,1.4707950353622437,0.733141447368421,0.02236842105263158,24635.7243155241,17884.8682513237
76964f3ab9f7c03b08de6900,native_content,2,0,12288,12288,2188,2188,8560,4396,2188,2186,8560,4398,6372,2210,2.0025599002838135,1.7087589502334595,0.6966145833333334,0.3577473958333333,24607.458527565002,20997.231528878212
76964f3ab9f7c03b08de6900,native_content,2,1,12288,12288,1119,1119,11904,2592,1119,1119,11904,2592,10785,1473,2.12420392036438,1.6439237594604492,0.96875,0.2109375,26102.2190233469,20200.535581350327
76964f3ab9f7c03b08de6900,native_content,2,2,12288,12288,1136,1136,12244,1720,1136,1116,12244,1740,11108,604,2.1078574657440186,1.5606716871261597,0.9964192708333334,0.13997395833333334,25901.3533526659,19177.533205509186
76964f3ab9f7c03b08de6900,native_content,2,3,12288,12288,0,0,9180,194,0,0,9180,194,9180,194,2.01289963722229,1.454978585243225,0.7470703125,0.015787760416666668,24734.5109821558,17878.777293860912
76964f3ab9f7c03b08de6900,native_content,3,0,12160,12160,0,0,37,0,0,0,37,0,37,0,1.41219162940979,1.4336565732955933,0.0030427631578947368,0.0,17172.25056231022,17433.26425731182
76964f3ab9f7c03b08de6900,native_content,3,1,12160,12160,0,0,5799,36,0,0,5799,36,5799,36,1.7648919820785522,1.420709490776062,0.47689144736842104,0.0029605263157894738,21461.08592057228,17275.827693223953
76964f3ab9f7c03b08de6900,native_content,3,2,12160,12160,0,0,6491,0,0,0,6491,0,6491,0,1.8217037916183472,1.418453335762024,0.5337993421052631,0.0,22151.9163711071,17248.39211052656
76964f3ab9f7c03b08de6900,native_content,3,3,12160,12160,0,0,1092,42,0,0,1092,42,1092,42,1.5320097208023071,1.4519753456115723,0.08980263157894737,0.0034539473684210525,18629.237183213234,17656.02191233635
bfebbd19caf4dad38fd66eab,common256_crop,0,0,2448,2448,0,0,195,15,0,0,195,15,195,15,1.505831003189087,1.474391222000122,0.07965686274509803,0.006127450980392157,3686.274517416954,3609.309935092926
bfebbd19caf4dad38fd66eab,common256_crop,0,1,2448,2448,0,0,49,5,0,0,49,5,49,5,1.4803147315979004,1.4061871767044067,0.020016339869281044,0.002042483660130719,3623.810534477234,3442.3461278676987
bfebbd19caf4dad38fd66eab,common256_crop,0,2,2496,2496,0,0,12,9,0,0,12,9,12,9,1.4746109247207642,1.4241225719451904,0.004807692307692308,0.003605769230769231,3680.6290518045425,3554.6099815368652
bfebbd19caf4dad38fd66eab,common256_crop,0,3,2448,2448,0,0,11,33,0,0,11,33,11,33,1.4587825536727905,1.4438081979751587,0.004493464052287581,0.013480392156862746,3571.099670767784,3534.4423707723618
bfebbd19caf4dad38fd66eab,common256_crop,1,0,2499,2499,0,0,1835,110,0,0,1835,110,1835,110,2.0157809257507324,1.474866509437561,0.7342937174869948,0.044017607042817125,5037.436783194542,3685.691400885582
bfebbd19caf4dad38fd66eab,common256_crop,1,1,2499,2499,0,0,2483,451,0,0,2483,451,2483,451,2.1012191772460938,1.5835957527160645,0.9935974389755903,0.18047218887555022,5250.946805238724,3957.4058010578156
bfebbd19caf4dad38fd66eab,common256_crop,1,2,2548,2548,0,0,2461,183,0,0,2461,183,2461,183,2.038774013519287,1.5453304052352905,0.9658555729984302,0.07182103610675039,5194.796052694321,3937.501755833626
bfebbd19caf4dad38fd66eab,common256_crop,1,3,2499,2499,0,0,1869,136,0,0,1869,136,1869,136,2.018507480621338,1.5320723056793213,0.7478991596638656,0.05442176870748299,5044.249923706055,3828.6486953496933
bfebbd19caf4dad38fd66eab,common256_crop,2,0,2499,2499,0,0,1704,173,0,0,1704,173,1704,173,1.906475305557251,1.5082687139511108,0.6818727490996399,0.06922769107643058,4764.281746149063,3769.1637428998947
bfebbd19caf4dad38fd66eab,common256_crop,2,1,2499,2499,27,27,2437,475,27,27,2437,475,2410,448,2.087265968322754,1.5950173139572144,0.9751900760304122,0.19007603041216486,5216.077501416206,3985.9483597278595
bfebbd19caf4dad38fd66eab,common256_crop,2,2,2548,2548,23,23,2410,291,23,21,2410,293,2387,270,2.0266714096069336,1.5395139455795288,0.945839874411303,0.11420722135007849,5163.958863258362,3922.6817256212234
bfebbd19caf4dad38fd66eab,common256_crop,2,3,2499,2499,0,0,1926,79,0,0,1926,79,1926,79,2.004474401473999,1.4944292306900024,0.7707082833133253,0.031612645058023206,5009.181280493736,3734.578696489334
bfebbd19caf4dad38fd66eab,common256_crop,3,0,2499,2499,0,0,10,0,0,0,10,0,10,0,1.4453117847442627,1.4243004322052002,0.004001600640256103,0.0,3611.83416980505,3559.3269889354706
bfebbd19caf4dad38fd66eab,common256_crop,3,1,2499,2499,0,0,1380,28,0,0,1380,28,1380,28,1.803849220275879,1.442220687866211,0.5522208883553421,0.011204481792717087,4507.819215655327,3604.1093660593033
bfebbd19caf4dad38fd66eab,common256_crop,3,2,2548,2548,0,0,1513,0,0,0,1513,0,1513,0,1.8658500909805298,1.445825457572937,0.5937990580847724,0.0,4754.185857534409,3683.9635759592056
bfebbd19caf4dad38fd66eab,common256_crop,3,3,2499,2499,0,0,266,0,0,0,266,0,266,0,1.5197525024414062,1.4168481826782227,0.10644257703081232,0.0,3797.861553668976,3540.7035695314407
bfebbd19caf4dad38fd66eab,native_content,0,0,11904,11904,0,0,1027,91,0,0,1027,91,1027,91,1.506480097770691,1.4754003286361694,0.08627352150537634,0.007644489247311828,17933.1375977993,17563.16616642475
bfebbd19caf4dad38fd66eab,native_content,0,1,11904,11904,0,0,294,44,0,0,294,44,294,44,1.4809094667434692,1.4075813293457031,0.02469758064516129,0.003696236559139785,17628.74788916111,16755.847576498985
bfebbd19caf4dad38fd66eab,native_content,0,2,11904,11904,0,0,125,56,0,0,125,56,125,56,1.4759607315063477,1.4249203205108643,0.010500672043010752,0.004704301075268817,17569.835772395134,16962.25260388851
bfebbd19caf4dad38fd66eab,native_content,0,3,11904,11904,0,0,81,182,0,0,81,182,81,182,1.465333342552185,1.4506229162216187,0.006804435483870968,0.015288978494623656,17443.328701019287,17268.215053081512
bfebbd19caf4dad38fd66eab,native_content,1,0,11904,11904,0,0,8722,541,0,0,8722,541,8722,541,2.0172014236450195,1.4744449853897095,0.7326948924731183,0.04544690860215054,24012.766120910645,17551.79215824604
bfebbd19caf4dad38fd66eab,native_content,1,1,11904,11904,0,0,11860,2171,0,0,11860,2171,11860,2171,2.1034207344055176,1.583563208580017,0.9963037634408602,0.18237567204301075,25039.122802734375,18850.73508620262
bfebbd19caf4dad38fd66eab,native_content,1,2,11904,11904,0,0,11509,909,0,0,11509,909,11509,909,2.0400495529174805,1.5448788404464722,0.966817876344086,0.07636088709677419,24284.75053191185,18390.23902273178
bfebbd19caf4dad38fd66eab,native_content,1,3,11904,11904,0,0,9023,794,0,0,9023,794,9023,794,2.031580686569214,1.5383379459381104,0.7579805107526881,0.0667002688172043,24183.935574293137,18312.375485301018
bfebbd19caf4dad38fd66eab,native_content,2,0,11904,11904,0,0,8056,855,0,0,8056,855,8056,855,1.9033212661743164,1.5077694654464722,0.676747311827957,0.07182459677419355,22657.136788129807,17948.488327741623
bfebbd19caf4dad38fd66eab,native_content,2,1,11904,11904,126,126,11579,2277,126,126,11579,2277,11453,2151,2.088538646697998,1.5948361158370972,0.972698252688172,0.19128024193548387,24861.965711593628,18984.93030691147
bfebbd19caf4dad38fd66eab,native_content,2,2,11904,11904,129,129,11270,1421,129,123,11270,1427,11141,1298,2.0279905796051025,1.5393545627593994,0.9467405913978495,0.11937163978494623,24141.199382662773,18324.476900815964
bfebbd19caf4dad38fd66eab,native_content,2,3,11904,11904,0,0,9218,368,0,0,9218,368,9218,368,2.0114409923553467,1.5007246732711792,0.774361559139785,0.030913978494623656,23944.192776679993,17864.62638747692
bfebbd19caf4dad38fd66eab,native_content,3,0,11904,11904,0,0,39,4,0,0,39,4,39,4,1.447782278060913,1.4276354312896729,0.003276209677419355,0.0003360215053763441,17234.400265216827,16994.57250916958
bfebbd19caf4dad38fd66eab,native_content,3,1,11904,11904,0,0,6623,146,0,0,6623,146,6623,146,1.8069915771484375,1.4445229768753052,0.5563676075268817,0.012264784946236559,21510.42736542225,17195.602637290955
bfebbd19caf4dad38fd66eab,native_content,3,2,11904,11904,0,0,7132,2,0,0,7132,2,7132,2,1.8676719665527344,1.4485243558883667,0.5991263440860215,0.00016801075268817206,22232.7676384449,17243.234029650688
bfebbd19caf4dad38fd66eab,native_content,3,3,11904,11904,0,0,1257,27,0,0,1257,27,1257,27,1.5290586948394775,1.425442099571228,0.10559475806451613,0.0022681451612903227,18201.912770867348,16968.46255159378
