image_id,score,seconds,fallback
956906775fe36364e0cef555,1.8809603452682495,0.29012525000143796,False
095392cfded6f0c2cb8c7de8,1.925974726676941,0.2868175830008113,False
4c6b62ea5740038f04527080,1.9379469156265259,0.2868593339990184,False
864a24871853f4ee071e9728,1.8246874809265137,0.2884633749999921,False
e3e53a15454e99370b219ed5,1.8430075645446777,0.2872633750012028,False
06ff726d9e21b212fa7f6291,1.801795482635498,0.2873354160001327,False
1ab1af080f648bf89a020616,1.9223101139068604,0.2870082920017012,False
ab102a229b6bb0c3df26b639,1.9050366878509521,0.28736537499935366,False
f527d606cb1f64dc19b0d7f4,1.8338732719421387,0.2884132920007687,False
1ca2779c77509095fe9e8337,1.8548738956451416,0.2908732500000042,False
f9c8f4b979d980dc88993139,1.8629497289657593,0.28773691699825577,False
7b57d0a4c0aa679ac82532cb,2.0747199058532715,0.287928791000013,False
aca487e1bcecb78c22d56a31,1.784155249595642,0.2875547090006876,False
65f16b603ffa4a89bca91660,1.8191114664077759,0.28764358300031745,False
4d7b7cda4091d1c17f00563d,2.022263288497925,0.2877742089985986,False
66f1c1ef430b56b6f7dfb051,1.8126674890518188,0.2875504580006236,False
16f7ac12020b9fb0663ce6fb,1.8501213788986206,0.287734833000286,False
a9e5597442bdfbb996511177,2.052434206008911,0.2876747090012941,False
2cf554aca4c3d9a9781555fd,1.9257303476333618,0.2874586249999993,False
f20a5dba3bb929538cca04b8,1.8707643747329712,0.28700725000089733,False
29264c6b2773e1d6fc04a1cf,1.8196039199829102,0.2892429159983294,False
92c9e638b5c71b5395560ff7,1.976164698600769,0.29044762500052457,False
6b43ebf87627681b154cabde,1.8258533477783203,0.2868161250007688,False
b21320afee8c93e524a200ec,1.7633439302444458,0.2880494999990333,False
1a4f24285d6c559bdea972b2,1.842871069908142,0.28770841599907726,False
71b64a5d77a95dec19507b7c,1.9867422580718994,0.2867917920011678,False
37d81101f3fcc01d5a1efd8a,1.8793166875839233,0.28652491599859786,False
5cfccbf82f4ba95aa416a79b,1.8927252292633057,0.2864708330016583,False
de961b5b424372429ec9d5d5,1.8594869375228882,0.28760337499988964,False
48c0a1622b7204e488851ca2,1.7993900775909424,0.2871237920007843,False
b4ac29669c8ff9cc5cfb8515,2.054126024246216,0.2874854170004255,False
3ad3cd2d193c37520a64ac51,1.856734275817871,0.28784908300076495,False
13452ab920b13c16081caef4,1.9095277786254883,0.2876853339985246,False
949ba31189da990b746f189c,1.9693766832351685,0.2876858329982497,False
c90f725868648a32cbe9c2de,1.8761262893676758,0.28766929099947447,False
23119e24f887691f83386aa1,1.8792097568511963,0.2881544580013724,False
a874b59b35950a97ccb5460c,2.0466055870056152,0.28713108400188503,False
733cf3579a505b8802a8c9fc,1.9839483499526978,0.28715179199934937,False
22247d3bbfdf9bd895ab2ac9,1.8875837326049805,0.28794729099899996,False
4dafa26196377a1e6132aa2a,1.8473035097122192,0.2874746250017779,False
2f36d93c0e7531d8cbd3f8fb,1.7764582633972168,0.2894791250000708,False
2ab8f47934ac1be3ea9e069e,1.851975440979004,0.28854250000222237,False
f1b0dafdd8a8a80dd5b765fb,1.7767313718795776,0.2877660419981112,False
227991b4b74034e500f0df1c,1.704119086265564,0.28828812500069034,False
7ec309f954d57e97db290d51,1.7741276025772095,0.2869321250000212,False
e11c1f09840d4dc1ebd4d928,1.9142361879348755,0.2879001250003057,False
9a1e31c6e34ddd7689288f8d,1.8200128078460693,0.2875882919979631,False
7b28d70455b033b2dcf8fc9b,1.8238303661346436,0.28720904200235964,False
cf294101d9cb58b00f86af20,2.214780807495117,0.28774733300087973,False
324000b9b0bca27635087469,1.7891368865966797,0.28984404199945857,False
536f8bb4ab868beb2e31f26d,1.857608437538147,0.287900625000475,False
e1b6e73ea1c1506d975ed678,1.8312824964523315,0.2876733749981213,False
a2c949a8138f285341e36b2f,1.811354637145996,0.28677504200095427,False
d7a9145ce01694bff79df75d,1.978342056274414,0.2875235829997109,False
246401551a490c038fea39f9,1.886090874671936,0.286834208000073,False
91a53ffa9a9338037b8e17c8,2.0815916061401367,0.2874535000009928,False
47116b444c82d0369db43d96,1.8794106245040894,0.29017920800106367,False
24b3c56123ac64d1a9558c5c,1.6804970502853394,0.2868627080024453,False
e6609a47285a2ca7bfb00eb9,1.874311089515686,0.28708712499792455,False
e3c620f36e2c8b42669883e5,1.7897253036499023,0.287475249999261,False
234dc1c4cebdbd3e6d5e5727,2.0827972888946533,0.3131801660019846,False
88f40bec509ce6e57bea78d9,1.9470337629318237,0.28758899999957066,False
a233a3f48172c63ee3e1806d,1.8825790882110596,0.28919629200026975,False
3e422aa56ea3f356fce6def4,1.7924302816390991,0.2885538330010604,False
8d077417dac7a451e93c53f1,1.8901162147521973,0.288120416997117,False
c16f99d1343b93c818bca622,1.8891276121139526,0.2881742919998942,False
e5f3751472ef268122f4ebd7,1.9037195444107056,0.2880747089984652,False
756021a17afa68fce3c94973,1.8432388305664062,0.2880339160001313,False
e886a4200bf8dd2df2c08208,1.744110107421875,0.2876439579995349,False
211edff6d9d81f2a05d576a3,1.8738518953323364,0.2871192089987744,False
a6a57f9e79100cebf512f1db,1.8022756576538086,0.2852939170006721,False
7c25bbd729f4e67f0ba3b0c3,2.0732476711273193,0.2850044170008914,False
407ddd75b9a741fbf7c2fc56,1.9010636806488037,0.28889962500034017,False
dfcd151cdd744ec8b82ef4cb,1.8484437465667725,0.2852823339999304,False
1331a43b8f8468b25687bbb1,1.858918309211731,0.28585608299908927,False
0782ee2d3e27c17669e754fd,1.8145989179611206,0.28625349999856553,False
29e44f2b4f980e145cc4125b,1.7838107347488403,0.28735458300070604,False
f0255799928a080b703707e8,1.8945226669311523,0.28854712499742163,False
fe191a0f5ae4e2fdc30865c4,1.9505245685577393,0.2879526669967163,False
0f10ec6b2c6099afc1ecdf33,1.8708043098449707,0.2875068329994974,False
88a81931af12ae641c3003e2,1.9088449478149414,0.2864183329984371,False
79f7638434c26e85711b79ab,1.9252649545669556,0.2865432500002498,False
9e5bf038c530c2e6cf8f8f1e,1.848107933998108,0.28794604200083995,False
e3f0081cc53bd43ee9d33f0d,1.9361059665679932,0.28801020800165134,False
7a0a7f5587546bec8f98d482,1.7991611957550049,0.2881515410008433,False
6d572dc3c3542f6f662ad217,1.830849289894104,0.2876342500021565,False
b2d67f8bb481dbdac6986bd2,2.0081818103790283,0.28704508299779263,False
8738d9f894d9becb89444125,1.8038806915283203,0.28634320799756097,False
aaff53ff93370e8c7d895c72,1.7712056636810303,0.2864105830012704,False
d3fb37bb17fc2c3ad8bca0e0,1.8576921224594116,0.28871320799953537,False
e622b62f32f6eb72ed6a5949,1.9392064809799194,0.2900720830002683,False
861df9abcfea18b20057ec0e,1.9192407131195068,0.2877410000000964,False
52397c2b4017a4a648564309,1.8208153247833252,0.28709141600120347,False
2dbee3a3d59a98193ef9a19f,1.9471290111541748,0.2877913330012234,False
cbd5704ce48ac6be43a4557f,1.8662164211273193,0.28741508399980376,False
7a6cffd6d8ec96a2e62652fe,1.9183071851730347,0.28777508399798535,False
bc15f1f7e1b1d82bb4971b6a,1.9419959783554077,0.2878681250003865,False
8734b8355da1d20df1bf8041,1.7590066194534302,0.28735541599962744,False
cf9e8ca03ce9894cb824af69,1.8778126239776611,0.28650658299739007,False
f0222587d2a43299f99a4659,1.76850163936615,0.28718066600049497,False
200d9bb7b8c6d74fa49d5f5e,1.8278416395187378,0.28772604199912166,False
004d895dc5990ee7d7ca573b,1.9475635290145874,0.28750612499788986,False
8ec4b6bb9475504521da8b86,1.8309251070022583,0.28715412500241655,False
b0780facd7b3fa47dae834e2,1.9182512760162354,0.2878617500027758,False
d7ff54c7b4657ca3abb8760c,1.9352235794067383,0.2865361669973936,False
432dd58fa4ffb3c3fdaa4956,1.9601367712020874,0.28768700000000536,False
e38956da9055feecc471f925,1.8122203350067139,0.28962412499822676,False
a225a34cb357c4d82bc3ea46,1.9475655555725098,0.28742112499821815,False
d89eedca0380c77cb1f679c6,1.8183531761169434,0.28722449999986566,False
75163185d2b9a8f78c0a3014,1.9379762411117554,0.28782154199871,False
fd6f0fdcc075bbe32d98e730,1.947705864906311,0.28949679200013634,False
568939b28e0d8b214b43f363,1.845054268836975,0.2934884170026635,False
97a3b1a85b5e73acb97316d1,1.876686692237854,0.2906184999992547,False
e2b572224a26b59cbb4e1548,2.235506772994995,0.2880001249977795,False
904fa395fceaa6ca57d95e57,2.260680675506592,0.28645891699852655,False
b634be64baa5c6d442e0ecc1,2.2678849697113037,0.2890722079973784,False
ac2c49cb91d031f3aa11169c,2.1941230297088623,0.288456333000795,False
33b5fa432e6f35fb6d7081c4,2.3762338161468506,0.28886529200099176,False
a7561e96de8cce01921490d5,2.1904141902923584,0.2879183330005617,False
82e8cafc4b4595142de63a65,2.130718946456909,0.28777095899931737,False
8c088ade71ac879ee65fe7ba,2.2570948600769043,0.28935408300094423,False
ed56d58b655aafc668aa0f72,2.198521614074707,0.29175512499932665,False
ebb9e96ecf5dd9628c1aa2bc,2.166646957397461,0.29232370799945784,False
ef956842fa9271445b15d84e,2.1114754676818848,0.2913189589999092,False
9185c49f7e0d2be3258ad3d5,2.2880356311798096,0.29094266700121807,False
b8b972a3535439762a8596e1,2.1499857902526855,0.28946629199708696,False
9a67d094cb8b2043aff88d44,2.269462823867798,0.2897739999971236,False
03cb98bca86f2412527cc23c,2.106954336166382,0.2897183329987456,False
c9bf14416670a64f85d75c3a,2.240504741668701,0.2887570409984619,False
4e133a1f2e41111244f56807,2.1001179218292236,0.28928016599820694,False
f18a1177d401be709ed8eb16,2.248337984085083,0.2901709159996244,False
2211e6a475c92ee3b1e44c71,2.284536838531494,0.2901602500023728,False
1c338dfb5770538e9a4969ef,2.113313913345337,0.2896664590007276,False
bf43915a60371e0a7becb1cf,2.247621774673462,0.291377375000593,False
42586144de6a4ea3b2272397,2.286996603012085,0.2921101669999189,False
e040511ff60c11a3a4879652,2.1229124069213867,0.291001415997016,False
427759ef34c35bcd2361b74c,2.231682777404785,0.2912438330022269,False
7f0bca46a04f79da70a6cacf,2.2814154624938965,0.291284374998213,False
c4ad891f4cd45225080667c1,2.2193472385406494,0.2911163339995255,False
17bc2dfc77d1741d77a0c528,2.1184659004211426,0.2915274579972902,False
cfc6e178ed0fd4aa2b12694a,2.240126371383667,0.2908252919987717,False
716249a98a8e0b6cad7c6107,2.1506686210632324,0.28943791699930443,False
5d11280abccc2b6b7c6617e3,2.334918260574341,0.2904631250021339,False
f968d8638d3d5a6e5ff6ca7c,2.212766647338867,0.289576750001288,False
205b1a09bc4cb1b12e518a64,2.22969913482666,0.2906565830016916,False
b00883f17f7fafa1b8c8e43f,2.1983203887939453,0.28953008400276303,False
0510fc11628d84ecbb6ea63a,2.09958815574646,0.29004895799880615,False
9723cc38dc10c70816004fa2,2.1047661304473877,0.2894692080008099,False
d3d83542e27f2321ad358195,2.289968490600586,0.28991470800247043,False
40c4c503e27ad32df0d7e9ef,2.2183501720428467,0.2927642089998699,False
039d9465505e39c0aabedb0a,2.216644763946533,0.2917453750014829,False
938cbe83e9a5c3943633d6ea,2.185803174972534,0.2903092079977796,False
b0f9d3bb5de4c53136ffc3d1,2.2405941486358643,0.2898499999973865,False
d8e812c9704102c6d56d59b6,1.9400153160095215,0.29160754199983785,False
6ea81f0a8720889aa87a1def,1.818907380104065,0.29056483399836,False
17869493283a0bb550c296b1,2.087852716445923,0.2900413749994186,False
a6ccd48c62f446862b7bba76,2.0177979469299316,0.2898470419968362,False
b15e6be6eceb16fdb57d5be7,1.937703013420105,0.2888690409999981,False
5a73cc9910bd098797c42298,1.887276530265808,0.2896689579974918,False
b92468455ea7ed6b1272b9e6,1.8791898488998413,0.2902267079989542,False
e17a6dd24e62c0c3fed61642,1.978480339050293,0.2905001250001078,False
ba3ae522ee7b33da0d790372,1.743994116783142,0.2903562920000695,False
871a8e359fe7d4bd0129cbdf,1.7387104034423828,0.29018495800119126,False
5ebb520fec07bb3b51e5e2e6,1.755232334136963,0.29012308299934375,False
ee67739a1a2216f9f50575d1,1.8252044916152954,0.2918593750000582,False
c7816a50b4a6852d7789a442,1.9910951852798462,0.29145004199745017,False
303b3869299ef3c29eef8049,2.009178638458252,0.2908700830012094,False
a9d578dde6d3b3ae83cbd1e3,1.8387869596481323,0.2909816249994037,False
99e879defb574d451788acee,1.8161038160324097,0.29001633300140384,False
f53d537a9d69d551c02f92b4,1.9302864074707031,0.2929113749996759,False
332798b6d96d672ca2315296,1.920387625694275,0.2912694160004321,False
335d198b3c43c8df4eb14a3d,2.05206561088562,0.2920970839986694,False
0a3849c8ce59b47344c3e882,1.8731671571731567,0.28968950000125915,False
36731a2f94c1ba2748129997,2.1372292041778564,0.2896985830011545,False
1e96dae2ccfe031404154c33,1.8034956455230713,0.2898202920005133,False
94e842f89cd2061fd4ce3fa9,1.8218410015106201,0.28998958300144295,False
38ff03b08012f368d777b730,1.8464244604110718,0.289491833998909,False
2748e3edd4e5c71b1120c414,2.030337333679199,0.28875566699935007,False
e8761d0ff99dff32d2660600,1.7809808254241943,0.2887012089995551,False
cefe29f3c9cc4e06cbcce772,1.9932255744934082,0.28807599999709055,False
043fb91d46e147537a5c87bb,1.9506422281265259,0.2877194590000727,False
