recipe,group,view,grid_row,grid_column,n_images,denominator_pixels,false_positive_pixels,gt_positive_pixels,intersection_pixels,union_pixels,mean_raw_score,threshold_exceedance_fraction,fp_frequency,fp_rate_on_negative_pixels
D1,all_normals,common256_crop,0,0,100,256698,606,0,0,606,1.09575221768064,0.002360750765490966,0.002360750765490966,0.002360750765490966
D1,all_normals,common256_crop,0,1,100,257353,3511,0,0,3511,1.1201781712527938,0.013642739738802345,0.013642739738802345,0.013642739738802345
D1,all_normals,common256_crop,0,2,100,256802,3822,0,0,3822,1.1373273762290892,0.014883061658398299,0.014883061658398299,0.014883061658398299
D1,all_normals,common256_crop,0,3,100,257043,2078,0,0,2078,1.1151149965709102,0.008084250495053357,0.008084250495053357,0.008084250495053357
D1,all_normals,common256_crop,1,0,100,257269,3207,0,0,3207,1.118659179740191,0.012465551621065888,0.012465551621065888,0.012465551621065888
D1,all_normals,common256_crop,1,1,100,257923,3721,0,0,3721,1.1458894893960507,0.014426786288931192,0.014426786288931192,0.014426786288931192
D1,all_normals,common256_crop,1,2,100,257372,5440,0,0,5440,1.1640413313399585,0.021136720389164323,0.021136720389164323,0.021136720389164323
D1,all_normals,common256_crop,1,3,100,257615,6518,0,0,6518,1.1545884347864555,0.025301321739805524,0.025301321739805524,0.025301321739805524
D1,all_normals,common256_crop,2,0,100,257009,8787,0,0,8787,1.1590649715054442,0.03418946418218817,0.03418946418218817,0.03418946418218817
D1,all_normals,common256_crop,2,1,100,257665,11603,0,0,11603,1.1946134514460556,0.04503133914190907,0.04503133914190907,0.04503133914190907
D1,all_normals,common256_crop,2,2,100,257113,13143,0,0,13143,1.2096617576509503,0.05111760198823086,0.05111760198823086,0.05111760198823086
D1,all_normals,common256_crop,2,3,100,257357,5318,0,0,5318,1.1363159730816406,0.02066390267216357,0.02066390267216357,0.02066390267216357
D1,all_normals,common256_crop,3,0,100,257113,3515,0,0,3515,1.1403767221278944,0.013671031803137142,0.013671031803137142,0.013671031803137142
D1,all_normals,common256_crop,3,1,100,257769,2758,0,0,2758,1.1214324869352927,0.01069950226753411,0.01069950226753411,0.01069950226753411
D1,all_normals,common256_crop,3,2,100,257215,3180,0,0,3180,1.1320578439226465,0.012363198102754505,0.012363198102754505,0.012363198102754505
D1,all_normals,common256_crop,3,3,100,257462,4074,0,0,4074,1.134270664371719,0.015823694370431365,0.015823694370431365,0.015823694370431365
D1,all_normals,native_content,0,0,100,302464,732,0,0,732,1.101555684506909,0.0024201227253491326,0.0024201227253491326,0.0024201227253491326
D1,all_normals,native_content,0,1,100,302464,4233,0,0,4233,1.1226540321339957,0.013995053956834532,0.013995053956834532,0.013995053956834532
D1,all_normals,native_content,0,2,100,302464,4600,0,0,4600,1.1399509630154565,0.01520842149809564,0.01520842149809564,0.01520842149809564
D1,all_normals,native_content,0,3,100,302464,2520,0,0,2520,1.1213887191119032,0.008331570038087177,0.008331570038087177,0.008331570038087177
D1,all_normals,native_content,1,0,100,301632,3870,0,0,3870,1.1215494312535685,0.012830203691915978,0.012830203691915978,0.012830203691915978
D1,all_normals,native_content,1,1,100,301632,4495,0,0,4495,1.1458512486871384,0.014902265011669849,0.014902265011669849,0.014902265011669849
D1,all_normals,native_content,1,2,100,301632,6540,0,0,6540,1.1637350956391825,0.02168204964990452,0.02168204964990452,0.02168204964990452
D1,all_normals,native_content,1,3,100,301632,7941,0,0,7941,1.157900696521739,0.0263267823042648,0.0263267823042648,0.0263267823042648
D1,all_normals,native_content,2,0,100,304000,10593,0,0,10593,1.1618820977169824,0.0348453947368421,0.0348453947368421,0.0348453947368421
D1,all_normals,native_content,2,1,100,304000,13934,0,0,13934,1.194257975710654,0.04583552631578947,0.04583552631578947,0.04583552631578947
D1,all_normals,native_content,2,2,100,304000,15798,0,0,15798,1.2094367845617235,0.0519671052631579,0.0519671052631579,0.0519671052631579
D1,all_normals,native_content,2,3,100,304000,6428,0,0,6428,1.1396887732371688,0.021144736842105265,0.021144736842105265,0.021144736842105265
D1,all_normals,native_content,3,0,100,303552,4275,0,0,4275,1.146807497392004,0.014083254269449716,0.014083254269449716,0.014083254269449716
D1,all_normals,native_content,3,1,100,303552,3294,0,0,3294,1.124549081515275,0.010851518026565464,0.010851518026565464,0.010851518026565464
D1,all_normals,native_content,3,2,100,303552,3823,0,0,3823,1.1351002066633966,0.01259421779464474,0.01259421779464474,0.01259421779464474
D1,all_normals,native_content,3,3,100,303552,4889,0,0,4889,1.1409604112729006,0.016105971958675944,0.016105971958675944,0.016105971958675944
D1,all_anomalies,common256_crop,0,0,100,256707,4610,16,16,4626,1.1195548507031066,0.01802054482347579,0.01795821695551738,0.017959336322660318
D1,all_anomalies,common256_crop,0,1,100,256755,38797,2098,1958,40895,1.224326923058998,0.15873108605479933,0.1511051391404257,0.1523500237574463
D1,all_anomalies,common256_crop,0,2,100,256789,43088,2252,2159,45340,1.2436696153876774,0.17620303050364308,0.1677953494892694,0.16927990822552322
D1,all_anomalies,common256_crop,0,3,100,256463,5962,5,5,5967,1.1351474199620122,0.023266514078054145,0.023247018088379222,0.023247471320840058
D1,all_anomalies,common256_crop,1,0,100,256200,26426,3296,3281,29722,1.2053033198734961,0.11595238095238095,0.10314597970335675,0.10449024135640402
D1,all_anomalies,common256_crop,1,1,100,256243,35012,3350,3105,38362,1.2494178214083993,0.14875333179833206,0.13663592761558366,0.13844590399892445
D1,all_anomalies,common256_crop,1,2,100,256291,45811,3772,3302,49583,1.2781246787431255,0.19162982703255285,0.17874603478077655,0.18141605186144408
D1,all_anomalies,common256_crop,1,3,100,255957,34929,1509,1501,36438,1.2375635797783364,0.14232859425606645,0.1364643279925925,0.13727362761743067
D1,all_anomalies,common256_crop,2,0,100,255774,28953,3044,3017,31997,1.2209439567909708,0.12499315802231657,0.11319758849609421,0.1145609939461085
D1,all_anomalies,common256_crop,2,1,100,255818,40334,2867,2576,43201,1.2766510384501013,0.16773643762362306,0.15766677872550017,0.15945380725911343
D1,all_anomalies,common256_crop,2,2,100,255862,45105,2920,2724,48025,1.2875801370534063,0.18693279971234494,0.1762864356567212,0.1783215124415874
D1,all_anomalies,common256_crop,2,3,100,255532,24630,1844,1746,26474,1.206598265491187,0.10321994896920933,0.09638714524990999,0.09708776134464381
D1,all_anomalies,common256_crop,3,0,100,256292,7100,1,1,7101,1.1657674214026859,0.027706678320041204,0.02770277652053127,0.02770288461163287
D1,all_anomalies,common256_crop,3,1,100,256340,17030,61,61,17091,1.1816707695438253,0.0666731684481548,0.06643520324568931,0.0664510162752313
D1,all_anomalies,common256_crop,3,2,100,256380,19540,44,43,19584,1.189964912683225,0.0763827131601529,0.07621499336921757,0.07622807565070845
D1,all_anomalies,common256_crop,3,3,100,256053,11728,0,0,11728,1.1666413495518393,0.045803017344065486,0.045803017344065486,0.045803017344065486
D1,all_anomalies,native_content,0,0,100,300416,5499,23,23,5522,1.126488563656834,0.01838117809970175,0.018304617596932252,0.018306019114959403
D1,all_anomalies,native_content,0,1,100,300416,45587,2390,2248,47977,1.2283160155016055,0.15922920217298678,0.15174624520664678,0.1529631642876796
D1,all_anomalies,native_content,0,2,100,300416,50462,2526,2415,52988,1.2474440195711594,0.17601259586706433,0.16797374307626758,0.1693980999697875
D1,all_anomalies,native_content,0,3,100,300416,7108,5,5,7113,1.1423106451501375,0.02367716766084363,0.023660524073285043,0.02366091787584343
D1,all_anomalies,native_content,1,0,100,300544,31224,3850,3832,35074,1.208513329213317,0.11664182282793867,0.10389160988074958,0.10523974195635907
D1,all_anomalies,native_content,1,1,100,300544,41283,3975,3682,45258,1.249592020100592,0.1496120368398637,0.13736091886712096,0.13920200695285076
D1,all_anomalies,native_content,1,2,100,300544,54034,4522,3955,58556,1.2785442210355094,0.19294678982112437,0.17978731899488926,0.18253373060110398
D1,all_anomalies,native_content,1,3,100,300544,41564,1771,1757,43335,1.2410489842499919,0.14414195591993187,0.13829589011925042,0.13911564967383264
D1,all_anomalies,native_content,2,0,100,301760,34748,3671,3639,38419,1.224939735592486,0.12721036585365852,0.11515111346765641,0.11656921255061407
D1,all_anomalies,native_content,2,1,100,301760,48231,3393,3053,51624,1.2772321119612184,0.16994962884411452,0.15983231707317072,0.1616499143672055
D1,all_anomalies,native_content,2,2,100,301760,53745,3494,3266,57239,1.2882955977969732,0.1889282873806999,0.1781051166489926,0.18019150690993946
D1,all_anomalies,native_content,2,3,100,301760,29984,2239,2121,32223,1.2112871391493294,0.10639249734888653,0.09936373276776246,0.10010650338373603
D1,all_anomalies,native_content,3,0,100,302080,8621,0,0,8621,1.1721400044749932,0.028538797669491526,0.028538797669491526,0.028538797669491526
D1,all_anomalies,native_content,3,1,100,302080,20361,77,77,20438,1.185404594027895,0.06765757415254238,0.0674026747881356,0.06741986006761522
D1,all_anomalies,native_content,3,2,100,302080,23295,58,56,23353,1.1933793375410644,0.07730071504237288,0.07711533368644068,0.07713014283727676
D1,all_anomalies,native_content,3,3,100,302080,14125,0,0,14125,1.1732975320194028,0.046759136652542374,0.046759136652542374,0.046759136652542374
D1,pose_canonical,common256_crop,0,0,190,487379,1805,16,16,1821,1.1026764210420408,0.0037363119871804077,0.003703483326117867,0.0037036049105081837
D1,pose_canonical,common256_crop,0,1,190,488083,27195,1012,929,28207,1.1558207707297108,0.057621347188900246,0.05571798239233901,0.055833749083809135
D1,pose_canonical,common256_crop,0,2,190,487470,30807,1533,1500,32340,1.1764966702402306,0.06627484768293433,0.06319773524524586,0.06339710703239308
D1,pose_canonical,common256_crop,0,3,190,487427,5201,5,5,5206,1.1209779221066232,0.01068057370642168,0.010670315760103565,0.010670425216752629
D1,pose_canonical,common256_crop,1,0,190,487441,18099,2123,2108,20222,1.1403117855962024,0.04145527356131306,0.03713064760658213,0.03729307381963991
D1,pose_canonical,common256_crop,1,1,190,488139,21375,2185,1940,23560,1.1714868238815674,0.04776303470937581,0.043788756890967534,0.04398564473180589
D1,pose_canonical,common256_crop,1,2,190,487538,33491,2516,2046,36007,1.1946558689021805,0.07289072851757196,0.06869413255992353,0.06905047606087972
D1,pose_canonical,common256_crop,1,3,190,487490,28270,1509,1501,29779,1.1765997603514562,0.06106997066606495,0.057990933147346616,0.05817099845467209
D1,pose_canonical,common256_crop,2,0,190,486809,27163,2099,2072,29262,1.1717660815346063,0.06005435396633998,0.0557980645386589,0.05603969383755235
D1,pose_canonical,common256_crop,2,1,190,487510,38596,2281,2000,40877,1.2154003836178628,0.08327213800742549,0.07916965805829625,0.0795418245817954
D1,pose_canonical,common256_crop,2,2,190,486904,43860,2195,2041,46055,1.2299835272506106,0.09427114995974566,0.09007935855938748,0.09048728205995762
D1,pose_canonical,common256_crop,2,3,190,486862,17834,1844,1746,19678,1.1505747891747333,0.040216734926940285,0.03663050309944091,0.03676976936938423
D1,pose_canonical,common256_crop,3,0,190,487274,7330,1,1,7331,1.1496469246400225,0.015044923390125474,0.015042871156679814,0.015042902028226477
D1,pose_canonical,common256_crop,3,1,190,487979,8452,61,61,8513,1.1319054817948127,0.01744542285631144,0.01732041747698159,0.017322582893027107
D1,pose_canonical,common256_crop,3,2,190,487368,10500,43,43,10543,1.1424271425770438,0.021632524088573725,0.021544295070665288,0.02154619607038424
D1,pose_canonical,common256_crop,3,3,190,487330,9656,0,0,9656,1.144590147200215,0.019814089015656743,0.019814089015656743,0.019814089015656743
D1,pose_canonical,native_content,0,0,190,572672,2225,23,23,2248,1.1091458481325567,0.00392545820295038,0.003885295596781404,0.0038854516466456765
D1,pose_canonical,native_content,0,1,190,572672,32256,1136,1058,33392,1.1590280167984945,0.058172915735359855,0.05632543585158695,0.0564373897707231
D1,pose_canonical,native_content,0,2,190,572672,36487,1728,1689,38215,1.1798398032917479,0.0666629414394278,0.06371360918641038,0.06390644266337854
D1,pose_canonical,native_content,0,3,190,572672,6317,5,5,6322,1.127676510973032,0.011039478095663835,0.011030747094322753,0.011030843404631313
D1,pose_canonical,native_content,1,0,190,572096,21398,2479,2461,23877,1.143246197735257,0.041704539098333146,0.037402813513815865,0.03756559231904947
D1,pose_canonical,native_content,1,1,190,572096,25548,2596,2303,28144,1.1716381141264545,0.04868238896968341,0.044656840809934,0.04486040386303775
D1,pose_canonical,native_content,1,2,190,572096,39943,3035,2468,42978,1.1947934046747741,0.07413266304955812,0.06981870175634859,0.07019106914724432
D1,pose_canonical,native_content,1,3,190,572096,33705,1771,1757,35476,1.1798275050113611,0.06198610023492561,0.05891493735317149,0.059097882786130713
D1,pose_canonical,native_content,2,0,190,575360,32632,2494,2462,35126,1.1747321265784856,0.0609948553948832,0.05671579532814238,0.05696271030223473
D1,pose_canonical,native_content,2,1,190,575360,46225,2698,2372,48923,1.2153109274002765,0.08446364015572859,0.08034100389321468,0.0807195169227223
D1,pose_canonical,native_content,2,2,190,575360,52522,2573,2392,55095,1.2300103473505037,0.0954428531701891,0.09128545606229144,0.09169551683260968
D1,pose_canonical,native_content,2,3,190,575360,21695,2239,2121,23934,1.154122853724574,0.04139321468298109,0.03770682703003337,0.03785413551414099
D1,pose_canonical,native_content,3,0,190,575296,8937,0,0,8937,1.1559994146239234,0.015534611747691622,0.015534611747691622,0.015534611747691622
D1,pose_canonical,native_content,3,1,190,575296,10110,77,77,10187,1.1351186015804495,0.0177074062743353,0.01757356213149405,0.017575914564713614
D1,pose_canonical,native_content,3,2,190,575296,12531,56,56,12587,1.1454210877316984,0.021879171765491156,0.02178183057069752,0.021783951046519714
D1,pose_canonical,native_content,3,3,190,575296,11629,0,0,11629,1.1510723369714713,0.020213942040271445,0.020213942040271445,0.020213942040271445
D1,pose_reversed_180,common256_crop,0,0,5,12699,3281,0,0,3281,1.2601501994132431,0.2583668005354752,0.2583668005354752,0.2583668005354752
D1,pose_reversed_180,common256_crop,0,1,5,12747,8323,0,0,8323,1.4301992034392141,0.6529379461834157,0.6529379461834157,0.6529379461834157
D1,pose_reversed_180,common256_crop,0,2,5,12746,8453,0,0,8453,1.435256527906008,0.6631884512788325,0.6631884512788325,0.6631884512788325
D1,pose_reversed_180,common256_crop,0,3,5,12699,2517,0,0,2517,1.2616981330823969,0.19820458303803448,0.19820458303803448,0.19820458303803448
D1,pose_reversed_180,common256_crop,1,0,5,12699,10114,1173,1173,11287,1.9549017981268568,0.888810142530908,0.7964406646192613,0.8774943605760889
D1,pose_reversed_180,common256_crop,1,1,5,12746,12170,576,576,12746,1.9474820944328763,1.0,0.9548093519535541,1.0
D1,pose_reversed_180,common256_crop,1,2,5,12747,12099,648,648,12747,1.960795467476139,1.0,0.949164509296305,1.0
D1,pose_reversed_180,common256_crop,1,3,5,12699,12045,0,0,12045,1.919171760467875,0.9484998818804631,0.9484998818804631,0.9484998818804631
D1,pose_reversed_180,common256_crop,2,0,5,12648,9863,945,945,10808,1.8939165659649397,0.8545224541429475,0.7798070841239721,0.8427753567461335
D1,pose_reversed_180,common256_crop,2,1,5,12695,12176,519,519,12695,1.998947482486558,1.0,0.959117762898779,1.0
D1,pose_reversed_180,common256_crop,2,2,5,12695,12070,625,625,12695,1.9326868892044662,1.0,0.9507680189050808,1.0
D1,pose_reversed_180,common256_crop,2,3,5,12648,11669,0,0,11669,1.9544846922404249,0.9225964579380139,0.9225964579380139,0.9225964579380139
D1,pose_reversed_180,common256_crop,3,0,5,12750,3086,0,0,3086,1.2570526269043194,0.2420392156862745,0.2420392156862745,0.2420392156862745
D1,pose_reversed_180,common256_crop,3,1,5,12798,11218,0,0,11218,1.9053613116944612,0.8765432098765432,0.8765432098765432,0.8765432098765432
D1,pose_reversed_180,common256_crop,3,2,5,12798,12063,0,0,12063,1.9021950349675099,0.9425691514299109,0.9425691514299109,0.9425691514299109
D1,pose_reversed_180,common256_crop,3,3,5,12750,5830,0,0,5830,1.3602579977372113,0.45725490196078433,0.45725490196078433,0.45725490196078433
D1,pose_reversed_180,native_content,0,0,5,15040,3845,0,0,3845,1.2637141781720391,0.2556515957446808,0.2556515957446808,0.2556515957446808
D1,pose_reversed_180,native_content,0,1,5,15040,9759,0,0,9759,1.4286856362160216,0.6488696808510638,0.6488696808510638,0.6488696808510638
D1,pose_reversed_180,native_content,0,2,5,15040,9939,0,0,9939,1.4346034257137712,0.6608377659574468,0.6608377659574468,0.6608377659574468
D1,pose_reversed_180,native_content,0,3,5,15040,2939,0,0,2939,1.2677218600988704,0.1954122340425532,0.1954122340425532,0.1954122340425532
D1,pose_reversed_180,native_content,1,0,5,15104,12121,1371,1371,13492,1.9566028904430253,0.8932733050847458,0.8025026483050848,0.8826185101580135
D1,pose_reversed_180,native_content,1,1,5,15104,14442,662,662,15104,1.945721021316693,1.0,0.9561705508474576,1.0
D1,pose_reversed_180,native_content,1,2,5,15104,14323,781,781,15104,1.9614710660840748,1.0,0.948291843220339,1.0
D1,pose_reversed_180,native_content,1,3,5,15104,14558,0,0,14558,1.9223155856164078,0.9638506355932204,0.9638506355932204,0.9638506355932204
D1,pose_reversed_180,native_content,2,0,5,15168,11842,1177,1177,13019,1.9039008423748902,0.8583201476793249,0.7807225738396625,0.8464012579515403
D1,pose_reversed_180,native_content,2,1,5,15168,14554,614,614,15168,1.9964254290682857,1.0,0.9595200421940928,1.0
D1,pose_reversed_180,native_content,2,2,5,15168,14360,808,808,15168,1.9332344679531293,1.0,0.9467299578059072,1.0
D1,pose_reversed_180,native_content,2,3,5,15168,14219,0,0,14219,1.9649251983481368,0.9374340717299579,0.9374340717299579,0.9374340717299579
D1,pose_reversed_180,native_content,3,0,5,15168,3721,0,0,3721,1.2669563226810487,0.24531909282700423,0.24531909282700423,0.24531909282700423
D1,pose_reversed_180,native_content,3,1,5,15168,13420,0,0,13420,1.9145331678574096,0.8847573839662447,0.8847573839662447,0.8847573839662447
D1,pose_reversed_180,native_content,3,2,5,15168,14417,0,0,14417,1.9112981451431659,0.9504878691983122,0.9504878691983122,0.9504878691983122
D1,pose_reversed_180,native_content,3,3,5,15168,7022,0,0,7022,1.3732078453714522,0.4629483122362869,0.4629483122362869,0.4629483122362869
D1,pose_uncertain,common256_crop,0,0,5,13327,130,0,0,130,1.1443679027710512,0.009754633450889172,0.009754633450889172,0.009754633450889172
D1,pose_uncertain,common256_crop,0,1,5,13278,6790,1086,1029,7876,1.5262881119237963,0.5888688055430035,0.5113721946076216,0.5569225721784777
D1,pose_uncertain,common256_crop,0,2,5,13375,7650,719,659,8369,1.4675147805213928,0.6212336448598131,0.5719626168224299,0.604456384323641
D1,pose_uncertain,common256_crop,0,3,5,13380,322,0,0,322,1.1463831538576716,0.02406576980568012,0.02406576980568012,0.02406576980568012
D1,pose_uncertain,common256_crop,1,0,5,13329,1420,0,0,1420,1.195515346009265,0.10653462375271963,0.10653462375271963,0.10653462375271963
D1,pose_uncertain,common256_crop,1,1,5,13281,5188,589,589,5777,1.433236359181098,0.4349823055492809,0.39063323544913786,0.4087614245193823
D1,pose_uncertain,common256_crop,1,2,5,13378,5661,608,608,6269,1.4747424676807175,0.46860517267155033,0.4231574226341755,0.4433046202036022
D1,pose_uncertain,common256_crop,1,3,5,13383,1132,0,0,1132,1.2142405631714477,0.08458492116864678,0.08458492116864678,0.08458492116864678
D1,pose_uncertain,common256_crop,2,0,5,13326,714,0,0,714,1.1853007469452055,0.053579468707789284,0.053579468707789284,0.053579468707789284
D1,pose_uncertain,common256_crop,2,1,5,13278,1165,67,57,1232,1.2429515750387703,0.09203193251995782,0.08773911733694834,0.08818408901672849
D1,pose_uncertain,common256_crop,2,2,5,13376,2318,100,58,2418,1.274165154813508,0.17763157894736842,0.17329545454545456,0.17460078336848447
D1,pose_uncertain,common256_crop,2,3,5,13379,445,0,0,445,1.1863272641617333,0.03326108079826594,0.03326108079826594,0.03326108079826594
D1,pose_uncertain,common256_crop,3,0,5,13381,199,0,0,199,1.1779439184316631,0.014871833196323144,0.014871833196323144,0.014871833196323144
D1,pose_uncertain,common256_crop,3,1,5,13332,118,0,0,118,1.1437966263029549,0.00885088508850885,0.00885088508850885,0.00885088508850885
D1,pose_uncertain,common256_crop,3,2,5,13429,157,1,0,158,1.1273169228748143,0.011691116240971033,0.011691116240971033,0.011691986893059279
D1,pose_uncertain,common256_crop,3,3,5,13435,316,0,0,316,1.1624268969883473,0.023520655005582435,0.023520655005582435,0.023520655005582435
D1,pose_uncertain,native_content,0,0,5,15168,161,0,0,161,1.1480151975708168,0.01061445147679325,0.01061445147679325,0.01061445147679325
D1,pose_uncertain,native_content,0,1,5,15168,7805,1254,1190,9059,1.5386266405320872,0.5930247890295358,0.5145701476793249,0.5609458099755642
D1,pose_uncertain,native_content,0,2,5,15168,8636,798,726,9434,1.4707684142648672,0.6172204641350211,0.5693565400843882,0.6009742519137091
D1,pose_uncertain,native_content,0,3,5,15168,372,0,0,372,1.153270875728583,0.0245253164556962,0.0245253164556962,0.0245253164556962
D1,pose_uncertain,native_content,1,0,5,14976,1575,0,0,1575,1.1957479477939634,0.10516826923076923,0.10516826923076923,0.10516826923076923
D1,pose_uncertain,native_content,1,1,5,14976,5788,717,717,6505,1.4359734967852442,0.4343616452991453,0.38648504273504275,0.40591906865839117
D1,pose_uncertain,native_content,1,2,5,14976,6308,706,706,7014,1.4767596228486006,0.468349358974359,0.42120726495726496,0.44204625087596355
D1,pose_uncertain,native_content,1,3,5,14976,1242,0,0,1242,1.217980629243116,0.0829326923076923,0.0829326923076923,0.0829326923076923
D1,pose_uncertain,native_content,2,0,5,15232,867,0,0,867,1.1868256297932953,0.056919642857142856,0.056919642857142856,0.056919642857142856
D1,pose_uncertain,native_content,2,1,5,15232,1386,81,67,1467,1.2440198676684135,0.09539128151260504,0.09099264705882353,0.09147911028974985
D1,pose_uncertain,native_content,2,2,5,15232,2661,113,66,2774,1.2738188180462027,0.17903098739495799,0.17469800420168066,0.17600370394867385
D1,pose_uncertain,native_content,2,3,5,15232,498,0,0,498,1.1911294410639137,0.03269432773109244,0.03269432773109244,0.03269432773109244
D1,pose_uncertain,native_content,3,0,5,15168,238,0,0,238,1.1825375304742076,0.015690928270042193,0.015690928270042193,0.015690928270042193
D1,pose_uncertain,native_content,3,1,5,15168,125,0,0,125,1.145656147889227,0.008241033755274262,0.008241033755274262,0.008241033755274262
D1,pose_uncertain,native_content,3,2,5,15168,170,2,0,172,1.1281136513888081,0.011207805907172996,0.011207805907172996,0.011209283924568113
D1,pose_uncertain,native_content,3,3,5,15168,363,0,0,363,1.1691986726133254,0.023931962025316455,0.023931962025316455,0.023931962025316455
D1,missing_anomalies,common256_crop,0,0,19,50217,2991,0,0,2991,1.1441738569045325,0.05956150307664735,0.05956150307664735,0.05956150307664735
D1,missing_anomalies,common256_crop,0,1,19,50163,13726,1030,899,14756,1.274176936527641,0.29154954847198133,0.2736279728086438,0.2793641747908738
D1,missing_anomalies,common256_crop,0,2,19,50058,15281,998,920,16279,1.2957352730867708,0.32364457229613647,0.3052658915657837,0.31147574398695477
D1,missing_anomalies,common256_crop,0,3,19,50220,2474,0,0,2474,1.1610530710455338,0.049263241736360014,0.049263241736360014,0.049263241736360014
D1,missing_anomalies,common256_crop,1,0,19,50171,12385,2443,2443,14828,1.359201889382282,0.2955492216619163,0.2468557533236332,0.25949128394233995
D1,missing_anomalies,common256_crop,1,1,19,50116,16257,1278,1120,17535,1.3877236682596663,0.34673557346955064,0.3243874211828558,0.3328760391498423
D1,missing_anomalies,common256_crop,1,2,19,50015,16501,1303,1105,17804,1.4054154394102683,0.3520143956812956,0.3299210236928921,0.3387460995237313
D1,missing_anomalies,common256_crop,1,3,19,50175,12493,603,599,13096,1.3458100530402721,0.2609267563527653,0.24898854010961635,0.2520172678124748
D1,missing_anomalies,common256_crop,2,0,19,49954,12525,2195,2195,14720,1.3701577107875653,0.29467109740961683,0.250730672218441,0.2622542348039113
D1,missing_anomalies,common256_crop,2,1,19,49902,11933,753,542,12686,1.3773157304656525,0.24998998036150855,0.2391286922367841,0.2427923253779324
D1,missing_anomalies,common256_crop,2,2,19,49800,13679,658,546,14337,1.3844610839651292,0.2856425702811245,0.27467871485943773,0.27835659924301004
D1,missing_anomalies,common256_crop,2,3,19,49958,11612,499,499,12111,1.3419879733283677,0.24242363585411747,0.2324352456063093,0.2347803230958976
D1,missing_anomalies,common256_crop,3,0,19,50319,3301,0,0,3301,1.1905681694454646,0.06560146266817703,0.06560146266817703,0.06560146266817703
D1,missing_anomalies,common256_crop,3,1,19,50265,9133,0,0,9133,1.295914560344745,0.18169700586889487,0.18169700586889487,0.18169700586889487
D1,missing_anomalies,common256_crop,3,2,19,50163,9796,1,0,9797,1.2974615582243367,0.19528337619360883,0.19528337619360883,0.19528726924763765
D1,missing_anomalies,common256_crop,3,3,19,50323,5429,0,0,5429,1.201812966507062,0.10788307533334658,0.10788307533334658,0.10788307533334658
D1,missing_anomalies,native_content,0,0,19,57216,3544,0,0,3544,1.1529220833747296,0.0619407158836689,0.0619407158836689,0.0619407158836689
D1,missing_anomalies,native_content,0,1,19,57216,15758,1155,1023,16913,1.2788404833235814,0.29329208612975394,0.27541247203579416,0.28108667344499744
D1,missing_anomalies,native_content,0,2,19,57216,17620,1082,982,18702,1.2999723534958159,0.32511884787472034,0.30795581655480986,0.31389175900523747
D1,missing_anomalies,native_content,0,3,19,57216,2897,0,0,2897,1.1697691598671678,0.050632690156599554,0.050632690156599554,0.050632690156599554
D1,missing_anomalies,native_content,1,0,19,57216,14569,2858,2858,17427,1.3698615895405044,0.30458263422818793,0.2546315715883669,0.2680194267633099
D1,missing_anomalies,native_content,1,1,19,57216,18959,1465,1284,20424,1.3922357038580198,0.35379963646532436,0.33135836129753915,0.3400656490466539
D1,missing_anomalies,native_content,1,2,19,57216,19218,1492,1289,20710,1.4108062036714664,0.3584137304250559,0.33588506711409394,0.34487832890675474
D1,missing_anomalies,native_content,1,3,19,57216,14883,712,708,15595,1.3558855237558034,0.2724937080536913,0.2601195469798658,0.2633972816083817
D1,missing_anomalies,native_content,2,0,19,57664,15005,2688,2688,17693,1.3837723667329211,0.306829217536071,0.26021434517203107,0.27293728172293363
D1,missing_anomalies,native_content,2,1,19,57664,14296,880,635,15176,1.3828098403215492,0.2589310488346282,0.24791897891231965,0.25176105945336713
D1,missing_anomalies,native_content,2,2,19,57664,16265,847,722,17112,1.390196964795909,0.2945858768035516,0.28206506659267483,0.2862699544150518
D1,missing_anomalies,native_content,2,3,19,57664,14093,602,602,14695,1.3546991812243032,0.25483837402885684,0.24439858490566038,0.24697697241596858
D1,missing_anomalies,native_content,3,0,19,57472,3935,0,0,3935,1.199696765214885,0.06846812360801782,0.06846812360801782,0.06846812360801782
D1,missing_anomalies,native_content,3,1,19,57472,10872,0,0,10872,1.3058398287434272,0.18917037861915367,0.18917037861915367,0.18917037861915367
D1,missing_anomalies,native_content,3,2,19,57472,11718,2,0,11720,1.3077160937261492,0.20389059020044542,0.20389059020044542,0.20389768574908648
D1,missing_anomalies,native_content,3,3,19,57472,6481,0,0,6481,1.2125431589776015,0.1127679565701559,0.1127679565701559,0.1127679565701559
D1,nonmissing_anomalies,common256_crop,0,0,81,206490,1619,16,16,1635,1.113567671496283,0.007918058985907308,0.007840573393384667,0.007841180971938356
D1,nonmissing_anomalies,common256_crop,0,1,81,206592,25071,1068,1059,26139,1.2122227456192733,0.12648118029739777,0.12135513475836432,0.12198575348864366
D1,nonmissing_anomalies,common256_crop,0,2,81,206731,27807,1254,1239,29061,1.231062397829105,0.14050142455654932,0.1345081289211584,0.13532901492624477
D1,nonmissing_anomalies,common256_crop,0,3,81,206243,3488,5,5,3493,1.1288394153392396,0.016936332384614266,0.01691208913757073,0.016912499151465782
D1,nonmissing_anomalies,common256_crop,1,0,81,206029,14041,853,838,14894,1.167826823211253,0.07221798872974193,0.06815060015823016,0.06843392989433462
D1,nonmissing_anomalies,common256_crop,1,1,81,206127,18755,2072,1985,20827,1.2157912910615836,0.10061758042371936,0.09098759502636725,0.09191149445002574
D1,nonmissing_anomalies,common256_crop,1,2,81,206276,29310,2469,2197,31779,1.2472609457118125,0.15274195737749424,0.14209117880897437,0.14381252851962886
D1,nonmissing_anomalies,common256_crop,1,3,81,205782,22436,906,902,23342,1.211170276205052,0.11341127989814463,0.1090280005053892,0.10951014272047482
D1,nonmissing_anomalies,common256_crop,2,0,81,205820,16428,849,822,17277,1.184728701387483,0.08381109707511418,0.07981731610144786,0.08014792336476867
D1,nonmissing_anomalies,common256_crop,2,1,81,205916,28401,2114,2034,30515,1.2522558022326145,0.14780298762602226,0.13792517337166613,0.13935584537933876
D1,nonmissing_anomalies,common256_crop,2,2,81,206062,31426,2262,2178,33688,1.2641664501232408,0.1630771321252827,0.1525074977433976,0.15420019627085377
D1,nonmissing_anomalies,common256_crop,2,3,81,205574,13018,1345,1247,14363,1.1736962495546879,0.0693910708552638,0.06332512866413068,0.06374217177775927
D1,nonmissing_anomalies,common256_crop,3,0,81,205973,3799,1,1,3800,1.1597086232069778,0.018449020017186717,0.018444165011919037,0.01844425455887208
D1,nonmissing_anomalies,common256_crop,3,1,81,206075,7897,61,61,7958,1.1538048753567174,0.03861700837073881,0.038320999636054835,0.038332346345394
D1,nonmissing_anomalies,common256_crop,3,2,81,206217,9744,43,43,9787,1.1638159810709972,0.04745971476648385,0.047251196555085175,0.04726105134498045
D1,nonmissing_anomalies,common256_crop,3,3,81,205730,6299,0,0,6299,1.1580381255201586,0.03061780002916444,0.03061780002916444,0.03061780002916444
D1,nonmissing_anomalies,native_content,0,0,81,243200,1955,23,23,1978,1.120269730333729,0.008133223684210527,0.008038651315789474,0.008039411621987277
D1,nonmissing_anomalies,native_content,0,1,81,243200,29829,1235,1225,31064,1.2164294696508564,0.1276891447368421,0.12265213815789473,0.12327816006447213
D1,nonmissing_anomalies,native_content,0,2,81,243200,32842,1444,1433,34286,1.2350860378530955,0.14093338815789475,0.13504111842105262,0.13584771422425918
D1,nonmissing_anomalies,native_content,0,3,81,243200,4211,5,5,4216,1.1358506682667098,0.017335526315789475,0.017314967105263156,0.01731532309463599
D1,nonmissing_anomalies,native_content,1,0,81,243328,16655,992,974,17647,1.170573996038013,0.0724495331404524,0.06844670568122041,0.06872689158853823
D1,nonmissing_anomalies,native_content,1,1,81,243328,22324,2510,2398,24834,1.2160508698430588,0.10159948711204629,0.09174447659126775,0.09270071174081672
D1,nonmissing_anomalies,native_content,1,2,81,243328,34816,3030,2666,37846,1.247444217753935,0.15403899263545504,0.14308258811152025,0.14488676559938077
D1,nonmissing_anomalies,native_content,1,3,81,243328,26681,1059,1049,27740,1.214046389216274,0.11396140189374014,0.10965034850078906,0.11012964927415393
D1,nonmissing_anomalies,native_content,2,0,81,244096,19743,983,951,20726,1.187417921051969,0.08477812008390141,0.08088211195595175,0.08120914965468733
D1,nonmissing_anomalies,native_content,2,1,81,244096,33935,2513,2418,36448,1.2522909653296876,0.14892910985841637,0.13902317121132668,0.14046932110289218
D1,nonmissing_anomalies,native_content,2,2,81,244096,37480,2647,2544,40127,1.2642229361121171,0.16396827477713685,0.15354614577871,0.15522946874909402
D1,nonmissing_anomalies,native_content,2,3,81,244096,15891,1637,1519,17528,1.1774082062941769,0.07132439695857368,0.06510143550078658,0.06554097806227033
D1,nonmissing_anomalies,native_content,3,0,81,244608,4686,0,0,4686,1.1656653914073787,0.019157182103610674,0.019157182103610674,0.019157182103610674
D1,nonmissing_anomalies,native_content,3,1,81,244608,9489,77,77,9566,1.1571076707483168,0.03910746991104134,0.03879268053375196,0.03880489590276898
D1,nonmissing_anomalies,native_content,3,2,81,244608,11577,56,56,11633,1.1665152854599012,0.047557725013082155,0.04732878728414443,0.047339625110405965
D1,nonmissing_anomalies,native_content,3,3,81,244608,7644,0,0,7644,1.164076555303426,0.03125,0.03125,0.03125
D2,all_normals,common256_crop,0,0,100,256698,874,0,0,874,1.4103495987095083,0.003404779156830205,0.003404779156830205,0.003404779156830205
D2,all_normals,common256_crop,0,1,100,257353,609,0,0,609,1.4219728235407665,0.002366399459108695,0.002366399459108695,0.002366399459108695
D2,all_normals,common256_crop,0,2,100,256802,707,0,0,707,1.4356955024739035,0.002753093823256828,0.002753093823256828,0.002753093823256828
D2,all_normals,common256_crop,0,3,100,257043,630,0,0,630,1.429989867393615,0.0024509517862770043,0.0024509517862770043,0.0024509517862770043
D2,all_normals,common256_crop,1,0,100,257269,4252,0,0,4252,1.4567428995686282,0.016527447924157206,0.016527447924157206,0.016527447924157206
D2,all_normals,common256_crop,1,1,100,257923,3178,0,0,3178,1.4511350306087072,0.012321506806294902,0.012321506806294902,0.012321506806294902
D2,all_normals,common256_crop,1,2,100,257372,5080,0,0,5080,1.4663910302884644,0.019737966833999036,0.019737966833999036,0.019737966833999036
D2,all_normals,common256_crop,1,3,100,257615,5206,0,0,5206,1.4437523551417872,0.020208450594879957,0.020208450594879957,0.020208450594879957
D2,all_normals,common256_crop,2,0,100,257009,9338,0,0,9338,1.4856306152660195,0.03633335797579073,0.03633335797579073,0.03633335797579073
D2,all_normals,common256_crop,2,1,100,257665,13327,0,0,13327,1.5095380996509473,0.051722197426891506,0.051722197426891506,0.051722197426891506
D2,all_normals,common256_crop,2,2,100,257113,14677,0,0,14677,1.523218666075249,0.05708385029150607,0.05708385029150607,0.05708385029150607
D2,all_normals,common256_crop,2,3,100,257357,5227,0,0,5227,1.4538061357445615,0.02031030824885276,0.02031030824885276,0.02031030824885276
D2,all_normals,common256_crop,3,0,100,257113,654,0,0,654,1.4229738333759296,0.0025436286768852606,0.0025436286768852606,0.0025436286768852606
D2,all_normals,common256_crop,3,1,100,257769,252,0,0,252,1.4240298184668077,0.0009776194965259593,0.0009776194965259593,0.0009776194965259593
D2,all_normals,common256_crop,3,2,100,257215,800,0,0,800,1.455413252847403,0.0031102385164162275,0.0031102385164162275,0.0031102385164162275
D2,all_normals,common256_crop,3,3,100,257462,857,0,0,857,1.4347793224848624,0.0033286465575502406,0.0033286465575502406,0.0033286465575502406
D2,all_normals,native_content,0,0,100,1209472,6131,0,0,6131,1.4184279679616936,0.0050691541432955865,0.0050691541432955865,0.0050691541432955865
D2,all_normals,native_content,0,1,100,1209472,3274,0,0,3274,1.4255415703279308,0.002706966345645042,0.002706966345645042,0.002706966345645042
D2,all_normals,native_content,0,2,100,1209472,3741,0,0,3741,1.4392618891492397,0.003093085247116097,0.003093085247116097,0.003093085247116097
D2,all_normals,native_content,0,3,100,1209472,3223,0,0,3223,1.4386760522320678,0.0026647991850989525,0.0026647991850989525,0.0026647991850989525
D2,all_normals,native_content,1,0,100,1210112,21569,0,0,21569,1.4612827193884874,0.01782397001269304,0.01782397001269304,0.01782397001269304
D2,all_normals,native_content,1,1,100,1210112,16343,0,0,16343,1.451049148022976,0.013505361487201184,0.013505361487201184,0.013505361487201184
D2,all_normals,native_content,1,2,100,1210112,25284,0,0,25284,1.4662453621082712,0.02089393378464142,0.02089393378464142,0.02089393378464142
D2,all_normals,native_content,1,3,100,1210112,26343,0,0,26343,1.447729759302478,0.021769059392849587,0.021769059392849587,0.021769059392849587
D2,all_normals,native_content,2,0,100,1212800,46556,0,0,46556,1.4904743711663642,0.038387203166226916,0.038387203166226916,0.038387203166226916
D2,all_normals,native_content,2,1,100,1212800,65408,0,0,65408,1.509400042530965,0.053931398416886545,0.053931398416886545,0.053931398416886545
D2,all_normals,native_content,2,2,100,1212800,72206,0,0,72206,1.5231612451596181,0.05953660949868074,0.05953660949868074,0.05953660949868074
D2,all_normals,native_content,2,3,100,1212800,26443,0,0,26443,1.4579888787205113,0.02180326517150396,0.02180326517150396,0.02180326517150396
D2,all_normals,native_content,3,0,100,1213184,3335,0,0,3335,1.4313208594364841,0.00274896470774425,0.00274896470774425,0.00274896470774425
D2,all_normals,native_content,3,1,100,1213184,1271,0,0,1271,1.4282459465371267,0.0010476564148554548,0.0010476564148554548,0.0010476564148554548
D2,all_normals,native_content,3,2,100,1213184,4050,0,0,4050,1.4595369422744615,0.0033383229584300483,0.0033383229584300483,0.0033383229584300483
D2,all_normals,native_content,3,3,100,1213184,4297,0,0,4297,1.4438528618615143,0.003541919445030597,0.003541919445030597,0.003541919445030597
D2,all_anomalies,common256_crop,0,0,100,256707,2183,16,14,2199,1.4184276398823048,0.00855839536903941,0.008503858484575801,0.0085043885449821
D2,all_anomalies,common256_crop,0,1,100,256755,9119,2098,1306,11217,1.4686495711834961,0.04060290938832739,0.03551634826975132,0.03580895086331811
D2,all_anomalies,common256_crop,0,2,100,256789,11864,2252,1460,14116,1.4763903789180837,0.05188695777467103,0.046201355977086245,0.04661011955039935
D2,all_anomalies,common256_crop,0,3,100,256463,1025,5,5,1030,1.4276258945088582,0.004016173873034317,0.003996677883359393,0.003996755804069282
D2,all_anomalies,common256_crop,1,0,100,256200,20682,3296,3290,23978,1.516235198283177,0.09356752537080405,0.08072599531615925,0.0817780659855123
D2,all_anomalies,common256_crop,1,1,100,256243,24951,3350,3181,28301,1.524386919171234,0.10978641367764193,0.0973724160269744,0.09866228009474362
D2,all_anomalies,common256_crop,1,2,100,256291,33084,3772,3633,36856,1.556585850165004,0.14326293158948228,0.1290876386607411,0.13101588395328667
D2,all_anomalies,common256_crop,1,3,100,255957,21683,1509,1496,23192,1.504643945069795,0.09055817969424552,0.08471344796196235,0.08521583977865811
D2,all_anomalies,common256_crop,2,0,100,255774,23543,3044,2992,26587,1.5304045711383145,0.10374393018836942,0.09204610320048168,0.09315475012859574
D2,all_anomalies,common256_crop,2,1,100,255818,31816,2867,2714,34683,1.5605530220306645,0.1349787739721208,0.12436966906159848,0.12577930112946775
D2,all_anomalies,common256_crop,2,2,100,255862,37145,2920,2860,40065,1.5798203822983692,0.1563538157287913,0.1451759151417561,0.1468518474591013
D2,all_anomalies,common256_crop,2,3,100,255532,21881,1844,1785,23725,1.5066096082348643,0.09261462360878481,0.08562919712599597,0.08625161615843083
D2,all_anomalies,common256_crop,3,0,100,256292,1013,1,1,1014,1.4376614697384178,0.003956424703073057,0.003952522903563124,0.003952538325575225
D2,all_anomalies,common256_crop,3,1,100,256340,7535,61,61,7596,1.443500792471669,0.029632519310291018,0.029394554107825543,0.02940155065377967
D2,all_anomalies,common256_crop,3,2,100,256380,9752,44,43,9796,1.4753500120308183,0.03820500819096653,0.038037288400031205,0.038043817489544975
D2,all_anomalies,common256_crop,3,3,100,256053,2649,0,0,2649,1.4465469049139583,0.010345514405220795,0.010345514405220795,0.010345514405220795
D2,all_anomalies,native_content,0,0,100,1203200,12719,65,54,12784,1.4278235425291326,0.010615857712765957,0.010570977393617021,0.01057154849622029
D2,all_anomalies,native_content,0,1,100,1203200,43052,9540,6060,52592,1.4736463431752425,0.04081781914893617,0.03578125,0.03606722182195935
D2,all_anomalies,native_content,0,2,100,1203200,56207,10262,6769,66469,1.4815389512113217,0.0523404255319149,0.04671459441489362,0.047116446957008666
D2,all_anomalies,native_content,0,3,100,1203200,5171,19,19,5190,1.4373789571791868,0.004313497340425532,0.0042977061170212764,0.004297773984130401
D2,all_anomalies,native_content,1,0,100,1202816,99707,15523,15490,115230,1.5209900857354446,0.09577275327232096,0.08289464057677982,0.08397842823970157
D2,all_anomalies,native_content,1,1,100,1202816,119073,15891,15103,134964,1.5246486885180663,0.1115515590081941,0.09899519128445249,0.10032057627904038
D2,all_anomalies,native_content,1,2,100,1202816,157305,18301,17633,175606,1.5570045540493223,0.14544036660636372,0.13078060152176227,0.13280118867215696
D2,all_anomalies,native_content,1,3,100,1202816,104292,7068,6997,111360,1.5086610856994938,0.09252371102479515,0.08670652867936575,0.08721904615353737
D2,all_anomalies,native_content,2,0,100,1205504,114722,14561,14318,129283,1.5357696079030687,0.10704236568273519,0.09516517572733064,0.09632870758718091
D2,all_anomalies,native_content,2,1,100,1205504,153336,13431,12734,166767,1.5608057618148294,0.13775980834572096,0.12719659163304312,0.12862970640220858
D2,all_anomalies,native_content,2,2,100,1205504,178210,13847,13565,192057,1.5802073983585727,0.15908284004034826,0.1478302850923763,0.14954806626403402
D2,all_anomalies,native_content,2,3,100,1205504,106616,9004,8726,115620,1.5117760386594261,0.09567948343597367,0.08844101720110427,0.08910656080234015
D2,all_anomalies,native_content,3,0,100,1206272,5082,3,3,5085,1.4459605469237555,0.004215467158319185,0.004212980157045841,0.004212990634758914
D2,all_anomalies,native_content,3,1,100,1206272,36024,307,307,36331,1.447861786346119,0.030118414420628185,0.029863911290322582,0.029871513684062143
D2,all_anomalies,native_content,3,2,100,1206272,46631,207,206,46838,1.4791715007280481,0.03882789287988116,0.03865711879244482,0.03866375361195292
D2,all_anomalies,native_content,3,3,100,1206272,13202,0,0,13202,1.4553797220705902,0.010944463603565366,0.010944463603565366,0.010944463603565366
D2,pose_canonical,common256_crop,0,0,190,487379,2248,16,14,2264,1.4129181663615094,0.004641151957716684,0.004612426879286961,0.0046125783040567294
D2,pose_canonical,common256_crop,0,1,190,488083,7481,1012,828,8493,1.4396776651444303,0.01702374391240834,0.015327311133557203,0.015359157083874836
D2,pose_canonical,common256_crop,0,2,190,487470,11097,1533,1284,12630,1.4541928531426753,0.025398486060680656,0.022764477814019326,0.02283629359361399
D2,pose_canonical,common256_crop,0,3,190,487427,1527,5,5,1532,1.4280923309678095,0.0031430347518705366,0.003132776805552421,0.0031328089417383704
D2,pose_canonical,common256_crop,1,0,190,487441,16247,2123,2117,18370,1.4723069257155872,0.03767430314643208,0.03333121341864964,0.03347701919154039
D2,pose_canonical,common256_crop,1,1,190,488139,13899,2185,2016,16084,1.4684884806836827,0.032603418288643195,0.028473447112400362,0.028601472567362344
D2,pose_canonical,common256_crop,1,2,190,487538,23883,2516,2377,26399,1.4931506299417099,0.05386246815632833,0.04898695076076121,0.049241065353736534
D2,pose_canonical,common256_crop,1,3,190,487490,17389,1509,1496,18898,1.4604834543734067,0.03873925618987056,0.035670475291800854,0.03578123424578327
D2,pose_canonical,common256_crop,2,0,190,486809,24629,2099,2047,26728,1.497225566202054,0.05479767218765471,0.050592737603454334,0.05081182562769491
D2,pose_canonical,common256_crop,2,1,190,487510,33235,2281,2143,35516,1.5214736798165827,0.07256876782014728,0.06817296055465528,0.06849343299761555
D2,pose_canonical,common256_crop,2,2,190,486904,39328,2195,2160,41523,1.5385148162037077,0.08520776169429703,0.0807715689335064,0.08113734219913392
D2,pose_canonical,common256_crop,2,3,190,486862,16630,1844,1785,18474,1.4664688435806816,0.03782385973848852,0.034157523076354286,0.034287387272224946
D2,pose_canonical,common256_crop,3,0,190,487274,1500,1,1,1501,1.430341170836664,0.003080402401934025,0.0030783501684883657,0.003078356485994504
D2,pose_canonical,common256_crop,3,1,190,487979,1293,61,61,1354,1.4251559715500544,0.0027747095674199094,0.0026497041880900614,0.0026500354567775735
D2,pose_canonical,common256_crop,3,2,190,487368,3244,43,42,3287,1.456663253397389,0.0067423384383053465,0.0066561612580226855,0.006656748576412045
D2,pose_canonical,common256_crop,3,3,190,487330,1870,0,0,1870,1.438196423710392,0.0038372355488067635,0.0038372355488067635,0.0038372355488067635
D2,pose_canonical,native_content,0,0,190,2291968,14871,65,54,14936,1.4217632968614768,0.006511871020886854,0.006488310482519826,0.006488494495622197
D2,pose_canonical,native_content,0,1,190,2291968,35917,4565,3815,40482,1.4440351421586697,0.017335320562939797,0.015670812157935886,0.015702086602142253
D2,pose_canonical,native_content,0,2,190,2291968,53258,7097,6016,60355,1.4586926708994723,0.02586161761420753,0.02323679911761421,0.02330897455479981
D2,pose_canonical,native_content,0,3,190,2291968,7696,19,19,7715,1.4372885760666148,0.0033661028426225847,0.0033578130235675193,0.0033578408594606597
D2,pose_canonical,native_content,1,0,190,2291968,79999,10043,10010,90042,1.476828761454601,0.039271490701440856,0.034904064978219594,0.03505768156271569
D2,pose_canonical,native_content,1,1,190,2291968,68336,10384,9596,78720,1.4685329911721385,0.03400221992628169,0.02981542499720764,0.029951121676870106
D2,pose_canonical,native_content,1,2,190,2291968,115730,12220,11552,127950,1.49324752054732,0.055533934156148775,0.05049372417066905,0.05076438273002104
D2,pose_canonical,native_content,1,3,190,2291968,85481,7068,6997,92549,1.464222099774433,0.040348730872333295,0.03729589592873897,0.03741126526325003
D2,pose_canonical,native_content,2,0,190,2297344,121658,9956,9713,131614,1.5021273031457854,0.057183861015154894,0.05295593520169378,0.053186429237191066
D2,pose_canonical,native_content,2,1,190,2297344,161878,10763,10141,172641,1.5214009331704803,0.0748773366113216,0.07046310870291954,0.07079478050416757
D2,pose_canonical,native_content,2,2,190,2297344,191188,10259,10069,201447,1.5385299293858143,0.08760420729329173,0.08322131992422555,0.08359461935170752
D2,pose_canonical,native_content,2,3,190,2297344,82871,9004,8726,91875,1.4708339345343793,0.039870824743704035,0.036072525490305325,0.03621446113776799
D2,pose_canonical,native_content,3,0,190,2298240,7644,3,3,7647,1.4386028344779522,0.003327328738512949,0.0033260233918128656,0.0033260277334321918
D2,pose_canonical,native_content,3,1,190,2298240,6386,307,307,6693,1.4292815708289708,0.0029122284878863825,0.002778648008911167,0.0027790192316312096
D2,pose_canonical,native_content,3,2,190,2298240,15954,203,202,16157,1.4604737692074012,0.007029727095516569,0.006941833751044278,0.006942446966693748
D2,pose_canonical,native_content,3,3,190,2298240,9593,0,0,9593,1.4469355702806868,0.004174063631300473,0.004174063631300473,0.004174063631300473
D2,pose_reversed_180,common256_crop,0,0,5,12699,616,0,0,616,1.4646541666107784,0.04850775651626112,0.04850775651626112,0.04850775651626112
D2,pose_reversed_180,common256_crop,0,1,5,12747,383,0,0,383,1.4911743242469238,0.03004628540048639,0.03004628540048639,0.03004628540048639
D2,pose_reversed_180,common256_crop,0,2,5,12746,276,0,0,276,1.4734848480190565,0.021653852188922015,0.021653852188922015,0.021653852188922015
D2,pose_reversed_180,common256_crop,0,3,5,12699,128,0,0,128,1.4691539411751695,0.010079533821560753,0.010079533821560753,0.010079533821560753
D2,pose_reversed_180,common256_crop,1,0,5,12699,8026,1173,1173,9199,2.0172649087169168,0.7243877470666982,0.6320182691550515,0.6963387124761409
D2,pose_reversed_180,common256_crop,1,1,5,12746,11896,576,576,12472,2.076886890120845,0.9785030597834615,0.9333124117370155,0.9774856203779786
D2,pose_reversed_180,common256_crop,1,2,5,12747,11585,648,648,12233,2.0557354919076425,0.9596767866949086,0.9088412959912137,0.9575171501777007
D2,pose_reversed_180,common256_crop,1,3,5,12699,9119,0,0,9119,1.9918752354480627,0.7180880384282227,0.7180880384282227,0.7180880384282227
D2,pose_reversed_180,common256_crop,2,0,5,12648,7301,945,945,8246,1.9149407030169832,0.6519607843137255,0.5772454142947502,0.6238571306502606
D2,pose_reversed_180,common256_crop,2,1,5,12695,11358,519,519,11877,2.0666156328583667,0.9355651831429697,0.8946829460417487,0.9328186596583443
D2,pose_reversed_180,common256_crop,2,2,5,12695,11516,625,625,12141,2.0577127685036043,0.9563607719574636,0.9071287908625443,0.9541010770505385
D2,pose_reversed_180,common256_crop,2,3,5,12648,9532,0,0,9532,1.9955861861667326,0.7536369386464263,0.7536369386464263,0.7536369386464263
D2,pose_reversed_180,common256_crop,3,0,5,12750,163,0,0,163,1.4444062899608239,0.012784313725490196,0.012784313725490196,0.012784313725490196
D2,pose_reversed_180,common256_crop,3,1,5,12798,6494,0,0,6494,1.784874362882403,0.5074230348491952,0.5074230348491952,0.5074230348491952
D2,pose_reversed_180,common256_crop,3,2,5,12798,7139,0,0,7139,1.8310980843759959,0.5578215346147836,0.5578215346147836,0.5578215346147836
D2,pose_reversed_180,common256_crop,3,3,5,12750,1618,0,0,1618,1.5478807861337476,0.12690196078431373,0.12690196078431373,0.12690196078431373
D2,pose_reversed_180,native_content,0,0,5,60416,3023,0,0,3023,1.4719719936345088,0.05003641419491525,0.05003641419491525,0.05003641419491525
D2,pose_reversed_180,native_content,0,1,5,60416,1718,0,0,1718,1.4921648678176451,0.028436175847457626,0.028436175847457626,0.028436175847457626
D2,pose_reversed_180,native_content,0,2,5,60416,1246,0,0,1246,1.474642256422805,0.020623675847457626,0.020623675847457626,0.020623675847457626
D2,pose_reversed_180,native_content,0,3,5,60416,695,0,0,695,1.4779765855193423,0.011503575211864406,0.011503575211864406,0.011503575211864406
D2,pose_reversed_180,native_content,1,0,5,60288,38203,5480,5480,43683,2.022587148191886,0.7245720541401274,0.6336750265392781,0.697033279813166
D2,pose_reversed_180,native_content,1,1,5,60288,56265,2669,2669,58934,2.0756568651994387,0.977541135881104,0.9332703025477707,0.9765008070254604
D2,pose_reversed_180,native_content,1,2,5,60288,54577,3193,3193,57770,2.0563529594138963,0.9582338110403397,0.905271364118896,0.9558980646291269
D2,pose_reversed_180,native_content,1,3,5,60288,43330,0,0,43330,1.9995935660729585,0.7187168259023354,0.7187168259023354,0.7187168259023354
D2,pose_reversed_180,native_content,2,0,5,60544,35071,4605,4605,39676,1.9237418467746004,0.6553250528541226,0.5792646670190275,0.6269507856772556
D2,pose_reversed_180,native_content,2,1,5,60544,54208,2367,2367,56575,2.0657839068973605,0.9344443710359408,0.8953488372093024,0.9317771627962941
D2,pose_reversed_180,native_content,2,2,5,60544,54643,3177,3177,57820,2.058314291283835,0.9550079281183932,0.9025336945031712,0.9525162549898025
D2,pose_reversed_180,native_content,2,3,5,60544,45868,0,0,45868,2.0044838372090275,0.7575977801268499,0.7575977801268499,0.7575977801268499
D2,pose_reversed_180,native_content,3,0,5,60544,761,0,0,761,1.4556277068390906,0.012569371035940803,0.012569371035940803,0.012569371035940803
D2,pose_reversed_180,native_content,3,1,5,60544,30884,0,0,30884,1.7921368094736092,0.5101083509513742,0.5101083509513742,0.5101083509513742
D2,pose_reversed_180,native_content,3,2,5,60544,34004,0,0,34004,1.8390050262397837,0.5616411205073996,0.5616411205073996,0.5616411205073996
D2,pose_reversed_180,native_content,3,3,5,60544,7819,0,0,7819,1.5617960866710001,0.12914574524312897,0.12914574524312897,0.12914574524312897
D2,pose_uncertain,common256_crop,0,0,5,13327,193,0,0,193,1.4202700664743602,0.014481878892473925,0.014481878892473925,0.014481878892473925
D2,pose_uncertain,common256_crop,0,1,5,13278,1864,1086,478,2950,1.6073128300979744,0.17638198523874077,0.14038258773911733,0.15288713910761154
D2,pose_uncertain,common256_crop,0,2,5,13375,1198,719,176,1917,1.5068304631019307,0.10272897196261682,0.08957009345794392,0.09465865992414665
D2,pose_uncertain,common256_crop,0,3,5,13380,0,0,0,0,1.416633689256527,0.0,0.0,0.0
D2,pose_uncertain,common256_crop,1,0,5,13329,661,0,0,661,1.4970545108968172,0.049591117113061745,0.049591117113061745,0.049591117113061745
D2,pose_uncertain,common256_crop,1,1,5,13281,2334,589,589,2923,1.6260883258001406,0.22008884873127024,0.17573977863112716,0.18389536716041602
D2,pose_uncertain,common256_crop,1,2,5,13378,2696,608,608,3304,1.6575575000877283,0.24697264165047092,0.20152489161309614,0.2111198120595145
D2,pose_uncertain,common256_crop,1,3,5,13383,381,0,0,381,1.4787798274403363,0.028468953149518045,0.028468953149518045,0.028468953149518045
D2,pose_uncertain,common256_crop,2,0,5,13326,951,0,0,951,1.5139641984257275,0.07136425033768573,0.07136425033768573,0.07136425033768573
D2,pose_uncertain,common256_crop,2,1,5,13278,550,67,52,617,1.5215671283237402,0.04533815333634583,0.04142190088868806,0.041631973355537054
D2,pose_uncertain,common256_crop,2,2,5,13376,978,100,75,1078,1.5418392554745435,0.07872308612440192,0.07311602870813397,0.07366676709852366
D2,pose_uncertain,common256_crop,2,3,5,13379,946,0,0,946,1.4893507648007966,0.07070782569698782,0.07070782569698782,0.07070782569698782
D2,pose_uncertain,common256_crop,3,0,5,13381,4,0,0,4,1.4155863349315305,0.0002989313205291084,0.0002989313205291084,0.0002989313205291084
D2,pose_uncertain,common256_crop,3,1,5,13332,0,0,0,0,1.410795640666457,0.0,0.0,0.0
D2,pose_uncertain,common256_crop,3,2,5,13429,169,1,1,170,1.432638778016487,0.012659170452006851,0.012584704743465635,0.012585641942210306
D2,pose_uncertain,common256_crop,3,3,5,13435,18,0,0,18,1.4277696598095213,0.001339784145887607,0.001339784145887607,0.001339784145887607
D2,pose_uncertain,native_content,0,0,5,60288,956,0,0,956,1.4254836400144293,0.015857218683651805,0.015857218683651805,0.015857218683651805
D2,pose_uncertain,native_content,0,1,5,60288,8691,4975,2245,13666,1.6157597680951838,0.181395966029724,0.1441580414012739,0.15712400339883933
D2,pose_uncertain,native_content,0,2,5,60288,5444,3165,753,8609,1.508852700212468,0.1027899416135881,0.09029989384288747,0.09530311783344712
D2,pose_uncertain,native_content,0,3,5,60288,3,0,0,3,1.4261529163720439,4.976114649681529e-05,4.976114649681529e-05,4.976114649681529e-05
D2,pose_uncertain,native_content,1,0,5,60672,3074,0,0,3074,1.4999500323845396,0.05066587552742616,0.05066587552742616,0.05066587552742616
D2,pose_uncertain,native_content,1,1,5,60672,10815,2838,2838,13653,1.6290216202030297,0.225029667721519,0.17825356012658228,0.18700072621641248
D2,pose_uncertain,native_content,1,2,5,60672,12282,2888,2888,15170,1.6591204661789511,0.2500329641350211,0.20243275316455697,0.2125501869029489
D2,pose_uncertain,native_content,1,3,5,60672,1824,0,0,1824,1.484295102494537,0.030063291139240507,0.030063291139240507,0.030063291139240507
D2,pose_uncertain,native_content,2,0,5,60416,4549,0,0,4549,1.5169747958632611,0.07529462394067797,0.07529462394067797,0.07529462394067797
D2,pose_uncertain,native_content,2,1,5,60416,2658,301,226,2959,1.5212168034888267,0.047735699152542374,0.043994968220338986,0.044215254096315396
D2,pose_uncertain,native_content,2,2,5,60416,4585,411,319,4996,1.5407378034630663,0.08117055084745763,0.07589049258474577,0.07641029914173819
D2,pose_uncertain,native_content,2,3,5,60416,4320,0,0,4320,1.4951335719245944,0.0715042372881356,0.0715042372881356,0.0715042372881356
D2,pose_uncertain,native_content,3,0,5,60672,12,0,0,12,1.4222900876834328,0.00019778481012658228,0.00019778481012658228,0.00019778481012658228
D2,pose_uncertain,native_content,3,1,5,60672,25,0,0,25,1.415892912847096,0.0004120516877637131,0.0004120516877637131,0.0004120516877637131
D2,pose_uncertain,native_content,3,2,5,60672,723,4,4,727,1.4357541312408566,0.011982463080168777,0.011916534810126582,0.011917320498450583
D2,pose_uncertain,native_content,3,3,5,60672,87,0,0,87,1.4385616289695355,0.0014339398734177216,0.0014339398734177216,0.0014339398734177216
D2,missing_anomalies,common256_crop,0,0,19,50217,796,0,0,796,1.423382514372406,0.015851205766971344,0.015851205766971344,0.015851205766971344
D2,missing_anomalies,common256_crop,0,1,19,50163,1457,1030,260,2487,1.4718905855429538,0.03422841536590714,0.02904531228196081,0.029654203895548816
D2,missing_anomalies,common256_crop,0,2,19,50058,1192,998,214,2190,1.458486366381042,0.02808741859443046,0.023812377641935355,0.024296779453730127
D2,missing_anomalies,common256_crop,0,3,19,50220,150,0,0,150,1.4312735188617407,0.002986857825567503,0.002986857825567503,0.002986857825567503
D2,missing_anomalies,common256_crop,1,0,19,50171,8427,2443,2443,10870,1.6154171742005992,0.21665902613063323,0.16796555779235017,0.17656302380154207
D2,missing_anomalies,common256_crop,1,1,19,50116,12821,1278,1205,14099,1.6367196310583616,0.27987069997605557,0.25582648256045976,0.26252098775543636
D2,missing_anomalies,common256_crop,1,2,19,50015,13227,1303,1225,14530,1.6449043812030055,0.28895331400579827,0.26446066180145955,0.27153473476761375
D2,missing_anomalies,common256_crop,1,3,19,50175,8848,603,591,9451,1.5828823753643464,0.18812157448928749,0.17634280019930243,0.1784878560477689
D2,missing_anomalies,common256_crop,2,0,19,49954,9134,2195,2177,11329,1.622982405557135,0.22642831404892502,0.1828482203627337,0.19125191063464478
D2,missing_anomalies,common256_crop,2,1,19,49902,11660,753,668,12413,1.6374522592805343,0.24704420664502424,0.2336579696204561,0.23723778713707297
D2,missing_anomalies,common256_crop,2,2,19,49800,12448,658,633,13106,1.6484822654317182,0.2626706827309237,0.24995983935742971,0.25330674372227424
D2,missing_anomalies,common256_crop,2,3,19,49958,10273,499,499,10772,1.5966959933051736,0.2156211217422635,0.20563273149445535,0.2077073940031137
D2,missing_anomalies,common256_crop,3,0,19,50319,235,0,0,235,1.4301953678498878,0.004670204097855681,0.004670204097855681,0.004670204097855681
D2,missing_anomalies,common256_crop,3,1,19,50265,5278,0,0,5278,1.4966291217451533,0.10500348154779668,0.10500348154779668,0.10500348154779668
D2,missing_anomalies,common256_crop,3,2,19,50163,6044,1,1,6045,1.5345108232850262,0.12050714670175229,0.12048721168989096,0.12048961365176827
D2,missing_anomalies,common256_crop,3,3,19,50323,1341,0,0,1341,1.4604314784507808,0.026647854857619776,0.026647854857619776,0.026647854857619776
D2,missing_anomalies,native_content,0,0,19,229120,4057,0,0,4057,1.4336734836736391,0.01770687849162011,0.01770687849162011,0.01770687849162011
D2,missing_anomalies,native_content,0,1,19,229120,6596,4633,1240,11229,1.476772428795893,0.03420041899441341,0.028788407821229052,0.029382547764458523
D2,missing_anomalies,native_content,0,2,19,229120,5424,4409,966,9833,1.46298406888684,0.027889315642458102,0.0236731843575419,0.024137670163009377
D2,missing_anomalies,native_content,0,3,19,229120,787,0,0,787,1.4420560297496388,0.003434881284916201,0.003434881284916201,0.003434881284916201
D2,missing_anomalies,native_content,1,0,19,229120,40231,11484,11480,51715,1.6263780744493985,0.2256939594972067,0.17558921089385474,0.18485452774357183
D2,missing_anomalies,native_content,1,1,19,229120,60441,6000,5679,66441,1.640634492372147,0.2885824022346369,0.2637962639664804,0.27089010397992114
D2,missing_anomalies,native_content,1,2,19,229120,62210,6127,5769,68337,1.6489850215215818,0.2966960544692737,0.27151710893854747,0.27897736700255166
D2,missing_anomalies,native_content,1,3,19,229120,42292,2774,2714,45066,1.5929889852209693,0.1964298184357542,0.18458449720670392,0.18684668604702534
D2,missing_anomalies,native_content,2,0,19,229760,43830,10640,10536,54470,1.634956907059136,0.2366208217270195,0.1907642757660167,0.20002738225629793
D2,missing_anomalies,native_content,2,1,19,229760,55510,3419,3032,58929,1.640874286248896,0.25479630919220053,0.241599930362117,0.24524942454084767
D2,missing_anomalies,native_content,2,2,19,229760,59331,3277,3185,62608,1.6529999892961513,0.27209261838440113,0.2582303272980501,0.261966681826009
D2,missing_anomalies,native_content,2,3,19,229760,49112,2464,2464,51576,1.6077718043673919,0.22447771587743734,0.21375348189415042,0.21607067436294525
D2,missing_anomalies,native_content,3,0,19,229760,1120,0,0,1120,1.4409584255652985,0.004874651810584958,0.004874651810584958,0.004874651810584958
D2,missing_anomalies,native_content,3,1,19,229760,25005,0,0,25005,1.5042961605557326,0.10883095403899722,0.10883095403899722,0.10883095403899722
D2,missing_anomalies,native_content,3,2,19,229760,28839,4,4,28843,1.5423935050134414,0.12553534122562673,0.12551793175487466,0.12552011699368026
D2,missing_anomalies,native_content,3,3,19,229760,6480,0,0,6480,1.4727149571720148,0.028203342618384402,0.028203342618384402,0.028203342618384402
D2,nonmissing_anomalies,common256_crop,0,0,81,206490,1387,16,14,1403,1.4172226472324456,0.006784832195263693,0.006717032301806383,0.006717552815366584
D2,nonmissing_anomalies,common256_crop,0,1,81,206592,7662,1068,1046,8730,1.4678626142668998,0.04215071251548947,0.03708759293680297,0.03728031762713844
D2,nonmissing_anomalies,common256_crop,0,2,81,206731,10672,1254,1246,11926,1.4807256699947933,0.0576497961118555,0.05162264004914599,0.05193768645639171
D2,nonmissing_anomalies,common256_crop,0,3,81,206243,875,5,5,880,1.4267377009944033,0.00426681147966234,0.004242568232618804,0.0042426710887421325
D2,nonmissing_anomalies,common256_crop,1,0,81,206029,12255,853,847,13108,1.4920829725588711,0.06359298933645263,0.0594819175941251,0.05972920809451398
D2,nonmissing_anomalies,common256_crop,1,1,81,206127,12130,2072,1976,14202,1.497075280283872,0.06843353854662416,0.058847215551577424,0.05944475754085908
D2,nonmissing_anomalies,common256_crop,1,2,81,206276,19857,2469,2408,22326,1.5351715735168934,0.10793790843336112,0.09626422850937578,0.09743041210557046
D2,nonmissing_anomalies,common256_crop,1,3,81,205782,12835,906,905,13741,1.4855673822993432,0.06676968831093098,0.06237183038360984,0.06264765028602667
D2,nonmissing_anomalies,common256_crop,2,0,81,205820,14409,849,815,15258,1.5079352623220783,0.07396754445632106,0.07000777378291712,0.07029774943772533
D2,nonmissing_anomalies,common256_crop,2,1,81,205916,20156,2114,2046,22270,1.5419171426563418,0.10782066473707726,0.09788457429242993,0.09889991266032717
D2,nonmissing_anomalies,common256_crop,2,2,81,206062,24697,2262,2227,26959,1.5632265329712698,0.13065970436082344,0.1198522774698877,0.12118253189401373
D2,nonmissing_anomalies,common256_crop,2,3,81,205574,11608,1345,1286,12953,1.4847170750091525,0.06272193954488409,0.05646628464689114,0.05683815716670992
D2,nonmissing_anomalies,common256_crop,3,0,81,205973,778,1,1,779,1.4394854310388256,0.003782049103523277,0.0037771940982555966,0.0037772124366418735
D2,nonmissing_anomalies,common256_crop,3,1,81,206075,2257,61,61,2318,1.4305419402531478,0.011248331917991022,0.010952323183307048,0.010955566126573921
D2,nonmissing_anomalies,common256_crop,3,2,81,206217,3708,43,42,3751,1.4609589396413216,0.018184727738256305,0.017981058787587833,0.01798480894778197
D2,nonmissing_anomalies,common256_crop,3,3,81,205730,1308,0,0,1308,1.443150640907282,0.006357847664414524,0.006357847664414524,0.006357847664414524
D2,nonmissing_anomalies,native_content,0,0,81,974080,8662,65,54,8727,1.4264475379760884,0.00894793035479632,0.008892493429697767,0.00889308686211198
D2,nonmissing_anomalies,native_content,0,1,81,974080,36456,4907,4820,41363,1.4729110352565875,0.04237434296977661,0.03742608409986859,0.03761557534103818
D2,nonmissing_anomalies,native_content,0,2,81,974080,50783,5853,5803,56636,1.4859033716266727,0.058091737844940865,0.052134321616294346,0.052449477240357895
D2,nonmissing_anomalies,native_content,0,3,81,974080,4384,19,19,4403,1.4362788310423786,0.004520162614980289,0.0045006570302233906,0.004500744819882944
D2,nonmissing_anomalies,native_content,1,0,81,973696,59476,4039,4010,63515,1.4961912820285985,0.06520104837649533,0.06108271986328382,0.06133715324078514
D2,nonmissing_anomalies,native_content,1,1,81,973696,58632,9891,9424,68523,1.4973561173469339,0.0698945050611279,0.060215919547784935,0.06083388237247161
D2,nonmissing_anomalies,native_content,1,2,81,973696,95095,12174,11864,107269,1.5353606685786578,0.10984845372683055,0.09766395260943868,0.09890049317644319
D2,nonmissing_anomalies,native_content,1,3,81,973696,62000,4294,4283,66294,1.488817922804339,0.06807360818982516,0.06367490469304588,0.06395695490622054
D2,nonmissing_anomalies,native_content,2,0,81,975744,70892,3921,3782,74813,1.5124138159595897,0.0765303194280467,0.07265430276793913,0.07294744001736941
D2,nonmissing_anomalies,native_content,2,1,81,975744,97826,10012,9702,107838,1.5419518983281248,0.11020103633739997,0.10025785451921816,0.10129725431071974
D2,nonmissing_anomalies,native_content,2,2,81,975744,118879,10570,10380,129449,1.5630668105672891,0.13247224681883774,0.1218342106126197,0.1231684649607221
D2,nonmissing_anomalies,native_content,2,3,81,975744,57504,6540,6262,64044,1.489171762200578,0.06535115768070314,0.05893349075167257,0.05933116247972563
D2,nonmissing_anomalies,native_content,3,0,81,976512,3962,3,3,3965,1.4471374780862185,0.004060369969851881,0.004057297810984402,0.004057310275686143
D2,nonmissing_anomalies,native_content,3,1,81,976512,11019,307,307,11326,1.4345835451996702,0.011598423777690391,0.01128403952025167,0.011287588160273712
D2,nonmissing_anomalies,native_content,3,2,81,976512,17792,203,202,17995,1.4642962224881373,0.018426808887141172,0.018219950190064227,0.018223738590958397
D2,nonmissing_anomalies,native_content,3,3,81,976512,6722,0,0,6722,1.4513009768868101,0.0068836839690654085,0.0068836839690654085,0.0068836839690654085
