image_id,recipe,label,pose_label,missing_component,source_labels,size_band,image_score,image_threshold,pixel_threshold,detected,pixel_ap,common_mask_area_fraction,common_gt_pixels,common_fp_pixels,common_intersection_pixels,common_union_pixels,common_predicted_positive_pixels,common_denominator_pixels,common_crop_denominator_pixels,common_outsidecrop_fp_pixels,native_crop_denominator_pixels,fraction_of_crop_above_threshold,native_positive_components_8,native_positive_bbox_area,native_positive_bbox_crop_fraction
fea34ce33cdd25b0ede4efe4,D1,anomaly,canonical,False,"[""bent""]",R1,1.8522746562957764,1.6270664930343628,1.348502516746521,True,0.10453364602550923,0.0012359619140625,81,1676,69,1757,1745,65536,40582,0,47872,0.04326119652406417,9,21580,0.45078542780748665
596996fa0816db1d904389d5,D1,anomaly,canonical,False,"[""bent"", ""melt""]",R2,2.2558209896087646,1.6270664930343628,1.348502516746521,True,0.20350756885196147,0.0018157958984375,119,3251,104,3370,3355,65536,40788,0,47872,0.08307570187165775,9,26550,0.5546039438502673
0333ff525de4a8a11f200628,D1,anomaly,canonical,False,"[""bent""]",R2,2.8191542625427246,1.6270664930343628,1.348502516746521,True,0.33029357007405563,0.0018157958984375,119,3829,119,3948,3948,65536,41406,0,48640,0.09578536184210526,10,22800,0.46875
40bd4bb7b874a3ca7af54e0d,D1,anomaly,canonical,False,"[""bent""]",R3,1.8565880060195925,1.6270664930343628,1.348502516746521,True,0.2343089913131971,0.002410888671875,158,1787,154,1945,1941,65536,41184,0,47872,0.04725100267379679,7,28994,0.6056567513368984
14a83651ed9a4f616caa6729,D1,anomaly,canonical,False,"[""bent""]",R3,2.8254456520080566,1.6270664930343628,1.348502516746521,True,0.5124669725990518,0.0029296875,192,5418,192,5610,5610,65536,41400,0,48384,0.1359126984126984,5,20125,0.41594328703703703
a4566fb447572e53a3508a6c,D1,anomaly,canonical,False,"[""bent""]",R3,1.9116803407669067,1.6270664930343628,1.348502516746521,True,0.11758798892184603,0.003021240234375,198,2902,198,3100,3100,65536,40170,0,47360,0.07789273648648648,17,41238,0.8707347972972973
71a397a43897d23245179113,D1,anomaly,canonical,False,"[""bent"", ""melt""]",R3,2.377188920974731,1.6270664930343628,1.348502516746521,True,0.1806576146782354,0.0031280517578125,205,4454,195,4659,4649,65536,41200,0,48384,0.11344659391534391,15,30954,0.6397569444444444
d91345bdc375c79088437f11,D1,anomaly,canonical,False,"[""bent""]",R4,2.8990726470947266,1.6270664930343628,1.348502516746521,True,0.40089544119687115,0.0032806396484375,215,3638,215,3853,3853,65536,41600,0,48128,0.09350066489361702,16,44280,0.9200465425531915
5deb743d4a2a5651892cd335,D1,anomaly,canonical,False,"[""bent""]",R4,2.8387179374694824,1.6270664930343628,1.348502516746521,True,0.4393906400902719,0.004486083984375,294,3768,294,4062,4062,65536,40158,0,46592,0.10209907280219781,9,29056,0.6236263736263736
c2b89aa8e214ceaec0783be2,D1,anomaly,canonical,False,"[""bent""]",R4,1.993312120437622,1.6270664930343628,1.348502516746521,True,0.17735543264967904,0.00347900390625,228,3862,226,4090,4088,65536,39984,0,47872,0.10214739304812834,7,19764,0.412850935828877
e5628f4b63d7b4897d073d44,D1,anomaly,canonical,False,"[""bent"", ""melt""]",R2,1.50425922870636,1.6270664930343628,1.348502516746521,False,0.28899171372131766,0.00164794921875,108,1527,54,1635,1581,65536,41205,0,48896,0.0387761780104712,11,23625,0.4831683573298429
f47ac1b5ffc4a30190f75ecb,D1,anomaly,uncertain,False,"[""bent""]",R4,2.8659920692443848,1.6270664930343628,1.348502516746521,True,0.3794949713810699,0.0141754150390625,929,6831,929,7760,7760,65536,39565,0,46848,0.19674265710382513,7,33280,0.7103825136612022
3a193415be845c758a9f790f,D1,anomaly,canonical,False,"[""bent""]",R3,1.7082087993621826,1.6270664930343628,1.348502516746521,True,0.03336398556786684,0.00201416015625,132,4146,132,4278,4278,65536,40188,0,48128,0.1069855385638298,9,31518,0.6548786569148937
23a0d4f93b65c3d4c7999361,D1,anomaly,uncertain,False,"[""bent""]",R4,3.562725305557251,1.6270664930343628,1.348502516746521,True,0.4900918377558403,0.006744384765625,442,5094,442,5536,5536,65536,40180,0,47872,0.13803475935828877,14,34104,0.7123997326203209
2d37b1ca970ab988e2a93625,D1,anomaly,canonical,False,"[""bent""]",R4,2.22428560256958,1.6270664930343628,1.348502516746521,True,0.2350167392025582,0.003326416015625,218,3587,218,3805,3805,65536,40590,0,48128,0.09410322473404255,11,28956,0.6016456117021277
c3946a4668660ea1badeeb09,D1,anomaly,canonical,False,"[""melt""]",R4,1.814241647720337,1.6270664930343628,1.348502516746521,True,0.630094425612554,0.004058837890625,266,2632,231,2898,2863,65536,40385,0,47872,0.07162850935828877,18,31266,0.6531166443850267
742e2a8ff4aa5d512df73fda,D1,anomaly,canonical,False,"[""melt""]",R3,2.084464311599731,1.6270664930343628,1.348502516746521,True,0.04183179326400844,0.0025177001953125,165,5058,165,5223,5223,65536,39576,0,47360,0.13270692567567569,13,36252,0.7654560810810811
6769687e7725f6474ea47da3,D1,anomaly,canonical,False,"[""melt""]",R3,1.8615094423294067,1.6270664930343628,1.348502516746521,True,0.5635274723951027,0.0030670166015625,201,2479,201,2680,2680,65536,41000,0,48640,0.06595394736842106,17,33549,0.6897409539473685
735d89d870bbb25b3bc3dfce,D1,anomaly,reversed_180,False,"[""melt""]",R3,2.861748456954956,1.6270664930343628,1.348502516746521,True,0.004844919538585368,0.0025634765625,168,29697,168,29865,29865,65536,40795,0,48640,0.7366365131578947,5,48128,0.9894736842105263
27a4cb4918036207cdfdc810,D1,anomaly,canonical,False,"[""melt""]",R4,2.087501764297486,1.6270664930343628,1.348502516746521,True,0.646903295747061,0.004669189453125,306,4592,306,4898,4898,65536,40180,0,47872,0.12320354278074866,22,39738,0.8300885695187166
72798c294d594c84ea7d2040,D1,anomaly,canonical,False,"[""melt""]",R3,1.990400433540344,1.6270664930343628,1.348502516746521,True,0.601569670010885,0.0021514892578125,141,2620,141,2761,2761,65536,40385,0,47872,0.0689129344919786,15,33034,0.6900484625668449
61d4113d82822d875a099bfd,D1,anomaly,canonical,False,"[""melt""]",R4,2.1492724418640137,1.6270664930343628,1.348502516746521,True,0.5990993719747413,0.00390625,256,1858,240,2114,2098,65536,40795,0,48384,0.05146329365079365,6,21311,0.4404555224867725
56a0dfb39e86f8201ac299b6,D1,anomaly,canonical,False,"[""melt""]",R3,1.7462130784988403,1.6270664930343628,1.348502516746521,True,0.3563560026938598,0.00201416015625,132,1132,132,1264,1264,65536,39770,0,47360,0.03209459459459459,8,27448,0.5795608108108108
f316425a0a5da9c324b8ff3c,D1,anomaly,canonical,False,"[""melt""]",R4,1.7177313566207886,1.6270664930343628,1.348502516746521,True,0.11261582784902682,0.0033416748046875,219,5364,202,5583,5566,65536,40600,0,49152,0.13861083984375,23,43432,0.8836263020833334
d8b1b8fdf7b7f8e78db9b3da,D1,anomaly,canonical,False,"[""melt""]",R4,1.7928943634033203,1.6270664930343628,1.348502516746521,True,0.6690066066351329,0.00396728515625,260,1063,244,1323,1307,65536,39984,0,48384,0.033440806878306875,17,33712,0.6967592592592593
e7c4839b7c04c852846a8800,D1,anomaly,canonical,False,"[""melt""]",R4,1.6979881525039673,1.6270664930343628,1.348502516746521,True,0.3387479524490806,0.004302978515625,282,2131,259,2413,2390,65536,40800,0,48896,0.059105039267015706,16,36354,0.7434964005235603
ff459de5519f27a8cb717372,D1,anomaly,canonical,False,"[""melt""]",R3,2.469475507736206,1.6270664930343628,1.348502516746521,True,0.3395430810177071,0.0028076171875,184,4965,184,5149,5149,65536,39179,0,47360,0.13228462837837837,17,39776,0.8398648648648649
b88ef2d118cce22b2c6f6b12,D1,anomaly,canonical,False,"[""melt""]",R4,1.8385199308395384,1.6270664930343628,1.348502516746521,True,0.7422463326898463,0.003387451171875,222,2771,222,2993,2993,65536,40596,0,48640,0.07485608552631579,18,33128,0.6810855263157894
ddd9dd1abe20d8d0ae63882e,D1,anomaly,canonical,False,"[""melt""]",R4,2.1669669151306152,1.6270664930343628,1.348502516746521,True,0.6048494458157753,0.006195068359375,406,2331,406,2737,2737,65536,40596,0,48896,0.06812418193717278,12,37909,0.7752985929319371
2f970964dab90ea6ebf65ef6,D1,anomaly,canonical,False,"[""melt""]",R4,2.022097110748291,1.6270664930343628,1.348502516746521,True,0.48801939527284643,0.0032958984375,216,1592,216,1808,1808,65536,39382,0,47616,0.046475974462365593,12,26216,0.5505712365591398
b5d4c77df9634ecb828a64ca,D1,anomaly,canonical,False,"[""melt""]",R2,2.114386558532715,1.6270664930343628,1.348502516746521,True,0.03468210946475188,0.001861572265625,122,3785,119,3907,3904,65536,39780,0,47616,0.09858030913978495,18,25912,0.5441868279569892
65f1164cd43edb4c9aaf3a8e,D1,anomaly,canonical,False,"[""melt""]",R3,1.603594422340393,1.6270664930343628,1.348502516746521,False,0.4407826106663709,0.0021514892578125,141,1682,124,1823,1806,65536,38773,0,46848,0.04715249316939891,14,28770,0.6141137295081968
904d32fddf6e1ee052a5e000,D1,anomaly,canonical,False,"[""melt""]",R2,1.6548665761947632,1.6270664930343628,1.348502516746521,True,0.4470552400583971,0.001556396484375,102,1081,95,1183,1176,65536,40596,0,48384,0.02953455687830688,16,34104,0.7048611111111112
96f21f047487f62f50f32ff6,D1,anomaly,canonical,False,"[""melt"", ""scratch""]",R3,1.570431113243103,1.6270664930343628,1.348502516746521,False,0.09772262940974144,0.0025787353515625,169,1119,145,1288,1264,65536,39975,0,47616,0.0320270497311828,11,26950,0.5659862231182796
4f5abf5368f26200d4992a53,D1,anomaly,canonical,False,"[""melt""]",R3,2.403653144836426,1.6270664930343628,1.348502516746521,True,0.486656676688752,0.0022430419921875,147,3584,135,3731,3719,65536,39780,0,48128,0.09462267287234043,10,37170,0.7723154920212766
cdafe117a8af8b75d42e22e2,D1,anomaly,canonical,False,"[""melt""]",R2,1.4962741136550903,1.6270664930343628,1.348502516746521,False,0.12144348419495954,0.0019378662109375,127,1221,106,1348,1327,65536,41410,0,49152,0.032958984375,19,46930,0.9547932942708334
19c7eaaf7a7c2b71d5da1dc8,D1,anomaly,canonical,False,"[""melt""]",R2,1.5352749824523926,1.6270664930343628,1.348502516746521,False,0.030354630349143815,0.0016326904296875,107,2178,65,2285,2243,65536,41208,0,49664,0.055372100515463915,24,41586,0.8373469716494846
4076b6b5665b0bbf381948de,D1,anomaly,canonical,False,"[""melt"", ""scratch""]",R3,2.1320722103118896,1.6270664930343628,1.348502516746521,True,0.6330664231317107,0.00311279296875,204,3287,170,3491,3457,65536,39188,0,47872,0.08848596256684492,10,35948,0.7509191176470589
d179fa18b9c1d78dce355509,D1,anomaly,canonical,False,"[""melt"", ""scratch""]",R3,1.518564224243164,1.6270664930343628,1.348502516746521,False,0.08850414318641209,0.0025482177734375,167,1320,87,1487,1407,65536,39788,0,48128,0.036070478723404256,21,39388,0.8184009308510638
1dcaeae3fbbedfbfa04722ec,D1,anomaly,canonical,False,"[""melt""]",R3,2.129678010940552,1.6270664930343628,1.348502516746521,True,0.5529487597391709,0.0027923583984375,183,2593,183,2776,2776,65536,40392,0,48128,0.06931515957446809,17,27798,0.5775847739361702
9bd08200d5d939f4a498aae7,D1,anomaly,reversed_180,True,"[""missing""]",R4,2.86572003364563,1.6270664930343628,1.348502516746521,True,0.07569434708194898,0.016845703125,1104,28440,1104,29544,29544,65536,39770,0,47360,0.7482685810810811,7,47360,1.0
2bea857039ef9c03907fb299,D1,anomaly,reversed_180,True,"[""missing""]",R4,2.928386926651001,1.6270664930343628,1.348502516746521,True,0.49182902240297904,0.017578125,1152,31238,1152,32390,32390,65536,42024,0,49408,0.7756233808290155,6,48384,0.9792746113989638
0174183097ea8fa63bbe3153,D1,anomaly,canonical,True,"[""missing""]",R4,2.3243112564086914,1.6270664930343628,1.348502516746521,True,0.87795211204367,0.018890380859375,1238,2725,1238,3963,3963,65536,40795,0,48384,0.09755291005291006,13,37687,0.7789145171957672
31656a11b9780d9f8a2fa83f,D1,anomaly,canonical,True,"[""scratch"", ""missing""]",R4,2.0933644771575928,1.6270664930343628,1.348502516746521,True,0.5649607448935079,0.0089263916015625,585,7398,581,7983,7979,65536,40800,0,48896,0.19688727094240838,26,40356,0.8253435863874345
846cfdd3fbe431251239629c,D1,anomaly,canonical,True,"[""missing""]",R4,2.5636558532714844,1.6270664930343628,1.348502516746521,True,0.8430512954543684,0.0362396240234375,2375,5628,2375,8003,8003,65536,39780,0,48128,0.20164976728723405,7,34304,0.7127659574468085
8a393ef07e4999ab89669d93,D1,anomaly,canonical,True,"[""missing""]",R4,1.6091670989990234,1.6270664930343628,1.348502516746521,False,0.036855654875382664,0.006195068359375,406,2735,103,3141,2838,65536,39984,0,47872,0.07164939839572193,17,33864,0.7073863636363636
76964f3ab9f7c03b08de6900,D1,anomaly,reversed_180,True,"[""missing""]",R4,2.827420949935913,1.6270664930343628,1.348502516746521,True,0.41211764626341385,0.03070068359375,2012,28422,2012,30434,30434,65536,41000,0,48896,0.746482329842932,6,48384,0.9895287958115183
bfebbd19caf4dad38fd66eab,D1,anomaly,reversed_180,True,"[""missing""]",R1,2.7259650230407715,1.6270664930343628,1.348502516746521,True,0.001707745829624057,0.000762939453125,50,29180,50,29230,29230,65536,39975,0,47616,0.7309307795698925,5,45312,0.9516129032258065
b369595e56e69503f81e4901,D1,anomaly,uncertain,True,"[""scratch"", ""missing""]",R4,2.2193074226379395,1.6270664930343628,1.348502516746521,True,0.20848025227077105,0.0118255615234375,775,5012,625,5787,5637,65536,39964,0,47104,0.1422384510869565,16,38356,0.8142832880434783
2744e38a1b628fcbf2067bd4,D1,anomaly,canonical,True,"[""missing""]",R4,2.015409469604492,1.6270664930343628,1.348502516746521,True,0.14740155257808674,0.003631591796875,238,2647,220,2885,2867,65536,39780,0,47616,0.07253864247311828,11,26598,0.55859375
e68d2653f5376170791a8674,D1,anomaly,canonical,True,"[""missing""]",R2,1.608853816986084,1.6270664930343628,1.348502516746521,False,0.026805333984222,0.0017242431640625,113,1473,60,1586,1533,65536,39975,0,47616,0.0384744623655914,8,30248,0.6352486559139785
ead24842cb7981c9674e9d4e,D1,anomaly,canonical,True,"[""missing""]",R3,1.5452675819396973,1.6270664930343628,1.348502516746521,False,0.02635961517967492,0.002288818359375,150,1922,64,2072,1986,65536,39565,0,47104,0.051333220108695655,24,41412,0.8791610054347826
d664d5515d0f8355c2df16ea,D1,anomaly,uncertain,True,"[""missing""]",R4,2.296895742416382,1.6270664930343628,1.348502516746521,True,0.1407822475384196,0.0100250244140625,657,10876,637,11533,11513,65536,47520,0,50944,0.24295304648241206,21,41701,0.8185654836683417
86317f47cc684a4a33717793,D1,anomaly,canonical,True,"[""missing""]",R1,1.5484927892684937,1.6270664930343628,1.348502516746521,False,0.0009686728079432718,0.00079345703125,52,1423,0,1475,1423,65536,44280,0,47360,0.0328125,28,37837,0.7989231418918918
e9a182d87ded8090921b62f5,D1,anomaly,uncertain,True,"[""missing""]",R4,2.01947283744812,1.6270664930343628,1.348502516746521,True,0.11259264181366613,0.0055999755859375,367,5912,367,6279,6279,65536,46438,0,49408,0.136921146373057,32,43788,0.8862532383419689
a7e7261362d3ab9b5fa975d0,D1,anomaly,canonical,True,"[""missing""]",R1,1.5530529022216797,1.6270664930343628,1.348502516746521,False,0.06846099454349971,0.0010528564453125,69,1304,39,1373,1343,65536,44928,0,48128,0.030813663563829786,27,25992,0.5400598404255319
d086b78f683af0d19bb68594,D1,anomaly,canonical,True,"[""missing""]",R1,1.5809197425842283,1.6270664930343628,1.348502516746521,False,0.0020728761058001243,0.0008087158203125,53,972,0,1025,972,65536,46008,0,49408,0.022101683937823833,17,37816,0.7653821243523317
733208e2c25e1af5454d93f2,D1,anomaly,canonical,True,"[""missing""]",R2,1.4153515100479126,1.6270664930343628,1.348502516746521,False,0.009774488092472465,0.0015716552734375,103,58,0,161,58,65536,44298,0,48384,0.0015087632275132274,7,16104,0.33283730158730157
989748a316d5781c15aa24a6,D1,anomaly,canonical,False,"[""melt""]",R1,1.6921627521514893,1.6270664930343628,1.348502516746521,True,0.00529938258122854,0.00054931640625,36,4466,34,4502,4500,65536,45353,0,48128,0.10075216090425532,26,29151,0.605697307180851
f29f971c989e3457da844b2b,D1,anomaly,canonical,True,"[""missing""]",R4,1.8083481788635256,1.6270664930343628,1.348502516746521,True,0.07467730323029653,0.003997802734375,262,2151,241,2413,2392,65536,44935,0,48640,0.05365953947368421,6,22869,0.4701685855263158
f210dd5f4d74b3edf87a8edc,D1,anomaly,canonical,False,"[""melt""]",R1,1.5661263465881348,1.6270664930343628,1.348502516746521,False,0.1746836066578063,0.001373291015625,90,1045,90,1135,1135,65536,40194,0,48640,0.028844572368421053,8,20234,0.4159950657894737
e5628e506633f6123990ae36,D1,anomaly,canonical,False,"[""melt""]",R2,2.5995469093322754,1.6270664930343628,1.348502516746521,True,0.4006249871501242,0.0018157958984375,119,2880,119,2999,2999,65536,40590,0,48384,0.07386739417989419,13,23168,0.47883597883597884
7b21e295e4c564254de297cd,D1,anomaly,canonical,False,"[""melt""]",R1,1.6019558906555176,1.6270664930343628,1.348502516746521,False,0.7592189212786459,0.001434326171875,94,1384,94,1478,1478,65536,39372,0,47104,0.038552989130434784,17,40179,0.8529848845108695
ab48d54a454beacaf51a6fff,D1,anomaly,canonical,False,"[""melt""]",R2,1.6837637424468994,1.6270664930343628,1.348502516746521,True,0.22318968520396515,0.0016937255859375,111,3432,111,3543,3543,65536,40590,0,48128,0.087890625,18,33170,0.689203789893617
4a64187887711c775f428d0f,D1,anomaly,canonical,False,"[""melt""]",R3,2.412050247192383,1.6270664930343628,1.348502516746521,True,0.3187257669738118,0.0027313232421875,179,3027,179,3206,3206,65536,39984,0,47872,0.08117479946524064,14,27966,0.584182820855615
a37c1228e9ff3279e16377fc,D1,anomaly,canonical,False,"[""melt""]",R3,1.6288065910339355,1.6270664930343628,1.348502516746521,True,0.6582547175073491,0.00250244140625,164,1538,164,1702,1702,65536,40392,0,48640,0.042578125,15,32494,0.6680509868421053
5b7bb2dd865c569317014e7a,D1,anomaly,canonical,False,"[""melt""]",R3,1.5957880020141602,1.6270664930343628,1.348502516746521,False,0.4067211720572768,0.002288818359375,150,1210,135,1360,1345,65536,39984,0,48128,0.03384724069148936,12,22570,0.4689577792553192
454fde2976c690adb252f174,D1,anomaly,canonical,False,"[""melt""]",R1,1.7183071374893188,1.6270664930343628,1.348502516746521,True,0.009382539693823867,0.00140380859375,92,3777,38,3869,3815,65536,40392,0,48640,0.09580592105263158,19,37228,0.7653782894736842
0cfaf8dea93dc0646a1d60dd,D1,anomaly,canonical,False,"[""melt""]",R2,1.882772207260132,1.6270664930343628,1.348502516746521,True,0.516864660596919,0.0016937255859375,111,1925,106,2036,2031,65536,40795,0,48384,0.0498098544973545,5,16170,0.3342013888888889
c4de673e229af6580007c4be,D1,anomaly,canonical,False,"[""melt""]",R1,1.7499278783798218,1.6270664930343628,1.348502516746521,True,0.20549654602587636,0.0014801025390625,97,2162,97,2259,2259,65536,39155,0,46848,0.058700478142076504,15,37060,0.7910689890710383
5b26e8174612cbac5bf361c6,D1,anomaly,canonical,False,"[""melt""]",R2,1.6517398357391355,1.6270664930343628,1.348502516746521,True,0.8875988595801989,0.0015716552734375,103,885,103,988,988,65536,40385,0,48128,0.02501662234042553,10,31974,0.6643533909574468
d7c7197b3cab34fe93f2fada,D1,anomaly,canonical,False,"[""melt""]",R3,2.0756168365478516,1.6270664930343628,1.348502516746521,True,0.2302461703226587,0.002716064453125,178,4991,176,5169,5167,65536,40180,0,48128,0.12886469414893617,12,28268,0.5873503989361702
bf35ab64688b9cebf87efb76,D1,anomaly,canonical,False,"[""melt""]",R2,1.503604769706726,1.6270664930343628,1.348502516746521,False,0.03087802552193931,0.0017852783203125,117,1256,43,1373,1299,65536,39975,0,47616,0.032972110215053765,14,21516,0.4518649193548387
696b15fa7935c77bc6332efd,D1,anomaly,canonical,False,"[""melt""]",R1,1.6241285800933838,1.6270664930343628,1.348502516746521,False,0.11377805274726964,0.00091552734375,60,1478,60,1538,1538,65536,40188,0,48128,0.0386469414893617,16,34496,0.7167553191489362
78a69a1922ebd38aabe053c8,D1,anomaly,canonical,False,"[""melt""]",R4,2.307048797607422,1.6270664930343628,1.348502516746521,True,0.7214709814198117,0.0037078857421875,243,3260,243,3503,3503,65536,41615,0,49152,0.08424886067708333,15,35100,0.714111328125
3c5ec43df6b0c27e160df537,D1,anomaly,canonical,False,"[""melt""]",R4,2.0016632080078125,1.6270664930343628,1.348502516746521,True,0.4318039292445386,0.00390625,256,5564,256,5820,5820,65536,41205,0,49152,0.14324951171875,24,39609,0.80584716796875
b55803eaf5bb3067295b2cf5,D1,anomaly,canonical,False,"[""melt""]",R1,1.7874116897583008,1.6270664930343628,1.348502516746521,True,0.6043885712296269,0.0013275146484375,87,2388,87,2475,2475,65536,40392,0,48384,0.062272652116402115,17,38340,0.7924107142857143
7c459783721c82f677ac35c7,D1,anomaly,canonical,False,"[""melt""]",R3,1.6424897909164429,1.6270664930343628,1.348502516746521,True,0.11576366474431307,0.002593994140625,170,3301,160,3471,3461,65536,40194,0,48640,0.08721217105263158,13,34138,0.7018503289473684
ce4859a6c6cd0f9caa9c4564,D1,anomaly,canonical,False,"[""melt""]",R3,1.85279643535614,1.6270664930343628,1.348502516746521,True,0.9059333963053956,0.0024261474609375,159,1174,159,1333,1333,65536,39975,0,47616,0.03387516801075269,12,27608,0.5798051075268817
1f6be8b2d2e29e8e8d8952db,D1,anomaly,canonical,False,"[""melt""]",R3,2.12210750579834,1.6270664930343628,1.348502516746521,True,0.6578275294761596,0.0023651123046875,155,1465,151,1620,1616,65536,39360,0,47104,0.041970957880434784,25,37524,0.7966202445652174
68b9e3462b7bb3850fb406a7,D1,anomaly,canonical,False,"[""melt""]",R2,1.4964488744735718,1.6270664930343628,1.348502516746521,False,0.31376956610637136,0.00164794921875,108,606,99,714,705,65536,39788,0,48128,0.018097573138297872,11,19502,0.40521110372340424
2dcc7ada2b6bfab6a91a3742,D1,anomaly,canonical,False,"[""melt""]",R3,1.9867550134658811,1.6270664930343628,1.348502516746521,True,0.33920109445799773,0.002593994140625,170,2698,143,2868,2841,65536,40590,0,48384,0.0705191798941799,10,24476,0.505869708994709
e29dae89a422801349d5d030,D1,anomaly,canonical,False,"[""melt""]",R1,1.7156702280044556,1.6270664930343628,1.348502516746521,True,0.219735226572761,0.0008544921875,56,3000,56,3056,3056,65536,43416,0,46592,0.07046274038461539,7,28836,0.618904532967033
156203b86fd0a31b58234f24,D1,anomaly,canonical,False,"[""melt""]",R1,1.5225231647491455,1.6270664930343628,1.348502516746521,False,0.40964592813754414,0.0011749267578125,77,660,77,737,737,65536,44075,0,47616,0.017137096774193547,13,24552,0.515625
c5158c1aa4bbc8cbdbd24874,D1,anomaly,canonical,False,"[""melt""]",R4,1.8553247451782229,1.6270664930343628,1.348502516746521,True,0.5448759856549215,0.004119873046875,270,2709,270,2979,2979,65536,45150,0,48896,0.06601767015706807,7,22600,0.46220549738219896
d17c6a6b5114e1294ad9cc22,D1,anomaly,canonical,False,"[""scratch""]",R3,1.943415641784668,1.6270664930343628,1.348502516746521,True,0.30973015264204223,0.00286865234375,188,2752,188,2940,2940,65536,40994,0,48128,0.07218251329787234,11,38485,0.7996384640957447
6039bd78d688a37977631738,D1,anomaly,canonical,False,"[""scratch""]",R4,2.27558970451355,1.6270664930343628,1.348502516746521,True,0.5761660497500835,0.0039215087890625,257,4555,257,4812,4812,65536,42848,0,50176,0.11391900510204081,31,42952,0.8560267857142857
b12a028d7cef91259468f264,D1,anomaly,canonical,False,"[""scratch""]",R3,2.6365885734558105,1.6270664930343628,1.348502516746521,True,0.30780245468501394,0.0024261474609375,159,3612,159,3771,3771,65536,42228,0,49152,0.089599609375,13,36300,0.738525390625
8e283e953bb207214a134d47,D1,anomaly,canonical,False,"[""scratch""]",R4,1.877439260482788,1.6270664930343628,1.348502516746521,True,0.5296223006101967,0.003814697265625,250,1820,250,2070,2070,65536,40180,0,47616,0.05176831317204301,9,28860,0.6060987903225806
9d17ee5e0a75493b8f4210c0,D1,anomaly,canonical,False,"[""scratch""]",R3,2.490246534347534,1.6270664930343628,1.348502516746521,True,0.4695149640066654,0.003143310546875,206,3057,206,3263,3263,65536,42021,0,48896,0.07802274214659685,7,32208,0.6587041884816754
f8d29a19edc548c8cc6e6d89,D1,anomaly,canonical,False,"[""scratch""]",R3,1.803950548171997,1.6270664930343628,1.348502516746521,True,0.2415420905895172,0.0026397705078125,173,1862,173,2035,2035,65536,41808,0,48384,0.04939649470899471,12,21000,0.4340277777777778
824de58bab8ab9b7d07b673c,D1,anomaly,canonical,False,"[""scratch""]",R3,2.247551679611206,1.6270664930343628,1.348502516746521,True,0.41306189922865155,0.0026702880859375,175,2543,175,2718,2718,65536,40768,0,47104,0.06770125679347826,25,37052,0.7865998641304348
b9bd4f2bc63c2c7651916ea0,D1,anomaly,canonical,False,"[""scratch""]",R4,1.8710792064666748,1.6270664930343628,1.348502516746521,True,0.36310338404790116,0.005279541015625,346,3951,342,4297,4293,65536,42228,0,49152,0.10239664713541667,17,35397,0.72015380859375
fa34ec9ecc44f946a375d974,D1,anomaly,canonical,False,"[""scratch""]",R3,2.0989067554473877,1.6270664930343628,1.348502516746521,True,0.547023670616575,0.002593994140625,170,2342,170,2512,2512,65536,41000,0,48896,0.06211142015706806,20,34200,0.6994437172774869
25a492906921005d25cd44b3,D1,anomaly,canonical,False,"[""scratch""]",R4,1.8794505596160889,1.6270664930343628,1.348502516746521,True,0.18308714027996634,0.0036468505859375,239,3934,239,4173,4173,65536,40788,0,47872,0.10312917780748664,17,27500,0.5744485294117647
25ec33aab6cc9475a4e49915,D1,anomaly,canonical,False,"[""scratch""]",R4,1.964207887649536,1.6270664930343628,1.348502516746521,True,0.4791122246975373,0.0043792724609375,287,4255,287,4542,4542,65536,40376,0,47616,0.11248319892473119,13,27740,0.5825772849462365
31c82c66a7fccb2763c06c8c,D1,anomaly,canonical,False,"[""melt"", ""scratch""]",R4,1.7979775667190552,1.6270664930343628,1.348502516746521,True,0.33546815623500825,0.0041046142578125,269,4715,241,4984,4956,65536,41406,0,48640,0.12014802631578947,15,36120,0.7425986842105263
56b0ca13e534cebedf32c5c1,D1,anomaly,canonical,False,"[""scratch""]",R3,1.7928459644317627,1.6270664930343628,1.348502516746521,True,0.23627034285877235,0.0025482177734375,167,2023,154,2190,2177,65536,40590,0,48128,0.05383560505319149,17,18200,0.3781582446808511
ccb69f884e0466da8bf7341e,D1,anomaly,canonical,False,"[""scratch""]",R4,1.9398940801620483,1.6270664930343628,1.348502516746521,True,0.266939650430126,0.0041961669921875,275,2750,275,3025,3025,65536,40180,0,47616,0.076171875,17,27690,0.5815272177419355
166db33b924deb15dc0a50d8,D1,anomaly,canonical,False,"[""scratch""]",R3,2.452949047088623,1.6270664930343628,1.348502516746521,True,0.28767395022541326,0.002655029296875,174,5182,174,5356,5356,65536,41820,0,49664,0.12844313788659795,16,33252,0.6695393041237113
452f2685edcad7b69fecd9b6,D1,normal,canonical,False,[],,1.5465046167373655,1.6270664930343628,1.348502516746521,False,,0.0,0,647,0,647,647,65536,42224,0,48896,0.015584096858638744,9,23422,0.4790166884816754
2b6a7d049fa1b9e094d4b1b7,D1,normal,canonical,False,[],,1.480444312095642,1.6270664930343628,1.348502516746521,False,,0.0,0,685,0,685,685,65536,41607,0,48384,0.017175099206349208,17,21483,0.4440104166666667
db2ce9aae41ccd9feda36d97,D1,normal,canonical,False,[],,1.435981035232544,1.6270664930343628,1.348502516746521,False,,0.0,0,271,0,271,271,65536,40582,0,47872,0.007311163101604278,10,18573,0.38797209224598933
aabb50dfd6fa95309b6e460a,D1,normal,canonical,False,[],,1.6220184564590454,1.6270664930343628,1.348502516746521,False,,0.0,0,638,0,638,638,65536,42021,0,48896,0.016074934554973823,9,22140,0.45279777486910994
02aae52ee66ba6314996782a,D1,normal,canonical,False,[],,1.5281147956848145,1.6270664930343628,1.348502516746521,False,,0.0,0,453,0,453,453,65536,42021,0,48896,0.011473331151832461,18,24898,0.5092032068062827
64be38abeac63bef2d999f46,D1,normal,canonical,False,[],,1.456413984298706,1.6270664930343628,1.348502516746521,False,,0.0,0,753,0,753,753,65536,40180,0,47872,0.019280581550802138,12,21024,0.4391711229946524
a44f87b6ff4debf5efe4bd01,D1,normal,canonical,False,[],,1.4918057918548584,1.6270664930343628,1.348502516746521,False,,0.0,0,270,0,270,270,65536,41600,0,48128,0.006711269946808511,10,22572,0.468999335106383
0accc51b6cbde741542000fe,D1,normal,canonical,False,[],,1.4200693368911743,1.6270664930343628,1.348502516746521,False,,0.0,0,183,0,183,183,65536,41000,0,48640,0.0048930921052631575,8,18928,0.38914473684210527
53fe2b96c7614eef9f61e761,D1,normal,canonical,False,[],,1.4798015356063845,1.6270664930343628,1.348502516746521,False,,0.0,0,358,0,358,358,65536,42849,0,49664,0.008960212628865979,15,28644,0.5767557989690721
4053335d3bde455cde81acdb,D1,normal,canonical,False,[],,1.4828041791915894,1.6270664930343628,1.348502516746521,False,,0.0,0,372,0,372,372,65536,42224,0,48896,0.009162303664921465,9,21978,0.4494846204188482
b86d36c40af62aafb6b0074f,D1,normal,canonical,False,[],,1.4946513175964355,1.6270664930343628,1.348502516746521,False,,0.0,0,840,0,840,840,65536,40788,0,48128,0.021712932180851064,19,24045,0.4996052194148936
205a95773fd9f4d7baade61c,D1,normal,canonical,False,[],,1.4639770984649658,1.6270664930343628,1.348502516746521,False,,0.0,0,177,0,177,177,65536,40788,0,47872,0.004741811497326203,11,15023,0.3138160093582888
2dffce1dbe6997fc6f6e3e1b,D1,normal,canonical,False,[],,1.4656914472579956,1.6270664930343628,1.348502516746521,False,,0.0,0,319,0,319,319,65536,40788,0,48384,0.007998511904761904,4,11256,0.2326388888888889
375fd2c746b090e60f3f7340,D1,normal,canonical,False,[],,1.4875589609146118,1.6270664930343628,1.348502516746521,False,,0.0,0,504,0,504,504,65536,42435,0,50176,0.012615593112244899,14,34068,0.6789700255102041
f42c89c5f3cc09c28a9b722e,D1,normal,canonical,False,[],,1.4857141971588137,1.6270664930343628,1.348502516746521,False,,0.0,0,1117,0,1117,1117,65536,41392,0,47872,0.027406417112299464,6,21780,0.45496323529411764
961755159b280739cc1ba46d,D1,normal,canonical,False,[],,1.595145583152771,1.6270664930343628,1.348502516746521,False,,0.0,0,1200,0,1200,1200,65536,41808,0,48384,0.029017857142857144,11,37024,0.7652116402116402
56e735259c27809568b70e19,D1,normal,canonical,False,[],,1.4874682426452637,1.6270664930343628,1.348502516746521,False,,0.0,0,298,0,298,298,65536,40376,0,47360,0.007770270270270271,4,17446,0.36836993243243243
b08d5dfe16f0c5e3c2cc69f1,D1,normal,canonical,False,[],,1.484670877456665,1.6270664930343628,1.348502516746521,False,,0.0,0,1254,0,1254,1254,65536,42848,0,49408,0.030217778497409326,17,27924,0.5651716321243523
550983ee30b980727bb33675,D1,normal,canonical,False,[],,1.4920158386230469,1.6270664930343628,1.348502516746521,False,,0.0,0,630,0,630,630,65536,41400,0,48384,0.015625,14,30294,0.6261160714285714
4ae29c9501c432b69a8cc15e,D1,normal,canonical,False,[],,1.4486958980560305,1.6270664930343628,1.348502516746521,False,,0.0,0,300,0,300,300,65536,40788,0,47872,0.007708054812834224,10,12210,0.25505514705882354
4f15590f560ec8dab6dc09f2,D1,normal,canonical,False,[],,1.7050848007202148,1.6270664930343628,1.348502516746521,True,,0.0,0,2102,0,2102,2102,65536,40800,0,48896,0.051722022251308904,13,26600,0.5440117801047121
ec4e48b6b9adcb98383ae5e7,D1,normal,canonical,False,[],,1.5710020065307615,1.6270664930343628,1.348502516746521,False,,0.0,0,6567,0,6567,6567,65536,42420,0,48384,0.15562996031746032,14,37746,0.7801339285714286
3684efe93fd3b7afa813281f,D1,normal,canonical,False,[],,1.46271812915802,1.6270664930343628,1.348502516746521,False,,0.0,0,546,0,546,546,65536,41607,0,48640,0.013610197368421053,20,38925,0.8002672697368421
e1f62c6c20085b5c157be757,D1,normal,canonical,False,[],,1.5454024076461792,1.6270664930343628,1.348502516746521,False,,0.0,0,2355,0,2355,2355,65536,40170,0,47360,0.05931165540540541,20,17784,0.37550675675675677
d7df11e6c55823bc9ebf76b0,D1,normal,canonical,False,[],,1.5809611082077026,1.6270664930343628,1.348502516746521,False,,0.0,0,1331,0,1331,1331,65536,42849,0,50176,0.03148915816326531,16,35292,0.7033641581632653
ea10de32d4034b13bea5cb13,D1,normal,canonical,False,[],,1.5098683834075928,1.6270664930343628,1.348502516746521,False,,0.0,0,1003,0,1003,1003,65536,40788,0,47872,0.02538018048128342,11,34506,0.7207971256684492
24696494ba3fa35e11bffd53,D1,normal,canonical,False,[],,1.4103442430496216,1.6270664930343628,1.348502516746521,False,,0.0,0,92,0,92,92,65536,40590,0,48128,0.0026180186170212767,7,17388,0.36128656914893614
0dafbc81c75425b6d986d52b,D1,normal,canonical,False,[],,1.535544514656067,1.6270664930343628,1.348502516746521,False,,0.0,0,1853,0,1853,1853,65536,42024,0,49408,0.04483079663212435,20,31395,0.6354234132124352
dc6046917e9e86adee57ce3f,D1,normal,canonical,False,[],,1.5018383264541626,1.6270664930343628,1.348502516746521,False,,0.0,0,654,0,654,654,65536,43681,0,50176,0.015465561224489796,16,37152,0.7404336734693877
372581c3ce28a2517b1109c7,D1,normal,canonical,False,[],,1.4724806547164917,1.6270664930343628,1.348502516746521,False,,0.0,0,482,0,482,482,65536,41612,0,49152,0.012003580729166666,11,23504,0.4781901041666667
098152f95bce223133b4eaf6,D1,normal,canonical,False,[],,1.452646017074585,1.6270664930343628,1.348502516746521,False,,0.0,0,561,0,561,561,65536,41400,0,48128,0.014191323138297872,19,26132,0.54296875
b930a578ee0d8cbee9eabfc5,D1,normal,canonical,False,[],,1.483225703239441,1.6270664930343628,1.348502516746521,False,,0.0,0,412,0,412,412,65536,40376,0,47360,0.010557432432432432,7,15620,0.3298141891891892
48ad272fcc28e7771d6392e5,D1,normal,canonical,False,[],,1.6424216032028198,1.6270664930343628,1.348502516746521,True,,0.0,0,544,0,544,544,65536,40180,0,47616,0.01381888440860215,5,7800,0.16381048387096775
abd28ac017018f790aba3758,D1,normal,canonical,False,[],,1.5854856967926023,1.6270664930343628,1.348502516746521,False,,0.0,0,736,0,736,736,65536,40572,0,47104,0.018788213315217392,9,28356,0.6019870923913043
93c63850a99e3167013fea89,D1,normal,canonical,False,[],,1.671104907989502,1.6270664930343628,1.348502516746521,True,,0.0,0,364,0,364,364,65536,40788,0,48128,0.009350066489361703,5,22401,0.4654463098404255
d1bd146b3e2c069af7e68092,D1,normal,canonical,False,[],,1.4754042625427246,1.6270664930343628,1.348502516746521,False,,0.0,0,426,0,426,426,65536,40376,0,47872,0.011238302139037433,12,42140,0.8802640374331551
156066904c1735208479fb72,D1,normal,canonical,False,[],,1.482621669769287,1.6270664930343628,1.348502516746521,False,,0.0,0,1240,0,1240,1240,65536,41612,0,49152,0.0308837890625,29,34500,0.701904296875
eecd6eb5060453a25dedb777,D1,normal,canonical,False,[],,1.440683364868164,1.6270664930343628,1.348502516746521,False,,0.0,0,294,0,294,294,65536,42432,0,49152,0.007548014322916667,9,16005,0.32562255859375
abd584aa4166098b27ad3783,D1,normal,canonical,False,[],,1.4102959632873535,1.6270664930343628,1.348502516746521,False,,0.0,0,118,0,118,118,65536,40385,0,47872,0.003091577540106952,4,16214,0.33869485294117646
d5b4d184035e0b8f1126f99a,D1,normal,canonical,False,[],,1.5700114965438845,1.6270664930343628,1.348502516746521,False,,0.0,0,1322,0,1322,1322,65536,40788,0,48128,0.03274601063829787,6,16744,0.347905585106383
35ec358c4f85bbdc6c79646b,D1,normal,canonical,False,[],,1.555496096611023,1.6270664930343628,1.348502516746521,False,,0.0,0,401,0,401,401,65536,41808,0,48640,0.010361842105263157,15,29751,0.611657072368421
87ea983f62b27d0f02a72bde,D1,normal,canonical,False,[],,1.5607187747955322,1.6270664930343628,1.348502516746521,False,,0.0,0,1098,0,1098,1098,65536,41184,0,47872,0.02751086229946524,18,25986,0.5428225267379679
9de01ef43dbefdf8c5261a51,D1,normal,canonical,False,[],,1.4083943367004397,1.6270664930343628,1.348502516746521,False,,0.0,0,30,0,30,30,65536,39975,0,47616,0.0007980510752688173,2,273,0.005733366935483871
e194687c728b162906b9c214,D1,normal,canonical,False,[],,1.507017731666565,1.6270664930343628,1.348502516746521,False,,0.0,0,668,0,668,668,65536,41818,0,49152,0.016581217447916668,14,29304,0.59619140625
95cc752fc86f263bfca7d12b,D1,normal,canonical,False,[],,1.471893072128296,1.6270664930343628,1.348502516746521,False,,0.0,0,334,0,334,334,65536,40170,0,47360,0.00867820945945946,12,17157,0.36226773648648647
d21081ff25bdec6b7b70285d,D1,normal,canonical,False,[],,1.420287847518921,1.6270664930343628,1.348502516746521,False,,0.0,0,122,0,122,122,65536,40376,0,47360,0.003462837837837838,10,14508,0.3063344594594595
66c4aa0948e7b6625b018f38,D1,normal,canonical,False,[],,1.431119084358215,1.6270664930343628,1.348502516746521,False,,0.0,0,363,0,363,363,65536,41200,0,48384,0.009155919312169311,8,18426,0.380828373015873
b42b96bcc8da76dd7917b679,D1,normal,canonical,False,[],,1.466557264328003,1.6270664930343628,1.348502516746521,False,,0.0,0,90,0,90,90,65536,40590,0,48384,0.0023561507936507935,5,17919,0.3703497023809524
e15b9790767114a2828c1672,D1,normal,canonical,False,[],,1.4773908853530884,1.6270664930343628,1.348502516746521,False,,0.0,0,511,0,511,511,65536,40180,0,47872,0.013180982620320856,13,27690,0.5784174465240641
0be6a9d652c5bc82c5d0a148,D1,normal,canonical,False,[],,1.50195050239563,1.6270664930343628,1.348502516746521,False,,0.0,0,842,0,842,842,65536,42228,0,49152,0.020955403645833332,16,24090,0.4901123046875
e00d4ae25bf79e94a10d6503,D1,normal,canonical,False,[],,1.495705246925354,1.6270664930343628,1.348502516746521,False,,0.0,0,176,0,176,176,65536,41607,0,48384,0.004422949735449736,4,10716,0.2214781746031746
17be65e9b30bb93d48a0c633,D1,normal,canonical,False,[],,1.471524715423584,1.6270664930343628,1.348502516746521,False,,0.0,0,1061,0,1061,1061,65536,42642,0,49664,0.025914143041237115,20,34815,0.7010107925257731
ae2bf0ea32353e5714332a3e,D1,normal,canonical,False,[],,1.436955809593201,1.6270664930343628,1.348502516746521,False,,0.0,0,1022,0,1022,1022,65536,42436,0,50176,0.02473294005102041,18,37513,0.7476283482142857
f2ebf08071002f3b55c192a2,D1,normal,canonical,False,[],,1.5100834369659424,1.6270664930343628,1.348502516746521,False,,0.0,0,1156,0,1156,1156,65536,42642,0,50432,0.027581694162436547,16,37164,0.7369130710659898
566d247031de1517a7bf7c75,D1,normal,canonical,False,[],,1.5770487785339355,1.6270664930343628,1.348502516746521,False,,0.0,0,2863,0,2863,2863,65536,43890,0,50432,0.06626744923857868,22,36051,0.71484375
14980ec28efed557021b5113,D1,normal,canonical,False,[],,1.5234043598175049,1.6270664930343628,1.348502516746521,False,,0.0,0,1523,0,1523,1523,65536,42642,0,49920,0.036458333333333336,17,37184,0.7448717948717949
382bf0865d25414790e9ea61,D1,normal,canonical,False,[],,1.4977188110351562,1.6270664930343628,1.348502516746521,False,,0.0,0,407,0,407,407,65536,41607,0,48384,0.010147982804232803,7,15288,0.3159722222222222
1dd7a0396140bca72ac7681e,D1,normal,canonical,False,[],,1.4300251007080078,1.6270664930343628,1.348502516746521,False,,0.0,0,149,0,149,149,65536,40572,0,47104,0.004118546195652174,12,35659,0.7570270040760869
56639c20153c027d1b98e342,D1,normal,canonical,False,[],,1.432814598083496,1.6270664930343628,1.348502516746521,False,,0.0,0,55,0,55,55,65536,41410,0,48896,0.0015134162303664922,7,8340,0.1705660994764398
51599afeb8b177237f862bf6,D1,normal,canonical,False,[],,1.4747586250305176,1.6270664930343628,1.348502516746521,False,,0.0,0,450,0,450,450,65536,40180,0,47616,0.011844758064516129,15,29146,0.6121051747311828
7add970b6fffd5a0361046c7,D1,normal,canonical,False,[],,1.423704743385315,1.6270664930343628,1.348502516746521,False,,0.0,0,73,0,73,73,65536,40788,0,47872,0.0024022393048128343,9,23975,0.5008146724598931
622c7a21c4068548b6d75b4f,D1,normal,canonical,False,[],,1.5297342538833618,1.6270664930343628,1.348502516746521,False,,0.0,0,980,0,980,980,65536,40590,0,48128,0.024601063829787235,10,24190,0.5026180186170213
86ba4c2ba433f83d3ef72b7b,D1,normal,canonical,False,[],,1.4916774034500122,1.6270664930343628,1.348502516746521,False,,0.0,0,126,0,126,126,65536,41000,0,48640,0.0034333881578947367,9,10465,0.21515213815789475
1737d9c73fe23cb012799cc8,D1,normal,canonical,False,[],,1.500251293182373,1.6270664930343628,1.348502516746521,False,,0.0,0,1290,0,1290,1290,65536,43264,0,49920,0.030528846153846153,23,33912,0.6793269230769231
d7ec6afa2fc6caca16d5701c,D1,normal,canonical,False,[],,1.5522750616073608,1.6270664930343628,1.348502516746521,False,,0.0,0,634,0,634,634,65536,41200,0,48384,0.015562996031746032,6,20440,0.4224537037037037
1909f465333614830dff44f2,D1,normal,canonical,False,[],,1.4957150220870972,1.6270664930343628,1.348502516746521,False,,0.0,0,398,0,398,398,65536,39770,0,47104,0.010487432065217392,11,33288,0.7066915760869565
60fe972d68352e6821269288,D1,normal,canonical,False,[],,1.5428391695022583,1.6270664930343628,1.348502516746521,False,,0.0,0,515,0,515,515,65536,40385,0,47872,0.01311831550802139,7,18444,0.3852774064171123
273cad5f26957e4c7d06f7e3,D1,normal,canonical,False,[],,1.4957411289215088,1.6270664930343628,1.348502516746521,False,,0.0,0,271,0,271,271,65536,40180,0,47616,0.007245463709677419,9,15943,0.3348244287634409
26570c03543a2e6324e09243,D1,normal,canonical,False,[],,1.4853650331497192,1.6270664930343628,1.348502516746521,False,,0.0,0,863,0,863,863,65536,40590,0,48128,0.021962267287234043,20,22814,0.4740275930851064
7e156c1c6f8db3ce7e3ccad0,D1,normal,canonical,False,[],,1.526902437210083,1.6270664930343628,1.348502516746521,False,,0.0,0,876,0,876,876,65536,40590,0,48128,0.021920711436170214,15,18630,0.3870927526595745
24a02107e447d68b081e46e7,D1,normal,canonical,False,[],,1.509903073310852,1.6270664930343628,1.348502516746521,False,,0.0,0,1322,0,1322,1322,65536,43472,0,49920,0.031310096153846154,14,34992,0.7009615384615384
ca6447e395d2e4c9a41a9343,D1,normal,canonical,False,[],,1.555526614189148,1.6270664930343628,1.348502516746521,False,,0.0,0,1517,0,1517,1517,65536,42016,0,48896,0.03697643979057592,20,29930,0.6121155104712042
9af51eeeedd5685174612ad4,D1,normal,canonical,False,[],,1.5539557933807373,1.6270664930343628,1.348502516746521,False,,0.0,0,866,0,866,866,65536,41400,0,48384,0.021536044973544975,12,29565,0.6110491071428571
7b451c6c324d6bb30a354118,D1,normal,canonical,False,[],,1.4341343641281128,1.6270664930343628,1.348502516746521,False,,0.0,0,198,0,198,198,65536,40582,0,47616,0.005502352150537635,17,33078,0.6946824596774194
1af9364f2fa6938fa08d80d7,D1,normal,canonical,False,[],,1.5533174276351929,1.6270664930343628,1.348502516746521,False,,0.0,0,1732,0,1732,1732,65536,41406,0,48640,0.04282483552631579,16,21728,0.44671052631578945
ee12763d9a69961a567037e5,D1,normal,canonical,False,[],,1.5251554250717163,1.6270664930343628,1.348502516746521,False,,0.0,0,1079,0,1079,1079,65536,40582,0,47872,0.02755264037433155,18,21168,0.44217914438502676
5834ab9c460489057897a4be,D1,normal,canonical,False,[],,1.4950700998306274,1.6270664930343628,1.348502516746521,False,,0.0,0,416,0,416,416,65536,39770,0,47104,0.011485224184782608,17,29000,0.6156589673913043
c6f55ba2051edb1e35f9131c,D1,normal,canonical,False,[],,1.582757830619812,1.6270664930343628,1.348502516746521,False,,0.0,0,6865,0,6865,6865,65536,43680,0,50688,0.15932765151515152,31,41860,0.82583648989899
dfb2c185a44a2d33dea3516f,D1,normal,canonical,False,[],,1.5004152059555054,1.6270664930343628,1.348502516746521,False,,0.0,0,957,0,957,957,65536,40188,0,48128,0.02462184175531915,14,29760,0.6183510638297872
bbf2be5ae37229d562a5ce85,D1,normal,canonical,False,[],,1.6508562564849854,1.6270664930343628,1.348502516746521,True,,0.0,0,2524,0,2524,2524,65536,40800,0,48896,0.062336387434554975,23,34352,0.7025523560209425
cd7d0ca80c321f5f4c0e83ed,D1,normal,canonical,False,[],,1.5098997354507446,1.6270664930343628,1.348502516746521,False,,0.0,0,1013,0,1013,1013,65536,40590,0,48384,0.025793650793650792,12,28959,0.5985243055555556
2662b4037283d35b28570faf,D1,normal,canonical,False,[],,1.7066298723220823,1.6270664930343628,1.348502516746521,True,,0.0,0,1110,0,1110,1110,65536,40376,0,47872,0.02797042112299465,8,31862,0.6655665106951871
ef5ec1f69e4986a868b4d224,D1,normal,canonical,False,[],,1.582416534423828,1.6270664930343628,1.348502516746521,False,,0.0,0,683,0,683,683,65536,41000,0,48896,0.017342931937172776,15,25480,0.5211060209424084
781ed00408bb76171df9c478,D1,normal,canonical,False,[],,1.459989309310913,1.6270664930343628,1.348502516746521,False,,0.0,0,165,0,165,165,65536,40188,0,48128,0.004799700797872341,13,20720,0.4305186170212766
5f1fdd3eda3bda2c26f6b7b4,D1,normal,canonical,False,[],,1.5226337909698486,1.6270664930343628,1.348502516746521,False,,0.0,0,421,0,421,421,65536,40800,0,48896,0.010634816753926702,11,27860,0.5697807591623036
69f74f45bee4081bfa4d94bb,D1,normal,canonical,False,[],,1.41878080368042,1.6270664930343628,1.348502516746521,False,,0.0,0,197,0,197,197,65536,40180,0,47872,0.00518048128342246,9,10137,0.21175217245989306
17f72ccbd097e9fd071db250,D1,normal,canonical,False,[],,1.394085168838501,1.6270664930343628,1.348502516746521,False,,0.0,0,54,0,54,54,65536,39984,0,47872,0.0014831216577540108,2,490,0.010235628342245989
30fc45da793691fbfd74e995,D1,normal,canonical,False,[],,1.5471713542938232,1.6270664930343628,1.348502516746521,False,,0.0,0,731,0,731,731,65536,41820,0,49664,0.01826272551546392,15,31977,0.6438667847938144
73f39067f4c09d66b5e9dedf,D1,normal,canonical,False,[],,1.494059920310974,1.6270664930343628,1.348502516746521,False,,0.0,0,1960,0,1960,1960,65536,39975,0,47616,0.04966817876344086,19,21809,0.458018313172043
973f2cf5735887a4f3ce1597,D1,normal,canonical,False,[],,1.4878854751586914,1.6270664930343628,1.348502516746521,False,,0.0,0,418,0,418,418,65536,39984,0,48128,0.01078374335106383,9,16611,0.3451421210106383
e4d01f5bb7bf376177f723b4,D1,normal,canonical,False,[],,1.4149459600448608,1.6270664930343628,1.348502516746521,False,,0.0,0,98,0,98,98,65536,41004,0,49152,0.0027262369791666665,9,16830,0.3424072265625
de99daf2757aff1c8cb4ca86,D1,normal,canonical,False,[],,1.4858919382095337,1.6270664930343628,1.348502516746521,False,,0.0,0,334,0,334,334,65536,41205,0,49152,0.008951822916666666,14,27189,0.55316162109375
48eea2da9c92409f5437f19f,D1,normal,canonical,False,[],,1.4793285131454468,1.6270664930343628,1.348502516746521,False,,0.0,0,497,0,497,497,65536,39770,0,47360,0.013217905405405406,10,32163,0.6791173986486486
24bddc73e51fafa8d2e8096c,D1,normal,canonical,False,[],,1.4303454160690308,1.6270664930343628,1.348502516746521,False,,0.0,0,83,0,83,83,65536,39984,0,48128,0.0024933510638297874,9,25872,0.5375664893617021
3345a7559e85193f82fc78f4,D1,normal,canonical,False,[],,1.5026167631149292,1.6270664930343628,1.348502516746521,False,,0.0,0,794,0,794,794,65536,41820,0,49664,0.01991382087628866,21,32340,0.6511759020618557
096528d5d7875e34d1ce7795,D1,normal,canonical,False,[],,1.540913701057434,1.6270664930343628,1.348502516746521,False,,0.0,0,539,0,539,539,65536,40590,0,48384,0.013806216931216931,15,21402,0.44233630952380953
b2c29250de881ef717620575,D1,normal,canonical,False,[],,1.4762864112854004,1.6270664930343628,1.348502516746521,False,,0.0,0,474,0,474,474,65536,41200,0,48640,0.011739309210526315,3,6240,0.12828947368421054
2f3b3f7aaf40cd0b5e920590,D1,normal,canonical,False,[],,1.4312752485275269,1.6270664930343628,1.348502516746521,False,,0.0,0,380,0,380,380,65536,39155,0,46848,0.009690915300546448,8,31005,0.6618212090163934
926f45ae46975296f27d7760,D1,normal,canonical,False,[],,1.4297053813934326,1.6270664930343628,1.348502516746521,False,,0.0,0,59,0,59,59,65536,40590,0,48384,0.0017981150793650793,7,27448,0.5672949735449735
b0da84ae91f95b36bfca45ff,D1,normal,canonical,False,[],,1.455453634262085,1.6270664930343628,1.348502516746521,False,,0.0,0,177,0,177,177,65536,39984,0,48128,0.004695811170212766,9,17816,0.37017952127659576
fea34ce33cdd25b0ede4efe4,D2,anomaly,canonical,False,"[""bent""]",R1,2.250951051712036,2.060171127319336,1.6943607330322266,True,0.3665154852867571,0.0012359619140625,81,832,64,913,896,65536,40582,0,191488,0.023254720922459893,30,169309,0.8841755096925134
596996fa0816db1d904389d5,D2,anomaly,canonical,False,"[""bent"", ""melt""]",R2,3.381569147109986,2.060171127319336,1.6943607330322266,True,0.2807905831420435,0.0018157958984375,119,2034,119,2153,2153,65536,40788,0,192000,0.054578125,46,123640,0.6439583333333333
0333ff525de4a8a11f200628,D2,anomaly,canonical,False,"[""bent""]",R2,3.2378733158111572,2.060171127319336,1.6943607330322266,True,0.4318665830285199,0.0018157958984375,119,1642,119,1761,1761,65536,41406,0,195072,0.043937623031496065,33,155837,0.7988691354986877
40bd4bb7b874a3ca7af54e0d,D2,anomaly,canonical,False,"[""bent""]",R3,2.5076818466186523,2.060171127319336,1.6943607330322266,True,0.2654902697620207,0.002410888671875,158,630,140,788,770,65536,41184,0,191488,0.01966180648395722,29,146944,0.767379679144385
14a83651ed9a4f616caa6729,D2,anomaly,canonical,False,"[""bent""]",R3,3.1772584915161133,2.060171127319336,1.6943607330322266,True,0.6077194397155828,0.0029296875,192,2464,192,2656,2656,65536,41400,0,193024,0.06489348474801061,31,166026,0.8601313826259946
a4566fb447572e53a3508a6c,D2,anomaly,canonical,False,"[""bent""]",R3,2.2690589427948,2.060171127319336,1.6943607330322266,True,0.29739639254883454,0.003021240234375,198,1151,157,1349,1308,65536,40170,0,189440,0.03321368243243243,27,113970,0.6016152871621622
71a397a43897d23245179113,D2,anomaly,canonical,False,"[""bent"", ""melt""]",R3,2.630810022354126,2.060171127319336,1.6943607330322266,True,0.31560651881937773,0.0031280517578125,205,2077,187,2282,2264,65536,41200,0,193536,0.055596891534391533,36,139772,0.7222015542328042
d91345bdc375c79088437f11,D2,anomaly,canonical,False,"[""bent""]",R4,3.2399187088012695,2.060171127319336,1.6943607330322266,True,0.5015799537094733,0.0032806396484375,215,2069,215,2284,2284,65536,41600,0,192000,0.05584895833333333,41,161505,0.841171875
5deb743d4a2a5651892cd335,D2,anomaly,canonical,False,"[""bent""]",R4,3.269087314605713,2.060171127319336,1.6943607330322266,True,0.45064885594122867,0.004486083984375,294,1882,294,2176,2176,65536,40158,0,186368,0.05525626717032967,33,181863,0.975827395260989
c2b89aa8e214ceaec0783be2,D2,anomaly,canonical,False,"[""bent""]",R4,2.4712796211242676,2.060171127319336,1.6943607330322266,True,0.2317760151270697,0.00347900390625,228,2259,228,2487,2487,65536,39984,0,192000,0.06278645833333334,30,172197,0.896859375
e5628f4b63d7b4897d073d44,D2,anomaly,canonical,False,"[""bent"", ""melt""]",R2,2.1973586082458496,2.060171127319336,1.6943607330322266,True,0.26317655910352283,0.00164794921875,108,1411,97,1519,1508,65536,41205,0,195584,0.03783029286649214,42,134151,0.6858996645942408
f47ac1b5ffc4a30190f75ecb,D2,anomaly,uncertain,False,"[""bent""]",R4,2.828041076660156,2.060171127319336,1.6943607330322266,True,0.3859111476259469,0.0141754150390625,929,3045,929,3974,3974,65536,39565,0,187392,0.10180797472677595,36,131652,0.7025486680327869
3a193415be845c758a9f790f,D2,anomaly,canonical,False,"[""bent""]",R3,2.333915948867798,2.060171127319336,1.6943607330322266,True,0.4157242201226753,0.00201416015625,132,2168,132,2300,2300,65536,40188,0,192512,0.05826130319148936,41,156894,0.8149829621010638
23a0d4f93b65c3d4c7999361,D2,anomaly,uncertain,False,"[""bent""]",R4,3.5911810398101807,2.060171127319336,1.6943607330322266,True,0.5309940467091006,0.006744384765625,442,2650,442,3092,3092,65536,40180,0,191488,0.07719021557486631,31,122481,0.6396275484625669
2d37b1ca970ab988e2a93625,D2,anomaly,canonical,False,"[""bent""]",R4,2.5441434383392334,2.060171127319336,1.6943607330322266,True,0.29262891433422117,0.003326416015625,218,2309,218,2527,2527,65536,40590,0,192000,0.06330729166666667,42,147393,0.767671875
c3946a4668660ea1badeeb09,D2,anomaly,canonical,False,"[""melt""]",R4,2.352872848510742,2.060171127319336,1.6943607330322266,True,0.5769815890649225,0.004058837890625,266,1831,242,2097,2073,65536,40385,0,191488,0.0522695939171123,34,133375,0.6965188419117647
742e2a8ff4aa5d512df73fda,D2,anomaly,canonical,False,"[""melt""]",R3,2.4399173259735107,2.060171127319336,1.6943607330322266,True,0.657074043779225,0.0025177001953125,165,2313,165,2478,2478,65536,39576,0,189440,0.0635768581081081,35,173151,0.9140149915540541
6769687e7725f6474ea47da3,D2,anomaly,canonical,False,"[""melt""]",R3,2.424837350845337,2.060171127319336,1.6943607330322266,True,0.8005631366063701,0.0030670166015625,201,1379,201,1580,1580,65536,41000,0,194560,0.039566200657894735,49,183645,0.9438990542763158
735d89d870bbb25b3bc3dfce,D2,anomaly,reversed_180,False,"[""melt""]",R3,2.880894184112549,2.060171127319336,1.6943607330322266,True,0.007597548055129823,0.0025634765625,168,19627,168,19795,19795,65536,40795,0,194048,0.4868073878627968,14,185504,0.9559696569920845
27a4cb4918036207cdfdc810,D2,anomaly,canonical,False,"[""melt""]",R4,2.481384515762329,2.060171127319336,1.6943607330322266,True,0.6689041353785627,0.004669189453125,306,2826,294,3132,3120,65536,40180,0,190976,0.0791303619302949,37,182024,0.953125
72798c294d594c84ea7d2040,D2,anomaly,canonical,False,"[""melt""]",R3,2.545560121536255,2.060171127319336,1.6943607330322266,True,0.8367043275884697,0.0021514892578125,141,2029,141,2170,2170,65536,40385,0,191488,0.05576328542780749,49,191488,1.0
61d4113d82822d875a099bfd,D2,anomaly,canonical,False,"[""melt""]",R4,2.827509880065918,2.060171127319336,1.6943607330322266,True,0.6679478862350139,0.00390625,256,1577,255,1833,1832,65536,40795,0,193024,0.04647090517241379,53,129913,0.6730406581564987
56a0dfb39e86f8201ac299b6,D2,anomaly,canonical,False,"[""melt""]",R3,2.4023098945617676,2.060171127319336,1.6943607330322266,True,0.8506125319447532,0.00201416015625,132,566,132,698,698,65536,39770,0,189440,0.018274915540540542,22,164030,0.8658678209459459
f316425a0a5da9c324b8ff3c,D2,anomaly,canonical,False,"[""melt""]",R4,2.2890775203704834,2.060171127319336,1.6943607330322266,True,0.22594109598706652,0.0033416748046875,219,3212,199,3431,3411,65536,40600,0,196608,0.0851287841796875,48,192024,0.9766845703125
d8b1b8fdf7b7f8e78db9b3da,D2,anomaly,canonical,False,"[""melt""]",R4,2.697298288345337,2.060171127319336,1.6943607330322266,True,0.6762678727370893,0.00396728515625,260,1425,252,1685,1677,65536,39984,0,193024,0.04323814655172414,45,180960,0.9375
e7c4839b7c04c852846a8800,D2,anomaly,canonical,False,"[""melt""]",R4,2.4166178703308105,2.060171127319336,1.6943607330322266,True,0.4932412921046733,0.004302978515625,282,1882,276,2164,2158,65536,40800,0,196096,0.054228541122715405,35,153428,0.7824126958224543
ff459de5519f27a8cb717372,D2,anomaly,canonical,False,"[""melt""]",R3,2.900527238845825,2.060171127319336,1.6943607330322266,True,0.46647083782812565,0.0028076171875,184,2627,184,2811,2811,65536,39179,0,189440,0.07286739864864865,31,178416,0.9418074324324325
b88ef2d118cce22b2c6f6b12,D2,anomaly,canonical,False,"[""melt""]",R4,2.4902563095092773,2.060171127319336,1.6943607330322266,True,0.8203550034899073,0.003387451171875,222,1198,222,1420,1420,65536,40596,0,194560,0.036508018092105264,52,148365,0.7625668174342105
ddd9dd1abe20d8d0ae63882e,D2,anomaly,canonical,False,"[""melt""]",R4,2.843142509460449,2.060171127319336,1.6943607330322266,True,0.6569046287540352,0.006195068359375,406,2383,406,2789,2789,65536,40596,0,195584,0.07106409522251309,63,164169,0.8393784767670157
2f970964dab90ea6ebf65ef6,D2,anomaly,canonical,False,"[""melt""]",R4,2.5559678077697754,2.060171127319336,1.6943607330322266,True,0.7083529269606956,0.0032958984375,216,1343,216,1559,1559,65536,39382,0,190464,0.041041876680107524,49,172530,0.9058404737903226
b5d4c77df9634ecb828a64ca,D2,anomaly,canonical,False,"[""melt""]",R2,2.195472478866577,2.060171127319336,1.6943607330322266,True,0.29446644318585646,0.001861572265625,122,1295,99,1417,1394,65536,39780,0,190976,0.0366747654155496,58,163624,0.8567778150134048
65f1164cd43edb4c9aaf3a8e,D2,anomaly,canonical,False,"[""melt""]",R3,2.417302370071411,2.060171127319336,1.6943607330322266,True,0.8076063533510393,0.0021514892578125,141,1281,133,1422,1414,65536,38773,0,187392,0.03778176229508197,47,168002,0.8965270662568307
904d32fddf6e1ee052a5e000,D2,anomaly,canonical,False,"[""melt""]",R2,2.600764036178589,2.060171127319336,1.6943607330322266,True,0.9061464767966245,0.001556396484375,102,1571,95,1673,1666,65536,40596,0,194048,0.04172678924802111,36,159669,0.8228324950527705
96f21f047487f62f50f32ff6,D2,anomaly,canonical,False,"[""melt"", ""scratch""]",R3,2.193977117538452,2.060171127319336,1.6943607330322266,True,0.6205991570209843,0.0025787353515625,169,1578,155,1747,1733,65536,39975,0,190464,0.04461210517473118,46,180736,0.9489247311827957
4f5abf5368f26200d4992a53,D2,anomaly,canonical,False,"[""melt""]",R3,2.899440288543701,2.060171127319336,1.6943607330322266,True,0.6309062905775276,0.0022430419921875,147,1861,140,2008,2001,65536,39780,0,192000,0.051708333333333335,39,176490,0.91921875
cdafe117a8af8b75d42e22e2,D2,anomaly,canonical,False,"[""melt""]",R2,2.1393322944641113,2.060171127319336,1.6943607330322266,True,0.6033049670358561,0.0019378662109375,127,1456,126,1583,1582,65536,41410,0,196608,0.040334065755208336,44,196608,1.0
19c7eaaf7a7c2b71d5da1dc8,D2,anomaly,canonical,False,"[""melt""]",R2,2.015836715698242,2.060171127319336,1.6943607330322266,False,0.20595631158438255,0.0016326904296875,107,1055,99,1162,1154,65536,41208,0,198144,0.028766957364341084,44,188416,0.9509043927648578
4076b6b5665b0bbf381948de,D2,anomaly,canonical,False,"[""melt"", ""scratch""]",R3,2.7224390506744385,2.060171127319336,1.6943607330322266,True,0.6738385982978045,0.00311279296875,204,2148,180,2352,2328,65536,39188,0,192000,0.061911458333333336,49,152775,0.795703125
d179fa18b9c1d78dce355509,D2,anomaly,canonical,False,"[""melt"", ""scratch""]",R3,2.213087558746338,2.060171127319336,1.6943607330322266,True,0.7816220720915925,0.0025482177734375,167,615,167,782,782,65536,39788,0,192000,0.020625,40,192000,1.0
1dcaeae3fbbedfbfa04722ec,D2,anomaly,canonical,False,"[""melt""]",R3,2.4531171321868896,2.060171127319336,1.6943607330322266,True,0.6793440216169655,0.0027923583984375,183,1108,175,1291,1283,65536,40392,0,193024,0.0328715600132626,35,128780,0.6671709217506632
9bd08200d5d939f4a498aae7,D2,anomaly,reversed_180,True,"[""missing""]",R4,2.8347275257110596,2.060171127319336,1.6943607330322266,True,0.27394003117827903,0.016845703125,1104,19104,1104,20208,20208,65536,39770,0,189440,0.5096970016891892,9,184736,0.9751689189189189
2bea857039ef9c03907fb299,D2,anomaly,reversed_180,True,"[""missing""]",R4,2.8405849933624268,2.060171127319336,1.6943607330322266,True,0.37559751246816975,0.017578125,1152,19367,1152,20519,20519,65536,42024,0,198144,0.48975997254521964,13,198144,1.0
0174183097ea8fa63bbe3153,D2,anomaly,canonical,True,"[""missing""]",R4,3.0314815044403076,2.060171127319336,1.6943607330322266,True,0.888382218709332,0.018890380859375,1238,1727,1228,2965,2955,65536,40795,0,193536,0.07327318948412699,31,182226,0.9415612599206349
31656a11b9780d9f8a2fa83f,D2,anomaly,canonical,True,"[""scratch"", ""missing""]",R4,2.624722480773926,2.060171127319336,1.6943607330322266,True,0.8435448199395326,0.0089263916015625,585,4553,565,5138,5118,65536,40800,0,196096,0.12774355417754568,63,157974,0.8055952186684073
846cfdd3fbe431251239629c,D2,anomaly,canonical,True,"[""missing""]",R4,3.127152919769287,2.060171127319336,1.6943607330322266,True,0.8557555419512997,0.0362396240234375,2375,3164,2364,5539,5528,65536,39780,0,192000,0.14015625,27,192000,1.0
8a393ef07e4999ab89669d93,D2,anomaly,canonical,True,"[""missing""]",R4,2.2154061794281006,2.060171127319336,1.6943607330322266,True,0.31631387438716957,0.006195068359375,406,2196,365,2602,2561,65536,39984,0,191488,0.06518946356951871,40,132258,0.6906855782085561
76964f3ab9f7c03b08de6900,D2,anomaly,reversed_180,True,"[""missing""]",R4,2.8920321464538574,2.060171127319336,1.6943607330322266,True,0.4694483444791922,0.03070068359375,2012,18541,2012,20553,20553,65536,41000,0,195072,0.5020043881233596,9,192024,0.984375
bfebbd19caf4dad38fd66eab,D2,anomaly,reversed_180,True,"[""missing""]",R1,2.8748042583465576,2.060171127319336,1.6943607330322266,True,0.0020275523526147527,0.000762939453125,50,20511,50,20561,20561,65536,39975,0,190464,0.5135616179435484,10,190464,1.0
b369595e56e69503f81e4901,D2,anomaly,uncertain,True,"[""scratch"", ""missing""]",R4,2.4922187328338623,2.060171127319336,1.6943607330322266,True,0.0946155134470549,0.0118255615234375,775,1940,226,2715,2166,65536,39964,0,188416,0.055467688519021736,50,131040,0.6954823369565217
2744e38a1b628fcbf2067bd4,D2,anomaly,canonical,True,"[""missing""]",R4,2.2414488792419434,2.060171127319336,1.6943607330322266,True,0.11333890390453966,0.003631591796875,238,1329,90,1567,1419,65536,39780,0,190464,0.036920362903225805,35,131040,0.6880040322580645
e68d2653f5376170791a8674,D2,anomaly,canonical,True,"[""missing""]",R2,2.008967638015747,2.060171127319336,1.6943607330322266,False,0.15584284107501742,0.0017242431640625,113,703,29,816,732,65536,39975,0,190976,0.018824354892761394,33,160535,0.8406030077077749
ead24842cb7981c9674e9d4e,D2,anomaly,canonical,True,"[""missing""]",R3,1.9935671091079712,2.060171127319336,1.6943607330322266,False,0.2981981732060079,0.002288818359375,150,783,100,933,883,65536,39565,0,187904,0.02387389305177112,49,155136,0.8256130790190735
d664d5515d0f8355c2df16ea,D2,anomaly,uncertain,True,"[""missing""]",R4,2.832237243652344,2.060171127319336,1.6943607330322266,True,0.06714228850846024,0.0100250244140625,657,3671,202,4328,3873,65536,47520,0,203776,0.08338077104271356,60,174105,0.8543940405150754
86317f47cc684a4a33717793,D2,anomaly,canonical,True,"[""missing""]",R1,1.9188321828842163,2.060171127319336,1.6943607330322266,False,0.15118074864853456,0.00079345703125,52,899,24,951,923,65536,44280,0,189440,0.02251900337837838,53,158595,0.8371779983108109
e9a182d87ded8090921b62f5,D2,anomaly,uncertain,True,"[""missing""]",R4,2.3825364112854004,2.060171127319336,1.6943607330322266,True,0.15485535893955774,0.0055999755859375,367,1637,180,2004,1817,65536,46438,0,197120,0.040685876623376624,51,136422,0.6920758928571429
a7e7261362d3ab9b5fa975d0,D2,anomaly,canonical,True,"[""missing""]",R1,1.9212415218353271,2.060171127319336,1.6943607330322266,False,0.20870860692761947,0.0010528564453125,69,1006,69,1075,1075,65536,44928,0,192000,0.025192708333333334,46,101088,0.5265
d086b78f683af0d19bb68594,D2,anomaly,canonical,True,"[""missing""]",R1,2.0472028255462646,2.060171127319336,1.6943607330322266,False,0.4817877948531487,0.0008087158203125,53,819,29,872,848,65536,46008,0,197120,0.019247159090909093,41,125934,0.638869724025974
733208e2c25e1af5454d93f2,D2,anomaly,canonical,True,"[""missing""]",R2,1.890070915222168,2.060171127319336,1.6943607330322266,False,0.04634717627549059,0.0015716552734375,103,555,36,658,591,65536,44298,0,193024,0.014272836538461538,35,147580,0.7645681366047745
989748a316d5781c15aa24a6,D2,anomaly,canonical,False,"[""melt""]",R1,2.001406192779541,2.060171127319336,1.6943607330322266,False,0.13215935854836264,0.00054931640625,36,2418,36,2454,2454,65536,45353,0,192512,0.05603806515957447,56,153216,0.7958776595744681
f29f971c989e3457da844b2b,D2,anomaly,canonical,True,"[""missing""]",R4,2.2058119773864746,2.060171127319336,1.6943607330322266,True,0.13282451040839313,0.003997802734375,262,826,91,1088,917,65536,44935,0,194560,0.02128392269736842,27,133665,0.68701171875
f210dd5f4d74b3edf87a8edc,D2,anomaly,canonical,False,"[""melt""]",R1,2.2034554481506348,2.060171127319336,1.6943607330322266,True,0.501196231827516,0.001373291015625,90,619,76,709,695,65536,40194,0,194048,0.018263522427440632,34,152591,0.7863569838390502
e5628e506633f6123990ae36,D2,anomaly,canonical,False,"[""melt""]",R2,2.8157927989959717,2.060171127319336,1.6943607330322266,True,0.6371103564308558,0.0018157958984375,119,1872,119,1991,1991,65536,40590,0,193024,0.05009221651193634,38,157410,0.8154944462864722
7b21e295e4c564254de297cd,D2,anomaly,canonical,False,"[""melt""]",R1,2.379352331161499,2.060171127319336,1.6943607330322266,True,0.8271856719764327,0.001434326171875,94,1066,94,1160,1160,65536,39372,0,187904,0.029935498978201636,34,123114,0.6551962704359673
ab48d54a454beacaf51a6fff,D2,anomaly,canonical,False,"[""melt""]",R2,2.2488973140716553,2.060171127319336,1.6943607330322266,True,0.8554762252392599,0.0016937255859375,111,1827,111,1938,1938,65536,40590,0,192512,0.04951379654255319,51,127449,0.6620314577792553
4a64187887711c775f428d0f,D2,anomaly,canonical,False,"[""melt""]",R3,2.8673160076141357,2.060171127319336,1.6943607330322266,True,0.4836699207978331,0.0027313232421875,179,1593,179,1772,1772,65536,39984,0,192000,0.04544270833333333,34,184875,0.962890625
a37c1228e9ff3279e16377fc,D2,anomaly,canonical,False,"[""melt""]",R3,2.402571201324463,2.060171127319336,1.6943607330322266,True,0.7723869421454359,0.00250244140625,164,1205,164,1369,1369,65536,40392,0,194560,0.03539782072368421,48,148800,0.7648026315789473
5b7bb2dd865c569317014e7a,D2,anomaly,canonical,False,"[""melt""]",R3,2.51904034614563,2.060171127319336,1.6943607330322266,True,0.6774100035176611,0.002288818359375,150,1056,147,1206,1203,65536,39984,0,192512,0.03141622340425532,35,189128,0.982421875
454fde2976c690adb252f174,D2,anomaly,canonical,False,"[""melt""]",R1,2.3255727291107178,2.060171127319336,1.6943607330322266,True,0.10568440287032721,0.00140380859375,92,2526,92,2618,2618,65536,40392,0,194048,0.06704526715039578,58,151686,0.7816931893139841
0cfaf8dea93dc0646a1d60dd,D2,anomaly,canonical,False,"[""melt""]",R2,2.7032439708709717,2.060171127319336,1.6943607330322266,True,0.5853461217320984,0.0016937255859375,111,1085,102,1196,1187,65536,40795,0,193536,0.03001508763227513,33,136030,0.7028666501322751
c4de673e229af6580007c4be,D2,anomaly,canonical,False,"[""melt""]",R1,2.254640817642212,2.060171127319336,1.6943607330322266,True,0.8979758476696348,0.0014801025390625,97,1083,97,1180,1180,65536,39155,0,187392,0.031079234972677595,41,176001,0.9392129866803278
5b26e8174612cbac5bf361c6,D2,anomaly,canonical,False,"[""melt""]",R2,2.467670440673828,2.060171127319336,1.6943607330322266,True,0.8540001699638222,0.0015716552734375,103,795,103,898,898,65536,40385,0,192000,0.02340625,29,149072,0.7764166666666666
d7c7197b3cab34fe93f2fada,D2,anomaly,canonical,False,"[""melt""]",R3,2.4222142696380615,2.060171127319336,1.6943607330322266,True,0.27416299454251675,0.002716064453125,178,2029,175,2207,2204,65536,40180,0,192000,0.05616666666666666,37,136422,0.71053125
bf35ab64688b9cebf87efb76,D2,anomaly,canonical,False,"[""melt""]",R2,2.1166787147521973,2.060171127319336,1.6943607330322266,True,0.7795489919240864,0.0017852783203125,117,1064,115,1181,1179,65536,39975,0,190464,0.03073021673387097,44,144361,0.7579437584005376
696b15fa7935c77bc6332efd,D2,anomaly,canonical,False,"[""melt""]",R1,2.146731376647949,2.060171127319336,1.6943607330322266,True,0.8424086636377215,0.00091552734375,60,1405,60,1465,1465,65536,40188,0,192000,0.03831770833333333,46,172845,0.900234375
78a69a1922ebd38aabe053c8,D2,anomaly,canonical,False,"[""melt""]",R4,2.647442102432251,2.060171127319336,1.6943607330322266,True,0.8098759252046859,0.0037078857421875,243,1418,240,1661,1658,65536,41615,0,196608,0.041356404622395836,36,182364,0.92755126953125
3c5ec43df6b0c27e160df537,D2,anomaly,canonical,False,"[""melt""]",R4,2.5789310932159424,2.060171127319336,1.6943607330322266,True,0.40887419895469823,0.00390625,256,2459,256,2715,2715,65536,41205,0,196096,0.0677729275456919,60,188819,0.962890625
b55803eaf5bb3067295b2cf5,D2,anomaly,canonical,False,"[""melt""]",R1,2.3077950477600098,2.060171127319336,1.6943607330322266,True,0.6670189501497529,0.0013275146484375,87,1212,87,1299,1299,65536,40392,0,193536,0.03335813492063492,43,173877,0.8984219990079365
7c459783721c82f677ac35c7,D2,anomaly,canonical,False,"[""melt""]",R3,2.070619583129883,2.060171127319336,1.6943607330322266,True,0.3588935032756703,0.002593994140625,170,921,155,1091,1076,65536,40194,0,194560,0.027991365131578946,30,176490,0.9071237664473685
ce4859a6c6cd0f9caa9c4564,D2,anomaly,canonical,False,"[""melt""]",R3,2.483290433883667,2.060171127319336,1.6943607330322266,True,0.7277713373171423,0.0024261474609375,159,868,159,1027,1027,65536,39975,0,190464,0.02669795866935484,36,180936,0.9499747983870968
1f6be8b2d2e29e8e8d8952db,D2,anomaly,canonical,False,"[""melt""]",R3,2.3373589515686035,2.060171127319336,1.6943607330322266,True,0.6717889882324766,0.0023651123046875,155,903,151,1058,1054,65536,39360,0,188416,0.028012483016304348,48,120765,0.6409487516983695
68b9e3462b7bb3850fb406a7,D2,anomaly,canonical,False,"[""melt""]",R2,2.2541635036468506,2.060171127319336,1.6943607330322266,True,0.8860456632211049,0.00164794921875,108,636,108,744,744,65536,39788,0,192512,0.02025847739361702,32,157126,0.8161880817819149
2dcc7ada2b6bfab6a91a3742,D2,anomaly,canonical,False,"[""melt""]",R3,2.2802512645721436,2.060171127319336,1.6943607330322266,True,0.5136923088513955,0.002593994140625,170,1849,149,2019,1998,65536,40590,0,193024,0.05083305702917772,41,131385,0.6806666528514589
e29dae89a422801349d5d030,D2,anomaly,canonical,False,"[""melt""]",R1,2.2299249172210693,2.060171127319336,1.6943607330322266,True,0.3180654908406676,0.0008544921875,56,1740,56,1796,1796,65536,43416,0,186368,0.04266826923076923,36,166692,0.8944239354395604
156203b86fd0a31b58234f24,D2,anomaly,canonical,False,"[""melt""]",R1,1.9285587072372437,2.060171127319336,1.6943607330322266,False,0.25181219466929444,0.0011749267578125,77,913,68,990,981,65536,44075,0,190464,0.022854712701612902,30,128310,0.6736706149193549
c5158c1aa4bbc8cbdbd24874,D2,anomaly,canonical,False,"[""melt""]",R4,2.5146729946136475,2.060171127319336,1.6943607330322266,True,0.6300180298997203,0.004119873046875,270,2171,268,2441,2439,65536,45150,0,195584,0.05508630562827225,38,95703,0.4893191672120419
d17c6a6b5114e1294ad9cc22,D2,anomaly,canonical,False,"[""scratch""]",R3,2.2201499938964844,2.060171127319336,1.6943607330322266,True,0.4169718875134343,0.00286865234375,188,1325,188,1513,1513,65536,40994,0,193024,0.03749792771883289,20,140910,0.7300128481432361
6039bd78d688a37977631738,D2,anomaly,canonical,False,"[""scratch""]",R4,2.593798875808716,2.060171127319336,1.6943607330322266,True,0.5915240326761616,0.0039215087890625,257,2200,257,2457,2457,65536,42848,0,201216,0.05836513994910941,47,190791,0.9481900047709924
b12a028d7cef91259468f264,D2,anomaly,canonical,False,"[""scratch""]",R3,3.0278186798095703,2.060171127319336,1.6943607330322266,True,0.36246236482516103,0.0024261474609375,159,2390,159,2549,2549,65536,42228,0,196608,0.061884562174479164,38,146432,0.7447916666666666
8e283e953bb207214a134d47,D2,anomaly,canonical,False,"[""scratch""]",R4,2.6046924591064453,2.060171127319336,1.6943607330322266,True,0.5676150569249181,0.003814697265625,250,1360,244,1610,1604,65536,40180,0,190464,0.04076885920698925,35,129630,0.6806010584677419
9d17ee5e0a75493b8f4210c0,D2,anomaly,canonical,False,"[""scratch""]",R3,2.809611558914185,2.060171127319336,1.6943607330322266,True,0.5237897883665037,0.003143310546875,206,1619,206,1825,1825,65536,42021,0,196096,0.04488617819843342,43,148716,0.7583836488250653
f8d29a19edc548c8cc6e6d89,D2,anomaly,canonical,False,"[""scratch""]",R3,2.4832918643951416,2.060171127319336,1.6943607330322266,True,0.4981089281652302,0.0026397705078125,173,1238,173,1411,1411,65536,41808,0,193536,0.03484106316137566,28,170140,0.8791129298941799
824de58bab8ab9b7d07b673c,D2,anomaly,canonical,False,"[""scratch""]",R3,2.775908946990967,2.060171127319336,1.6943607330322266,True,0.4343678273264879,0.0026702880859375,175,1530,175,1705,1705,65536,40768,0,188416,0.04268215013586957,38,108290,0.5747388756793478
b9bd4f2bc63c2c7651916ea0,D2,anomaly,canonical,False,"[""scratch""]",R4,2.24857497215271,2.060171127319336,1.6943607330322266,True,0.4545773386795519,0.005279541015625,346,1844,341,2190,2185,65536,42228,0,196608,0.053217569986979164,44,183889,0.9353078206380209
fa34ec9ecc44f946a375d974,D2,anomaly,canonical,False,"[""scratch""]",R3,2.619206428527832,2.060171127319336,1.6943607330322266,True,0.629457537013082,0.002593994140625,170,1882,170,2052,2052,65536,41000,0,195072,0.051442544291338585,47,165668,0.8492659120734908
25a492906921005d25cd44b3,D2,anomaly,canonical,False,"[""scratch""]",R4,2.508270740509033,2.060171127319336,1.6943607330322266,True,0.38369712095732794,0.0036468505859375,239,1851,234,2090,2085,65536,40788,0,192000,0.051729166666666666,28,115924,0.6037708333333334
25ec33aab6cc9475a4e49915,D2,anomaly,canonical,False,"[""scratch""]",R4,2.476524353027344,2.060171127319336,1.6943607330322266,True,0.5158654344274896,0.0043792724609375,287,2159,287,2446,2446,65536,40376,0,190464,0.061129662298387094,38,132530,0.6958270329301075
31c82c66a7fccb2763c06c8c,D2,anomaly,canonical,False,"[""melt"", ""scratch""]",R4,2.3472659587860107,2.060171127319336,1.6943607330322266,True,0.30902311045639236,0.0041046142578125,269,3594,253,3863,3847,65536,41406,0,194560,0.09402240953947369,40,146664,0.7538240131578947
56b0ca13e534cebedf32c5c1,D2,anomaly,canonical,False,"[""scratch""]",R3,2.342254638671875,2.060171127319336,1.6943607330322266,True,0.4520278599821066,0.0025482177734375,167,2275,167,2442,2442,65536,40590,0,192512,0.061471492686170214,48,165255,0.858414020944149
ccb69f884e0466da8bf7341e,D2,anomaly,canonical,False,"[""scratch""]",R4,2.438408136367798,2.060171127319336,1.6943607330322266,True,0.6501242242647574,0.0041961669921875,275,2392,275,2667,2667,65536,40180,0,190976,0.06802949061662199,37,155430,0.8138719001340483
166db33b924deb15dc0a50d8,D2,anomaly,canonical,False,"[""scratch""]",R3,3.456488609313965,2.060171127319336,1.6943607330322266,True,0.22100527566551925,0.002655029296875,174,3393,174,3567,3567,65536,41820,0,198144,0.08642199612403101,34,135360,0.6831395348837209
452f2685edcad7b69fecd9b6,D2,normal,canonical,False,[],,2.120065450668335,2.060171127319336,1.6943607330322266,True,,0.0,0,571,0,571,571,65536,42224,0,195584,0.014581969895287959,27,142336,0.7277486910994765
2b6a7d049fa1b9e094d4b1b7,D2,normal,canonical,False,[],,2.0410783290863037,2.060171127319336,1.6943607330322266,False,,0.0,0,1008,0,1008,1008,65536,41607,0,194048,0.02561737302110818,43,164328,0.846842018469657
db2ce9aae41ccd9feda36d97,D2,normal,canonical,False,[],,1.9307669401168823,2.060171127319336,1.6943607330322266,False,,0.0,0,533,0,533,533,65536,40582,0,190976,0.013917979222520107,25,87418,0.4577433813672922
aabb50dfd6fa95309b6e460a,D2,normal,canonical,False,[],,2.2481067180633545,2.060171127319336,1.6943607330322266,True,,0.0,0,469,0,469,469,65536,42021,0,195584,0.012388538939790576,33,142336,0.7277486910994765
02aae52ee66ba6314996782a,D2,normal,canonical,False,[],,1.880619764328003,2.060171127319336,1.6943607330322266,False,,0.0,0,964,0,964,964,65536,42021,0,196096,0.02441661227154047,37,127143,0.6483712059399478
64be38abeac63bef2d999f46,D2,normal,canonical,False,[],,2.001863956451416,2.060171127319336,1.6943607330322266,False,,0.0,0,402,0,402,402,65536,40180,0,190976,0.010304959785522788,21,142296,0.7450988605898123
a44f87b6ff4debf5efe4bd01,D2,normal,canonical,False,[],,1.987324595451355,2.060171127319336,1.6943607330322266,False,,0.0,0,564,0,564,564,65536,41600,0,193024,0.014505968169761274,26,133480,0.691520225464191
0accc51b6cbde741542000fe,D2,normal,canonical,False,[],,1.9779244661331177,2.060171127319336,1.6943607330322266,False,,0.0,0,801,0,801,801,65536,41000,0,194048,0.021376154353562004,41,168434,0.868001731530343
53fe2b96c7614eef9f61e761,D2,normal,canonical,False,[],,1.835979700088501,2.060171127319336,1.6943607330322266,False,,0.0,0,421,0,421,421,65536,42849,0,199168,0.01105599293059126,37,128894,0.6471621947300771
4053335d3bde455cde81acdb,D2,normal,canonical,False,[],,2.014097213745117,2.060171127319336,1.6943607330322266,False,,0.0,0,931,0,931,931,65536,42224,0,195584,0.022915984947643978,35,135468,0.6926333442408377
b86d36c40af62aafb6b0074f,D2,normal,canonical,False,[],,2.02587628364563,2.060171127319336,1.6943607330322266,False,,0.0,0,1018,0,1018,1018,65536,40788,0,192000,0.026244791666666666,42,160952,0.8382916666666667
205a95773fd9f4d7baade61c,D2,normal,canonical,False,[],,2.1263349056243896,2.060171127319336,1.6943607330322266,True,,0.0,0,662,0,662,662,65536,40788,0,191488,0.017008898729946525,29,133560,0.6974849598930482
2dffce1dbe6997fc6f6e3e1b,D2,normal,canonical,False,[],,1.90099573135376,2.060171127319336,1.6943607330322266,False,,0.0,0,425,0,425,425,65536,40788,0,193536,0.011067708333333334,21,119691,0.6184430803571429
375fd2c746b090e60f3f7340,D2,normal,canonical,False,[],,1.9171046018600464,2.060171127319336,1.6943607330322266,False,,0.0,0,496,0,496,496,65536,42435,0,200704,0.012705277423469387,28,135280,0.6740274234693877
f42c89c5f3cc09c28a9b722e,D2,normal,canonical,False,[],,1.872459292411804,2.060171127319336,1.6943607330322266,False,,0.0,0,746,0,746,746,65536,41392,0,192000,0.019828125,46,138431,0.7209947916666667
961755159b280739cc1ba46d,D2,normal,canonical,False,[],,1.9654756784439087,2.060171127319336,1.6943607330322266,False,,0.0,0,497,0,497,497,65536,41808,0,193536,0.013051835317460318,36,179894,0.9295118220899471
56e735259c27809568b70e19,D2,normal,canonical,False,[],,1.8767685890197752,2.060171127319336,1.6943607330322266,False,,0.0,0,521,0,521,521,65536,40376,0,189952,0.01364028807277628,23,142845,0.7520057698787062
b08d5dfe16f0c5e3c2cc69f1,D2,normal,canonical,False,[],,1.8958330154418943,2.060171127319336,1.6943607330322266,False,,0.0,0,599,0,599,599,65536,42848,0,197632,0.014830594235751296,36,147264,0.7451424870466321
550983ee30b980727bb33675,D2,normal,canonical,False,[],,1.90220046043396,2.060171127319336,1.6943607330322266,False,,0.0,0,554,0,554,554,65536,41400,0,193024,0.014366089190981432,36,159330,0.8254413958885941
4ae29c9501c432b69a8cc15e,D2,normal,canonical,False,[],,1.9492982625961304,2.060171127319336,1.6943607330322266,False,,0.0,0,1140,0,1140,1140,65536,40788,0,191488,0.029108873663101605,40,118618,0.6194539605614974
4f15590f560ec8dab6dc09f2,D2,normal,canonical,False,[],,2.0593066215515137,2.060171127319336,1.6943607330322266,False,,0.0,0,1469,0,1469,1469,65536,40800,0,195072,0.03682742782152231,41,136188,0.6981422244094488
ec4e48b6b9adcb98383ae5e7,D2,normal,canonical,False,[],,1.9121071100234983,2.060171127319336,1.6943607330322266,False,,0.0,0,652,0,652,652,65536,42420,0,193536,0.01691158234126984,43,131789,0.6809534143518519
3684efe93fd3b7afa813281f,D2,normal,canonical,False,[],,1.9315288066864016,2.060171127319336,1.6943607330322266,False,,0.0,0,712,0,712,712,65536,41607,0,194560,0.018148643092105263,43,194048,0.9973684210526316
e1f62c6c20085b5c157be757,D2,normal,canonical,False,[],,1.9065732955932615,2.060171127319336,1.6943607330322266,False,,0.0,0,1346,0,1346,1346,65536,40170,0,189440,0.03573163006756757,73,160718,0.8483847128378378
d7df11e6c55823bc9ebf76b0,D2,normal,canonical,False,[],,1.946543574333191,2.060171127319336,1.6943607330322266,False,,0.0,0,746,0,746,746,65536,42849,0,200704,0.019008091517857144,41,159330,0.7938556281887755
ea10de32d4034b13bea5cb13,D2,normal,canonical,False,[],,1.8669168949127195,2.060171127319336,1.6943607330322266,False,,0.0,0,649,0,649,649,65536,40788,0,191488,0.016988009692513368,29,126948,0.6629553810160428
24696494ba3fa35e11bffd53,D2,normal,canonical,False,[],,1.8548052310943604,2.060171127319336,1.6943607330322266,False,,0.0,0,352,0,352,352,65536,40590,0,192512,0.009427983710106383,28,128975,0.6699582363696809
0dafbc81c75425b6d986d52b,D2,normal,canonical,False,[],,1.9730619192123413,2.060171127319336,1.6943607330322266,False,,0.0,0,754,0,754,754,65536,42024,0,197632,0.018655885686528498,30,138474,0.7006658840673575
dc6046917e9e86adee57ce3f,D2,normal,canonical,False,[],,1.9070473909378052,2.060171127319336,1.6943607330322266,False,,0.0,0,952,0,952,952,65536,43681,0,200704,0.02316844706632653,38,150080,0.7477678571428571
372581c3ce28a2517b1109c7,D2,normal,canonical,False,[],,1.8904513120651243,2.060171127319336,1.6943607330322266,False,,0.0,0,230,0,230,230,65536,41612,0,196608,0.006205240885416667,24,97844,0.4976603190104167
098152f95bce223133b4eaf6,D2,normal,canonical,False,[],,1.841997504234314,2.060171127319336,1.6943607330322266,False,,0.0,0,341,0,341,341,65536,41400,0,193024,0.009470324933687003,38,172752,0.8949767904509284
b930a578ee0d8cbee9eabfc5,D2,normal,canonical,False,[],,1.92218017578125,2.060171127319336,1.6943607330322266,False,,0.0,0,268,0,268,268,65536,40376,0,189952,0.0076282429245283015,30,173502,0.9133991745283019
48ad272fcc28e7771d6392e5,D2,normal,canonical,False,[],,2.027799606323242,2.060171127319336,1.6943607330322266,False,,0.0,0,505,0,505,505,65536,40180,0,190464,0.013356854838709678,32,155946,0.8187689012096774
abd28ac017018f790aba3758,D2,normal,canonical,False,[],,1.9137061834335327,2.060171127319336,1.6943607330322266,False,,0.0,0,295,0,295,295,65536,40572,0,188416,0.00798233695652174,21,123542,0.6556874150815217
93c63850a99e3167013fea89,D2,normal,canonical,False,[],,1.881290316581726,2.060171127319336,1.6943607330322266,False,,0.0,0,526,0,526,526,65536,40788,0,192512,0.013760181183510639,34,159236,0.8271484375
d1bd146b3e2c069af7e68092,D2,normal,canonical,False,[],,2.03143310546875,2.060171127319336,1.6943607330322266,False,,0.0,0,802,0,802,802,65536,40376,0,190976,0.020840315013404824,28,131029,0.6861019185656837
156066904c1735208479fb72,D2,normal,canonical,False,[],,1.8998898267745972,2.060171127319336,1.6943607330322266,False,,0.0,0,840,0,840,840,65536,41612,0,196096,0.021132506527415145,35,114405,0.5834132261749347
eecd6eb5060453a25dedb777,D2,normal,canonical,False,[],,1.9802134037017824,2.060171127319336,1.6943607330322266,False,,0.0,0,1075,0,1075,1075,65536,42432,0,196096,0.02623714915143603,39,122395,0.6241585753916449
abd584aa4166098b27ad3783,D2,normal,canonical,False,[],,1.8580451011657717,2.060171127319336,1.6943607330322266,False,,0.0,0,204,0,204,204,65536,40385,0,191488,0.005869819518716578,28,151956,0.7935536430481284
d5b4d184035e0b8f1126f99a,D2,normal,canonical,False,[],,2.0465800762176514,2.060171127319336,1.6943607330322266,False,,0.0,0,1138,0,1138,1138,65536,40788,0,192000,0.028671875,28,127310,0.6630729166666667
35ec358c4f85bbdc6c79646b,D2,normal,canonical,False,[],,1.8846772909164429,2.060171127319336,1.6943607330322266,False,,0.0,0,687,0,687,687,65536,41808,0,194048,0.017655425461741425,56,145408,0.7493403693931399
87ea983f62b27d0f02a72bde,D2,normal,canonical,False,[],,1.8832018375396729,2.060171127319336,1.6943607330322266,False,,0.0,0,436,0,436,436,65536,41184,0,192000,0.0115625,30,165557,0.8622760416666667
9de01ef43dbefdf8c5261a51,D2,normal,canonical,False,[],,1.9409734010696411,2.060171127319336,1.6943607330322266,False,,0.0,0,796,0,796,796,65536,39975,0,189952,0.02141593665768194,41,142263,0.7489418379380054
e194687c728b162906b9c214,D2,normal,canonical,False,[],,1.910045146942139,2.060171127319336,1.6943607330322266,False,,0.0,0,793,0,793,793,65536,41818,0,196608,0.020273844401041668,38,135024,0.686767578125
95cc752fc86f263bfca7d12b,D2,normal,canonical,False,[],,1.8828165531158447,2.060171127319336,1.6943607330322266,False,,0.0,0,987,0,987,987,65536,40170,0,189440,0.02612964527027027,45,131409,0.6936708192567568
d21081ff25bdec6b7b70285d,D2,normal,canonical,False,[],,1.921524167060852,2.060171127319336,1.6943607330322266,False,,0.0,0,433,0,433,433,65536,40376,0,188928,0.011342945460704607,31,127574,0.6752519478319783
66c4aa0948e7b6625b018f38,D2,normal,canonical,False,[],,1.8933607339859009,2.060171127319336,1.6943607330322266,False,,0.0,0,609,0,609,609,65536,41200,0,193536,0.015873015873015872,33,145530,0.751953125
b42b96bcc8da76dd7917b679,D2,normal,canonical,False,[],,1.8606125116348269,2.060171127319336,1.6943607330322266,False,,0.0,0,381,0,381,381,65536,40590,0,193024,0.01039767075596817,34,133010,0.6890852950928382
e15b9790767114a2828c1672,D2,normal,canonical,False,[],,1.878970503807068,2.060171127319336,1.6943607330322266,False,,0.0,0,548,0,548,548,65536,40180,0,190976,0.014096012064343164,27,84665,0.4433279574396783
0be6a9d652c5bc82c5d0a148,D2,normal,canonical,False,[],,2.0478110313415527,2.060171127319336,1.6943607330322266,False,,0.0,0,1072,0,1072,1072,65536,42228,0,196096,0.02641053361618799,40,149941,0.7646305890992167
e00d4ae25bf79e94a10d6503,D2,normal,canonical,False,[],,1.8957951068878176,2.060171127319336,1.6943607330322266,False,,0.0,0,265,0,265,265,65536,41607,0,193536,0.006908275462962963,22,170247,0.8796657986111112
17be65e9b30bb93d48a0c633,D2,normal,canonical,False,[],,1.8452759981155396,2.060171127319336,1.6943607330322266,False,,0.0,0,569,0,569,569,65536,42642,0,198144,0.014186652131782945,29,142636,0.719860303617571
ae2bf0ea32353e5714332a3e,D2,normal,canonical,False,[],,1.8864121437072752,2.060171127319336,1.6943607330322266,False,,0.0,0,830,0,830,830,65536,42436,0,200192,0.0211247202685422,65,179778,0.8980278932225064
f2ebf08071002f3b55c192a2,D2,normal,canonical,False,[],,1.9056925773620603,2.060171127319336,1.6943607330322266,False,,0.0,0,1126,0,1126,1126,65536,42642,0,201728,0.02720494923857868,37,139536,0.6917036802030457
566d247031de1517a7bf7c75,D2,normal,canonical,False,[],,1.9372693300247192,2.060171127319336,1.6943607330322266,False,,0.0,0,1248,0,1248,1248,65536,43890,0,201728,0.029837206535532994,41,160550,0.7958736516497462
14980ec28efed557021b5113,D2,normal,canonical,False,[],,2.055371046066284,2.060171127319336,1.6943607330322266,False,,0.0,0,1553,0,1553,1553,65536,42642,0,199680,0.03807091346153846,46,153816,0.7703125
382bf0865d25414790e9ea61,D2,normal,canonical,False,[],,1.857879400253296,2.060171127319336,1.6943607330322266,False,,0.0,0,266,0,266,266,65536,41607,0,194048,0.0073950775065963065,32,135468,0.6981159300791556
1dd7a0396140bca72ac7681e,D2,normal,canonical,False,[],,1.889964938163757,2.060171127319336,1.6943607330322266,False,,0.0,0,345,0,345,345,65536,40572,0,188928,0.0090722391598916,27,123816,0.6553607723577236
56639c20153c027d1b98e342,D2,normal,canonical,False,[],,1.8824270963668823,2.060171127319336,1.6943607330322266,False,,0.0,0,415,0,415,415,65536,41410,0,196096,0.010948718994778069,38,162825,0.830333102154047
51599afeb8b177237f862bf6,D2,normal,canonical,False,[],,1.9853442907333376,2.060171127319336,1.6943607330322266,False,,0.0,0,491,0,491,491,65536,40180,0,190976,0.01321632037533512,40,155472,0.8140918230563002
7add970b6fffd5a0361046c7,D2,normal,canonical,False,[],,1.9134629964828491,2.060171127319336,1.6943607330322266,False,,0.0,0,515,0,515,515,65536,40788,0,191488,0.013656208221925134,38,105462,0.5507499164438503
622c7a21c4068548b6d75b4f,D2,normal,canonical,False,[],,1.8468430042266848,2.060171127319336,1.6943607330322266,False,,0.0,0,470,0,470,470,65536,40590,0,192512,0.012799202127659575,35,149072,0.7743517287234043
86ba4c2ba433f83d3ef72b7b,D2,normal,canonical,False,[],,1.8415658473968504,2.060171127319336,1.6943607330322266,False,,0.0,0,337,0,337,337,65536,41000,0,194560,0.00888671875,30,135660,0.697265625
1737d9c73fe23cb012799cc8,D2,normal,canonical,False,[],,1.9592379331588743,2.060171127319336,1.6943607330322266,False,,0.0,0,774,0,774,774,65536,43264,0,200192,0.019206561700767264,51,167325,0.8358226102941176
d7ec6afa2fc6caca16d5701c,D2,normal,canonical,False,[],,1.943151831626892,2.060171127319336,1.6943607330322266,False,,0.0,0,427,0,427,427,65536,41200,0,194048,0.011084886213720316,29,135720,0.6994145778364116
1909f465333614830dff44f2,D2,normal,canonical,False,[],,2.053130865097046,2.060171127319336,1.6943607330322266,False,,0.0,0,659,0,659,659,65536,39770,0,188928,0.017043529810298105,21,103950,0.5502096036585366
60fe972d68352e6821269288,D2,normal,canonical,False,[],,1.9147884845733645,2.060171127319336,1.6943607330322266,False,,0.0,0,248,0,248,248,65536,40385,0,191488,0.006799381684491979,36,144530,0.7547731450534759
273cad5f26957e4c7d06f7e3,D2,normal,canonical,False,[],,1.8476157188415527,2.060171127319336,1.6943607330322266,False,,0.0,0,608,0,608,608,65536,40180,0,190464,0.016391549059139785,43,177056,0.9296034946236559
26570c03543a2e6324e09243,D2,normal,canonical,False,[],,2.1539103984832764,2.060171127319336,1.6943607330322266,True,,0.0,0,1144,0,1144,1144,65536,40590,0,192512,0.029390375664893616,41,149301,0.7755412649601063
7e156c1c6f8db3ce7e3ccad0,D2,normal,canonical,False,[],,1.9384788274765017,2.060171127319336,1.6943607330322266,False,,0.0,0,946,0,946,946,65536,40590,0,192512,0.024351728723404256,39,127788,0.6637923869680851
24a02107e447d68b081e46e7,D2,normal,canonical,False,[],,1.8815288543701172,2.060171127319336,1.6943607330322266,False,,0.0,0,908,0,908,908,65536,43472,0,199168,0.022609053663239075,48,166474,0.8358471240359897
ca6447e395d2e4c9a41a9343,D2,normal,canonical,False,[],,1.9083179235458376,2.060171127319336,1.6943607330322266,False,,0.0,0,753,0,753,753,65536,42016,0,195584,0.018871686845549736,31,129195,0.6605601685209425
9af51eeeedd5685174612ad4,D2,normal,canonical,False,[],,1.9795767068862915,2.060171127319336,1.6943607330322266,False,,0.0,0,877,0,877,877,65536,41400,0,193024,0.022266661140583555,40,163548,0.847293600795756
7b451c6c324d6bb30a354118,D2,normal,canonical,False,[],,1.867970585823059,2.060171127319336,1.6943607330322266,False,,0.0,0,201,0,201,201,65536,40582,0,190976,0.005649924597855228,29,112176,0.587382707774799
1af9364f2fa6938fa08d80d7,D2,normal,canonical,False,[],,2.020738363265991,2.060171127319336,1.6943607330322266,False,,0.0,0,1883,0,1883,1883,65536,41406,0,195072,0.04679810531496063,48,156646,0.8030163221784777
ee12763d9a69961a567037e5,D2,normal,canonical,False,[],,1.8575304746627808,2.060171127319336,1.6943607330322266,False,,0.0,0,167,0,167,167,65536,40582,0,190976,0.005026809651474531,29,146421,0.766698433310992
5834ab9c460489057897a4be,D2,normal,canonical,False,[],,1.8737934827804563,2.060171127319336,1.6943607330322266,False,,0.0,0,523,0,523,523,65536,39770,0,188928,0.014672256097560975,57,131789,0.6975620342140921
c6f55ba2051edb1e35f9131c,D2,normal,canonical,False,[],,1.9359995126724243,2.060171127319336,1.6943607330322266,False,,0.0,0,1693,0,1693,1693,65536,43680,0,202240,0.04005636867088608,50,156933,0.7759740901898734
dfb2c185a44a2d33dea3516f,D2,normal,canonical,False,[],,1.976421356201172,2.060171127319336,1.6943607330322266,False,,0.0,0,1044,0,1044,1044,65536,40188,0,192000,0.027833333333333335,54,167796,0.8739375
bbf2be5ae37229d562a5ce85,D2,normal,canonical,False,[],,1.8820165395736697,2.060171127319336,1.6943607330322266,False,,0.0,0,917,0,917,917,65536,40800,0,195584,0.023713596204188482,42,139576,0.713637107329843
cd7d0ca80c321f5f4c0e83ed,D2,normal,canonical,False,[],,1.9020373821258545,2.060171127319336,1.6943607330322266,False,,0.0,0,289,0,289,289,65536,40590,0,193536,0.008024346891534391,25,134514,0.6950334821428571
2662b4037283d35b28570faf,D2,normal,canonical,False,[],,1.993708252906799,2.060171127319336,1.6943607330322266,False,,0.0,0,803,0,803,803,65536,40376,0,190976,0.020468540549597854,27,116298,0.6089665717158177
ef5ec1f69e4986a868b4d224,D2,normal,canonical,False,[],,1.9155213832855225,2.060171127319336,1.6943607330322266,False,,0.0,0,203,0,203,203,65536,41000,0,195072,0.005859375,30,139468,0.714956528871391
781ed00408bb76171df9c478,D2,normal,canonical,False,[],,1.9551026821136477,2.060171127319336,1.6943607330322266,False,,0.0,0,527,0,527,527,65536,40188,0,192512,0.014144572805851064,37,174537,0.9066291971409575
5f1fdd3eda3bda2c26f6b7b4,D2,normal,canonical,False,[],,1.8798452615737915,2.060171127319336,1.6943607330322266,False,,0.0,0,206,0,206,206,65536,40800,0,195584,0.006084342277486911,25,160008,0.8181037303664922
69f74f45bee4081bfa4d94bb,D2,normal,canonical,False,[],,2.0026235580444336,2.060171127319336,1.6943607330322266,False,,0.0,0,284,0,284,284,65536,40180,0,191488,0.008115391042780749,33,143872,0.7513368983957219
17f72ccbd097e9fd071db250,D2,normal,canonical,False,[],,1.9297980070114136,2.060171127319336,1.6943607330322266,False,,0.0,0,183,0,183,183,65536,39984,0,190976,0.005131534852546917,25,134048,0.7019101876675603
30fc45da793691fbfd74e995,D2,normal,canonical,False,[],,1.9322501420974731,2.060171127319336,1.6943607330322266,False,,0.0,0,765,0,765,765,65536,41820,0,198144,0.019909762596899225,46,138431,0.6986383640180879
73f39067f4c09d66b5e9dedf,D2,normal,canonical,False,[],,1.9821040630340576,2.060171127319336,1.6943607330322266,False,,0.0,0,1031,0,1031,1031,65536,39975,0,190976,0.02762650804289544,50,174168,0.9119889410187667
973f2cf5735887a4f3ce1597,D2,normal,canonical,False,[],,2.0048699378967285,2.060171127319336,1.6943607330322266,False,,0.0,0,216,0,216,216,65536,39984,0,192512,0.006030792885638298,22,124020,0.6442195811170213
e4d01f5bb7bf376177f723b4,D2,normal,canonical,False,[],,1.920426845550537,2.060171127319336,1.6943607330322266,False,,0.0,0,1003,0,1003,1003,65536,41004,0,196608,0.025787353515625,49,147870,0.752105712890625
de99daf2757aff1c8cb4ca86,D2,normal,canonical,False,[],,1.85100519657135,2.060171127319336,1.6943607330322266,False,,0.0,0,381,0,381,381,65536,41205,0,196608,0.010284423828125,44,167262,0.850738525390625
48eea2da9c92409f5437f19f,D2,normal,canonical,False,[],,1.969583511352539,2.060171127319336,1.6943607330322266,False,,0.0,0,682,0,682,682,65536,39770,0,189440,0.018406883445945946,45,119340,0.6299619932432432
24bddc73e51fafa8d2e8096c,D2,normal,canonical,False,[],,1.872724175453186,2.060171127319336,1.6943607330322266,False,,0.0,0,291,0,291,291,65536,39984,0,192512,0.008290392287234043,26,141135,0.7331231299867021
3345a7559e85193f82fc78f4,D2,normal,canonical,False,[],,1.9470127820968628,2.060171127319336,1.6943607330322266,False,,0.0,0,1062,0,1062,1062,65536,41820,0,199168,0.026947099935732646,46,161505,0.8108983370822622
096528d5d7875e34d1ce7795,D2,normal,canonical,False,[],,2.014503717422486,2.060171127319336,1.6943607330322266,False,,0.0,0,426,0,426,426,65536,40590,0,193024,0.011040077917771883,20,133196,0.6900489058355438
b2c29250de881ef717620575,D2,normal,canonical,False,[],,1.8528268337249756,2.060171127319336,1.6943607330322266,False,,0.0,0,82,0,82,82,65536,41200,0,194048,0.002638522427440633,21,175570,0.9047761378627969
2f3b3f7aaf40cd0b5e920590,D2,normal,canonical,False,[],,1.8613417148590088,2.060171127319336,1.6943607330322266,False,,0.0,0,149,0,149,149,65536,39155,0,187392,0.004840121243169399,21,130190,0.6947468408469946
926f45ae46975296f27d7760,D2,normal,canonical,False,[],,1.8498470783233645,2.060171127319336,1.6943607330322266,False,,0.0,0,359,0,359,359,65536,40590,0,193536,0.009956803902116403,30,164472,0.8498263888888888
b0da84ae91f95b36bfca45ff,D2,normal,canonical,False,[],,1.8945049047470093,2.060171127319336,1.6943607330322266,False,,0.0,0,604,0,604,604,65536,39984,0,192512,0.016165226063829786,32,157126,0.8161880817819149
